city,age,monthlyIncome,monthlyCoffeeSpend,preferredPriceRange,cluster
Delhi,22.0,12500.0,700.0,950.0,1
Delhi,22.0,12500.0,700.0,950.0,1
Delhi,20.0,12500.0,700.0,400.0,1
Delhi,21.0,12500.0,700.0,950.0,1
New delhi,20.0,48826.8352365416,700.0,270.14288298064747,0
Delhi,19.0,48826.8352365416,568.1544443439732,270.14288298064747,0
Jammu,19.0,48826.8352365416,568.1544443439732,400.0,1
Ranchi,21.0,48826.8352365416,490.0,150.0,0
Mumbai,20.0,48826.8352365416,490.0,400.0,1
Delhi,35.0,48826.8352365416,700.0,270.14288298064747,0
noida,25.0,75000.0,490.0,400.0,1
Delhi,34.0,48826.8352365416,700.0,400.0,1
Kota,69.0,75000.0,700.0,400.0,2
Delhi,21.0,125000.0,4000.0,950.0,2
Delhi,20.0,125000.0,4000.0,150.0,2
Delhi,21.0,48826.8352365416,568.1544443439732,150.0,0
Delhi,21.0,48826.8352365416,2400.0,400.0,2
Delhi,22.0,48826.8352365416,2400.0,950.0,1
Delhi,22.0,48826.8352365416,490.0,150.0,0
Delhi,22.0,48826.8352365416,700.0,400.0,1
Delhi,20.0,48826.8352365416,568.1544443439732,400.0,1
Andman,100.0,125000.0,568.1544443439732,270.14288298064747,2
Delhi,20.0,48826.8352365416,490.0,270.14288298064747,0
Delhi,21.0,12500.0,490.0,400.0,1
Delhi,20.0,48826.8352365416,568.1544443439732,270.14288298064747,0
Dehradun,22.0,48826.8352365416,4000.0,2000.0,1
New delhi,20.0,48826.8352365416,490.0,270.14288298064747,0
Delhi,22.0,12500.0,490.0,950.0,1
Delhi,18.0,125000.0,568.1544443439732,270.14288298064747,2
Delhi,21.0,48826.8352365416,490.0,150.0,0
Delhi,21.0,125000.0,4000.0,2000.0,1
Delhi,30.0,48826.8352365416,490.0,400.0,1
Delhi,30.48743900234954,48826.8352365416,568.1544443439732,270.14288298064747,0
Kanpur,21.0,48826.8352365416,490.0,150.0,0
New Delhi,21.0,48826.8352365416,490.0,400.0,1
Araria,21.0,48826.8352365416,4000.0,2000.0,1
Noida,25.0,75000.0,2400.0,150.0,2
Delhi,27.0,37500.0,490.0,150.0,0
Delhi,20.0,48826.8352365416,490.0,950.0,1
Bihar,18.0,37500.0,700.0,950.0,1
Delhi,21.0,48826.8352365416,490.0,270.14288298064747,0
Delhi,21.0,12500.0,2400.0,400.0,2
Delhi,22.0,48826.8352365416,490.0,150.0,0
Rohtak,30.48743900234954,48826.8352365416,490.0,400.0,1
Delhi,22.0,12500.0,4000.0,400.0,2
Bengaluru,36.0,125000.0,700.0,950.0,1
Delhi,21.0,12500.0,490.0,400.0,1
Noida,45.0,48826.8352365416,490.0,2000.0,1
Delhi,30.48743900234954,48826.8352365416,2400.0,270.14288298064747,2
Delhi,24.0,12500.0,568.1544443439732,150.0,0
New Delhi,30.48743900234954,48826.8352365416,490.0,400.0,1
New delhi,21.0,12500.0,700.0,400.0,1
Delhi,22.0,48826.8352365416,568.1544443439732,270.14288298064747,0
Delhi,34.0,37500.0,490.0,950.0,1
Kanpur,30.48743900234954,48826.8352365416,490.0,950.0,1
Delhi,22.0,48826.8352365416,700.0,950.0,1
Dwarka,25.0,125000.0,4000.0,950.0,2
Delhi,22.0,12500.0,490.0,400.0,1
Delhi,21.0,48826.8352365416,490.0,150.0,0
New Delhi,30.48743900234954,48826.8352365416,568.1544443439732,150.0,0
Delhi,23.0,12500.0,700.0,400.0,1
Delhi,22.0,48826.8352365416,568.1544443439732,400.0,1
Delhi,23.0,48826.8352365416,700.0,950.0,1
Noida,45.0,125000.0,2400.0,950.0,2
Delhi,32.0,37500.0,568.1544443439732,270.14288298064747,0
Delhi,54.0,75000.0,490.0,400.0,1
Delhi,21.0,12500.0,490.0,150.0,0
Delhi,28.0,37500.0,2400.0,950.0,1
Delhi,21.0,125000.0,700.0,400.0,2
delhi,21.0,37500.0,700.0,400.0,1
Greater noida,21.0,48826.8352365416,490.0,270.14288298064747,0
Hyderabad,37.0,75000.0,700.0,950.0,1
Surat,29.0,28100.0,410.0,130.0,0
Chandigarh,38.0,88000.0,1110.0,300.0,2
Jaipur,24.0,83800.0,940.0,130.0,2
Jaipur,36.0,124800.0,1470.0,90.0,2
Hyderabad,18.0,61000.0,230.0,450.0,1
Nagpur,35.0,41200.0,650.0,300.0,0
Patna,34.0,10300.0,310.0,450.0,1
Delhi,33.0,38500.0,200.0,700.0,1
Ahmedabad,28.0,106600.0,1290.0,130.0,2
Pune,24.0,12900.0,320.0,450.0,1
Coimbatore,36.0,42800.0,300.0,90.0,0
Mumbai,23.0,41800.0,650.0,130.0,0
Patna,31.0,10700.0,460.0,300.0,0
Delhi,38.0,73200.0,400.0,130.0,0
Kolkata,39.0,12200.0,310.0,300.0,0
Indore,35.0,27800.0,390.0,90.0,0
Bhopal,41.0,11400.0,160.0,300.0,0
Kolkata,35.0,11100.0,120.0,300.0,0
Hyderabad,28.0,79400.0,540.0,130.0,2
Mumbai,31.0,85000.0,1040.0,700.0,1
Patna,42.0,11500.0,360.0,700.0,1
Chandigarh,27.0,62000.0,830.0,450.0,1
Nagpur,38.0,48700.0,500.0,130.0,0
Chandigarh,34.0,47800.0,620.0,300.0,0
Pune,40.0,40300.0,410.0,300.0,0
Bengaluru,24.0,32800.0,710.0,130.0,0
Bengaluru,22.0,46600.0,810.0,300.0,2
Bengaluru,32.0,71400.0,720.0,450.0,1
Jaipur,46.0,87600.0,930.0,300.0,2
Chennai,42.0,53800.0,1040.0,130.0,2
Mumbai,26.0,29100.0,410.0,300.0,0
Nagpur,41.0,37100.0,460.0,130.0,0
Pune,40.0,52100.0,210.0,300.0,0
Chennai,24.0,44500.0,310.0,130.0,0
Pune,23.0,7500.0,410.0,300.0,0
Delhi,35.0,12800.0,340.0,300.0,0
Mumbai,37.0,89600.0,430.0,90.0,2
Lucknow,28.0,12200.0,440.0,450.0,1
Nagpur,41.0,39600.0,700.0,130.0,0
Chennai,29.0,44100.0,500.0,90.0,0
Pune,18.0,67400.0,1020.0,130.0,2
Jaipur,18.0,32500.0,270.0,700.0,1
Delhi,45.0,68300.0,690.0,450.0,1
Visakhapatnam,34.0,58000.0,1050.0,130.0,2
Patna,24.0,51500.0,210.0,300.0,0
Ahmedabad,45.0,14500.0,800.0,700.0,1
Chandigarh,23.0,22200.0,530.0,130.0,0
Visakhapatnam,28.0,53000.0,590.0,300.0,0
Kolkata,28.0,53400.0,1350.0,300.0,2
Chandigarh,30.0,41400.0,300.0,90.0,0
Mumbai,34.0,79700.0,310.0,450.0,1
Pune,22.0,75400.0,410.0,450.0,1
Delhi,35.0,86200.0,1010.0,450.0,2
Jaipur,35.0,37200.0,480.0,300.0,0
Chennai,35.0,33300.0,140.0,300.0,0
Kolkata,25.0,40700.0,910.0,300.0,2
Hyderabad,41.0,46300.0,260.0,300.0,0
Mumbai,18.0,27800.0,410.0,300.0,0
Mumbai,18.0,61800.0,720.0,450.0,1
Patna,23.0,8100.0,450.0,300.0,0
Visakhapatnam,18.0,28100.0,800.0,130.0,0
Mumbai,40.0,66800.0,570.0,700.0,1
Hyderabad,48.0,80700.0,200.0,700.0,1
Delhi,27.0,95700.0,870.0,130.0,2
Bengaluru,18.0,28900.0,230.0,450.0,1
Bhubaneswar,18.0,43300.0,440.0,130.0,0
Patna,23.0,67400.0,580.0,300.0,2
Ahmedabad,39.0,59300.0,1340.0,300.0,2
Pune,40.0,55300.0,410.0,700.0,1
Bengaluru,36.0,81500.0,550.0,130.0,2
Mumbai,24.0,97100.0,1110.0,450.0,2
Ahmedabad,26.0,52300.0,900.0,90.0,2
Mumbai,28.0,6600.0,180.0,300.0,0
Delhi,28.0,10600.0,180.0,300.0,0
Coimbatore,40.0,12000.0,820.0,130.0,0
Hyderabad,18.0,52500.0,700.0,300.0,2
Bengaluru,44.0,48900.0,990.0,130.0,2
Hyderabad,36.0,27500.0,540.0,450.0,1
Jaipur,30.0,65300.0,900.0,300.0,2
Delhi,23.0,71200.0,580.0,450.0,1
Mumbai,28.0,75800.0,310.0,90.0,0
Hyderabad,40.0,85700.0,920.0,450.0,2
Mumbai,41.0,58200.0,500.0,130.0,0
Chennai,44.0,82200.0,610.0,450.0,2
Jaipur,18.0,27500.0,540.0,90.0,0
Bengaluru,46.0,82800.0,820.0,300.0,2
Jaipur,20.0,37200.0,1000.0,130.0,2
Ahmedabad,28.0,44900.0,1110.0,90.0,2
Kochi,33.0,94300.0,960.0,300.0,2
Kolkata,30.0,7600.0,400.0,300.0,0
Bhubaneswar,23.0,37600.0,370.0,300.0,0
Mumbai,44.0,73500.0,910.0,130.0,2
Bhubaneswar,37.0,38700.0,900.0,300.0,2
Visakhapatnam,27.0,86300.0,470.0,300.0,2
Mumbai,36.0,58400.0,800.0,450.0,1
Ahmedabad,34.0,40700.0,1060.0,300.0,2
Bhubaneswar,39.0,41000.0,660.0,90.0,0
Jaipur,41.0,90700.0,870.0,700.0,1
Surat,19.0,39600.0,640.0,450.0,1
Kochi,42.0,43600.0,430.0,300.0,0
Ahmedabad,41.0,83300.0,470.0,130.0,2
Bengaluru,36.0,27500.0,390.0,300.0,0
Chennai,36.0,74000.0,220.0,90.0,0
Coimbatore,27.0,50900.0,370.0,300.0,0
Pune,24.0,57700.0,490.0,130.0,0
Patna,20.0,52700.0,350.0,450.0,1
Jaipur,36.0,61700.0,430.0,130.0,0
Pune,31.0,81000.0,710.0,130.0,2
Surat,18.0,8400.0,580.0,300.0,0
Ahmedabad,29.0,27700.0,170.0,700.0,1
Coimbatore,36.0,62000.0,450.0,300.0,0
Mumbai,24.0,38700.0,920.0,90.0,2
Chandigarh,18.0,6600.0,310.0,300.0,0
Delhi,23.0,52200.0,800.0,300.0,2
Pune,31.0,94000.0,950.0,450.0,2
Bengaluru,49.0,54000.0,140.0,130.0,0
Lucknow,31.0,56400.0,170.0,90.0,0
Patna,26.0,33000.0,440.0,130.0,0
Bengaluru,34.0,78600.0,680.0,130.0,2
Chandigarh,34.0,13000.0,470.0,300.0,0
Bengaluru,27.0,8700.0,210.0,300.0,0
Indore,35.0,9700.0,150.0,300.0,0
Bengaluru,39.0,13300.0,640.0,130.0,0
Hyderabad,27.0,64300.0,400.0,130.0,0
Chennai,47.0,98300.0,710.0,130.0,2
Kolkata,32.0,42100.0,260.0,90.0,0
Pune,34.0,102900.0,760.0,700.0,1
Indore,24.0,46800.0,320.0,450.0,1
Jaipur,35.0,65000.0,320.0,130.0,0
Visakhapatnam,18.0,37200.0,590.0,90.0,0
Pune,26.0,8100.0,620.0,300.0,0
Chennai,52.0,85200.0,720.0,90.0,2
Ahmedabad,37.0,100100.0,1130.0,130.0,2
Surat,27.0,37400.0,430.0,130.0,0
Nagpur,30.0,85200.0,570.0,300.0,2
Pune,26.0,43700.0,560.0,300.0,0
Hyderabad,29.0,88900.0,1350.0,90.0,2
Hyderabad,44.0,109300.0,990.0,300.0,2
Surat,46.0,56500.0,140.0,130.0,0
Kolkata,38.0,50600.0,550.0,300.0,0
Lucknow,28.0,8100.0,150.0,130.0,0
Coimbatore,25.0,43000.0,150.0,90.0,0
Chennai,30.0,50100.0,740.0,130.0,2
Bengaluru,30.0,52900.0,780.0,130.0,2
Delhi,31.0,9100.0,610.0,300.0,0
Bengaluru,21.0,61700.0,560.0,300.0,2
Jaipur,27.0,41400.0,270.0,300.0,0
Mumbai,26.0,73800.0,560.0,300.0,2
Bengaluru,30.0,14100.0,340.0,90.0,0
Bhubaneswar,35.0,40600.0,470.0,450.0,1
Patna,45.0,119900.0,440.0,130.0,2
Chennai,28.0,43800.0,240.0,300.0,0
Jaipur,22.0,38500.0,540.0,300.0,0
Ahmedabad,18.0,11300.0,230.0,300.0,0
Delhi,27.0,22300.0,270.0,700.0,1
Chennai,30.0,46800.0,160.0,300.0,0
Mumbai,30.0,38200.0,280.0,90.0,0
Surat,36.0,9300.0,410.0,130.0,0
Visakhapatnam,18.0,46200.0,940.0,300.0,2
Patna,32.0,57600.0,350.0,90.0,0
Coimbatore,28.0,66800.0,790.0,90.0,2
Ahmedabad,47.0,12000.0,130.0,300.0,0
Chennai,19.0,59100.0,890.0,300.0,2
Coimbatore,36.0,10900.0,530.0,450.0,1
Mumbai,33.0,72600.0,640.0,130.0,2
Bengaluru,19.0,47600.0,480.0,130.0,0
Mumbai,18.0,29000.0,520.0,450.0,1
Bengaluru,43.0,86900.0,1280.0,700.0,2
Indore,33.0,47700.0,590.0,300.0,0
Pune,44.0,33200.0,710.0,90.0,0
Kolkata,41.0,53200.0,790.0,300.0,2
Chandigarh,34.0,87700.0,1000.0,300.0,2
Ahmedabad,18.0,29100.0,1050.0,300.0,2
Nagpur,20.0,52300.0,640.0,450.0,1
Lucknow,38.0,56600.0,440.0,300.0,0
Jaipur,29.0,57200.0,460.0,90.0,0
Delhi,28.0,73000.0,920.0,130.0,2
Bengaluru,31.0,42700.0,260.0,450.0,1
Surat,33.0,24800.0,450.0,700.0,1
Bengaluru,38.0,11000.0,460.0,130.0,0
Delhi,40.0,7600.0,440.0,300.0,0
Jaipur,35.0,11600.0,150.0,90.0,0
Chennai,37.0,74100.0,1150.0,130.0,2
Hyderabad,46.0,91000.0,480.0,130.0,2
Visakhapatnam,33.0,13900.0,480.0,700.0,1
Mumbai,44.0,98300.0,1310.0,300.0,2
Lucknow,31.0,10400.0,380.0,300.0,0
Lucknow,20.0,72600.0,730.0,90.0,2
Pune,33.0,39900.0,520.0,90.0,0
Bengaluru,27.0,15100.0,400.0,90.0,0
Hyderabad,28.0,48100.0,670.0,130.0,0
Nagpur,23.0,66800.0,240.0,130.0,0
Indore,21.0,71700.0,500.0,450.0,1
Bengaluru,18.0,36400.0,650.0,130.0,0
Ahmedabad,30.0,70300.0,1170.0,700.0,1
Bhubaneswar,34.0,10900.0,520.0,130.0,0
Delhi,27.0,49800.0,410.0,130.0,0
Delhi,36.0,50100.0,220.0,300.0,0
Hyderabad,18.0,9600.0,560.0,300.0,0
Kolkata,24.0,90900.0,1870.0,300.0,2
Chennai,23.0,46300.0,390.0,300.0,0
Bhopal,35.0,29900.0,350.0,90.0,0
Nagpur,30.0,60700.0,1000.0,300.0,2
Delhi,18.0,55000.0,500.0,300.0,0
Bengaluru,18.0,36500.0,180.0,130.0,0
Bengaluru,48.0,61500.0,1230.0,450.0,2
Hyderabad,18.0,103600.0,1220.0,90.0,2
Pune,31.0,59100.0,320.0,130.0,0
Mumbai,26.0,32100.0,710.0,130.0,0
Lucknow,42.0,16800.0,410.0,300.0,0
Bengaluru,37.0,11300.0,160.0,300.0,0
Ahmedabad,22.0,31200.0,720.0,130.0,0
Ahmedabad,18.0,70800.0,540.0,130.0,2
Lucknow,35.0,25500.0,730.0,90.0,0
Lucknow,21.0,45000.0,450.0,130.0,0
Bhopal,20.0,31200.0,260.0,130.0,0
Visakhapatnam,27.0,41200.0,900.0,130.0,2
Ahmedabad,31.0,90600.0,1030.0,700.0,1
Jaipur,24.0,6600.0,520.0,300.0,0
Hyderabad,42.0,39200.0,200.0,300.0,0
Delhi,27.0,12200.0,330.0,700.0,1
Chennai,33.0,30000.0,650.0,700.0,1
Coimbatore,19.0,13500.0,140.0,300.0,0
Ahmedabad,36.0,33300.0,420.0,130.0,0
Visakhapatnam,23.0,72800.0,850.0,700.0,1
Jaipur,21.0,66200.0,150.0,450.0,1
Surat,28.0,9800.0,190.0,300.0,0
Nagpur,46.0,32900.0,400.0,90.0,0
Chandigarh,36.0,11500.0,380.0,130.0,0
Pune,32.0,49600.0,370.0,700.0,1
Ahmedabad,45.0,97700.0,340.0,130.0,2
Surat,41.0,59100.0,500.0,450.0,1
Delhi,26.0,62400.0,470.0,700.0,1
Nagpur,41.0,46100.0,430.0,300.0,0
Hyderabad,18.0,59200.0,530.0,90.0,0
Delhi,22.0,66600.0,400.0,90.0,0
Visakhapatnam,24.0,64500.0,180.0,130.0,0
Mumbai,20.0,75100.0,280.0,90.0,0
Bhopal,42.0,116400.0,750.0,130.0,2
Kolkata,28.0,57400.0,480.0,300.0,0
Lucknow,25.0,44400.0,380.0,90.0,0
Kochi,37.0,15400.0,220.0,90.0,0
Mumbai,36.0,86200.0,610.0,450.0,2
Surat,37.0,109600.0,1070.0,90.0,2
Bhopal,34.0,9000.0,560.0,300.0,0
Pune,37.0,42900.0,360.0,130.0,0
Surat,34.0,41500.0,660.0,90.0,0
Pune,41.0,11300.0,290.0,300.0,0
Bengaluru,40.0,125500.0,470.0,700.0,1
Patna,29.0,35400.0,540.0,130.0,0
Delhi,24.0,84700.0,1120.0,450.0,2
Chandigarh,22.0,13200.0,480.0,300.0,0
Lucknow,39.0,86600.0,550.0,450.0,2
Bengaluru,43.0,57500.0,300.0,130.0,0
Bengaluru,36.0,69900.0,1010.0,90.0,2
Chennai,32.0,105700.0,410.0,450.0,2
Bengaluru,34.0,88000.0,320.0,130.0,2
Chandigarh,23.0,9000.0,190.0,90.0,0
Delhi,32.0,96400.0,620.0,450.0,2
Visakhapatnam,18.0,70300.0,270.0,300.0,0
Bhopal,39.0,44000.0,370.0,90.0,0
Pune,30.0,69400.0,900.0,300.0,2
Pune,41.0,37400.0,660.0,700.0,1
Surat,23.0,46800.0,590.0,90.0,0
Surat,37.0,25300.0,140.0,450.0,1
Kochi,30.0,40900.0,390.0,90.0,0
Mumbai,31.0,10400.0,120.0,300.0,0
Delhi,30.0,27500.0,720.0,90.0,0
Chandigarh,37.0,34100.0,400.0,90.0,0
Bengaluru,26.0,66100.0,290.0,130.0,0
Bengaluru,29.0,7200.0,330.0,130.0,0
Ahmedabad,37.0,48900.0,810.0,130.0,2
Delhi,38.0,10700.0,510.0,90.0,0
Mumbai,18.0,46800.0,260.0,130.0,0
Delhi,32.0,96200.0,520.0,300.0,2
Mumbai,39.0,69000.0,890.0,130.0,2
Indore,31.0,43900.0,480.0,300.0,0
Lucknow,33.0,50400.0,880.0,130.0,2
Mumbai,41.0,59900.0,440.0,450.0,1
Jaipur,20.0,59500.0,460.0,450.0,1
Chennai,33.0,10700.0,460.0,300.0,0
Delhi,28.0,9800.0,180.0,130.0,0
Hyderabad,25.0,51300.0,280.0,90.0,0
Pune,41.0,44300.0,620.0,90.0,0
Mumbai,36.0,70300.0,330.0,450.0,1
Kolkata,18.0,66500.0,540.0,450.0,1
Jaipur,18.0,8900.0,370.0,700.0,1
Hyderabad,37.0,53500.0,660.0,130.0,0
Indore,31.0,56400.0,430.0,450.0,1
Pune,30.0,85800.0,510.0,130.0,2
Bengaluru,39.0,46800.0,440.0,130.0,0
Chennai,37.0,102900.0,850.0,450.0,2
Indore,26.0,42000.0,480.0,300.0,0
Kolkata,22.0,24000.0,600.0,700.0,1
Chennai,19.0,52300.0,370.0,450.0,1
Pune,34.0,118500.0,980.0,130.0,2
Delhi,22.0,38500.0,800.0,90.0,0
Coimbatore,22.0,90800.0,910.0,700.0,1
Bengaluru,33.0,50800.0,640.0,130.0,0
Delhi,23.0,69200.0,730.0,130.0,2
Chandigarh,32.0,47900.0,860.0,130.0,2
Pune,40.0,13500.0,220.0,90.0,0
Delhi,46.0,128200.0,610.0,450.0,2
Visakhapatnam,34.0,82900.0,170.0,130.0,0
Hyderabad,31.0,64100.0,180.0,90.0,0
Mumbai,35.0,78500.0,510.0,130.0,2
Patna,37.0,44700.0,370.0,700.0,1
Hyderabad,18.0,53400.0,740.0,300.0,2
Nagpur,23.0,44200.0,350.0,130.0,0
Bengaluru,36.0,72300.0,780.0,130.0,2
Delhi,30.0,10100.0,220.0,130.0,0
Pune,27.0,64700.0,1240.0,450.0,2
Bengaluru,28.0,63700.0,140.0,300.0,0
Chennai,30.0,55100.0,320.0,300.0,0
Bengaluru,23.0,11300.0,480.0,300.0,0
Bhubaneswar,18.0,76500.0,400.0,700.0,1
Visakhapatnam,25.0,41300.0,750.0,450.0,1
Bhubaneswar,44.0,54600.0,270.0,300.0,0
Ahmedabad,36.0,10000.0,590.0,130.0,0
Kolkata,25.0,9000.0,360.0,300.0,0
Bhubaneswar,44.0,58800.0,720.0,300.0,2
Hyderabad,41.0,50800.0,1110.0,450.0,2
Bengaluru,42.0,67900.0,540.0,90.0,2
Delhi,36.0,99700.0,1110.0,300.0,2
Jaipur,35.0,32100.0,580.0,700.0,1
Lucknow,20.0,6600.0,200.0,90.0,0
Mumbai,50.0,13600.0,530.0,90.0,0
Indore,20.0,46800.0,440.0,90.0,0
Visakhapatnam,38.0,15000.0,420.0,90.0,0
Mumbai,35.0,42400.0,620.0,300.0,0
Ahmedabad,44.0,38000.0,350.0,300.0,0
Mumbai,28.0,64700.0,320.0,130.0,0
Kolkata,24.0,35200.0,260.0,130.0,0
Ahmedabad,18.0,27500.0,410.0,300.0,0
Indore,23.0,59900.0,810.0,300.0,2
Chennai,31.0,84300.0,820.0,130.0,2
Mumbai,31.0,68600.0,1200.0,90.0,2
Mumbai,36.0,14000.0,910.0,130.0,0
Jaipur,24.0,40500.0,370.0,450.0,1
Bengaluru,18.0,36200.0,450.0,300.0,0
Pune,29.0,12600.0,630.0,130.0,0
Kolkata,18.0,21600.0,500.0,300.0,0
Pune,31.0,87800.0,360.0,300.0,2
Kolkata,23.0,46800.0,600.0,130.0,0
Hyderabad,40.0,82400.0,1290.0,300.0,2
Delhi,30.0,46000.0,1310.0,90.0,2
Pune,40.0,54000.0,550.0,300.0,0
Chandigarh,34.0,75900.0,1300.0,90.0,2
Indore,29.0,10500.0,190.0,300.0,0
Bhubaneswar,33.0,57800.0,350.0,700.0,1
Kolkata,34.0,59000.0,180.0,130.0,0
Lucknow,49.0,80800.0,310.0,130.0,0
Jaipur,28.0,77800.0,1000.0,130.0,2
Lucknow,33.0,31400.0,380.0,130.0,0
Chandigarh,34.0,13400.0,410.0,130.0,0
Coimbatore,42.0,12400.0,1090.0,300.0,0
Bhopal,32.0,31200.0,760.0,700.0,1
Coimbatore,30.0,36900.0,350.0,300.0,0
Chennai,51.0,101400.0,1170.0,90.0,2
Bengaluru,22.0,13700.0,450.0,300.0,0
Hyderabad,24.0,50600.0,480.0,90.0,0
Mumbai,24.0,7500.0,220.0,90.0,0
Kolkata,31.0,9400.0,220.0,300.0,0
Bengaluru,42.0,97300.0,1030.0,90.0,2
Kolkata,29.0,53700.0,1080.0,130.0,2
Hyderabad,33.0,54600.0,630.0,130.0,0
Jaipur,34.0,13700.0,670.0,300.0,0
Ahmedabad,25.0,27500.0,500.0,130.0,0
Kolkata,18.0,41400.0,460.0,90.0,0
Hyderabad,25.0,80800.0,820.0,130.0,2
Bengaluru,35.0,41600.0,610.0,300.0,0
Delhi,37.0,10500.0,250.0,450.0,1
Delhi,33.0,34700.0,550.0,90.0,0
Jaipur,19.0,78100.0,440.0,300.0,2
Nagpur,18.0,12900.0,100.0,130.0,0
Delhi,37.0,81600.0,350.0,130.0,2
Mumbai,41.0,94200.0,620.0,450.0,2
Hyderabad,18.0,40600.0,170.0,700.0,1
Mumbai,35.0,53100.0,720.0,300.0,2
Kochi,26.0,61200.0,1010.0,300.0,2
Bengaluru,38.0,67600.0,1180.0,130.0,2
Lucknow,30.0,57800.0,900.0,300.0,2
Pune,18.0,38200.0,110.0,90.0,0
Bengaluru,30.0,22100.0,430.0,300.0,0
Hyderabad,42.0,123600.0,1410.0,450.0,2
Kolkata,23.0,64600.0,1050.0,300.0,2
Bengaluru,37.0,23300.0,410.0,450.0,1
Chennai,27.0,78000.0,540.0,300.0,2
Pune,36.0,75800.0,290.0,450.0,1
Coimbatore,31.0,81900.0,810.0,130.0,2
Mumbai,40.0,54900.0,390.0,450.0,1
Pune,30.0,22400.0,130.0,90.0,0
Coimbatore,37.0,42900.0,510.0,300.0,0
Pune,24.0,44000.0,330.0,130.0,0
Pune,28.0,78700.0,1330.0,300.0,2
Bengaluru,36.0,12800.0,320.0,130.0,0
Hyderabad,31.0,55100.0,790.0,130.0,2
Bhopal,31.0,46300.0,1420.0,450.0,2
Kochi,31.0,10300.0,810.0,130.0,0
Lucknow,23.0,77500.0,1800.0,450.0,2
Surat,37.0,7200.0,410.0,300.0,0
Hyderabad,26.0,10500.0,290.0,130.0,0
Delhi,30.0,73900.0,490.0,90.0,2
Visakhapatnam,34.0,68700.0,870.0,300.0,2
Bhopal,51.0,9700.0,110.0,130.0,0
Kolkata,38.0,89700.0,530.0,130.0,2
Bengaluru,40.0,51700.0,360.0,90.0,0
Mumbai,36.0,44600.0,140.0,450.0,1
Chennai,21.0,33000.0,270.0,700.0,1
Bengaluru,29.0,53300.0,370.0,300.0,0
Ahmedabad,23.0,43400.0,360.0,450.0,1
Lucknow,23.0,7800.0,210.0,90.0,0
Visakhapatnam,45.0,63400.0,480.0,300.0,0
Surat,18.0,49500.0,900.0,130.0,2
Jaipur,28.0,62800.0,590.0,700.0,1
Mumbai,20.0,59100.0,550.0,450.0,1
Kolkata,29.0,37300.0,410.0,90.0,0
Ahmedabad,37.0,12000.0,540.0,90.0,0
Chennai,35.0,42000.0,410.0,300.0,0
Delhi,25.0,11100.0,250.0,130.0,0
Mumbai,43.0,36500.0,670.0,130.0,0
Lucknow,30.0,8900.0,550.0,450.0,1
Chennai,26.0,34100.0,490.0,300.0,0
Mumbai,19.0,9100.0,430.0,130.0,0
Pune,33.0,27100.0,630.0,700.0,1
Jaipur,27.0,46300.0,860.0,300.0,2
Bhopal,22.0,53200.0,800.0,450.0,1
Nagpur,34.0,49100.0,330.0,130.0,0
Jaipur,28.0,78700.0,440.0,450.0,1
Patna,41.0,106200.0,640.0,300.0,2
Chandigarh,39.0,10300.0,380.0,130.0,0
Jaipur,25.0,45800.0,750.0,130.0,0
Jaipur,18.0,40200.0,260.0,300.0,0
Patna,32.0,11300.0,740.0,90.0,0
Patna,26.0,30000.0,550.0,300.0,0
Mumbai,38.0,69300.0,760.0,130.0,2
Ahmedabad,38.0,10000.0,530.0,450.0,1
Pune,20.0,33600.0,590.0,300.0,0
Bengaluru,34.0,37800.0,520.0,90.0,0
Bhopal,36.0,35700.0,1000.0,700.0,1
Bhubaneswar,18.0,87200.0,350.0,450.0,1
Patna,22.0,73800.0,370.0,90.0,0
Hyderabad,33.0,43700.0,290.0,300.0,0
Chennai,35.0,77600.0,500.0,450.0,1
Visakhapatnam,39.0,96100.0,740.0,450.0,2
Bhubaneswar,37.0,47500.0,150.0,130.0,0
Delhi,35.0,50400.0,520.0,700.0,1
Delhi,18.0,34800.0,550.0,450.0,1
Mumbai,30.0,87900.0,1170.0,300.0,2
Hyderabad,29.0,46200.0,280.0,300.0,0
Hyderabad,18.0,29300.0,330.0,130.0,0
Lucknow,34.0,76200.0,640.0,300.0,2
Bengaluru,20.0,41200.0,490.0,130.0,0
Jaipur,27.0,51300.0,400.0,130.0,0
Mumbai,20.0,8900.0,540.0,300.0,0
Jaipur,27.0,85900.0,370.0,450.0,1
Pune,38.0,18200.0,370.0,450.0,1
Patna,31.0,26000.0,460.0,450.0,1
Chennai,24.0,74000.0,680.0,130.0,2
Kochi,25.0,39600.0,430.0,130.0,0
Delhi,37.0,33700.0,590.0,700.0,1
Kolkata,24.0,7500.0,590.0,130.0,0
Coimbatore,32.0,53800.0,470.0,700.0,1
Bengaluru,24.0,46800.0,480.0,300.0,0
Delhi,23.0,54200.0,860.0,300.0,2
Chennai,28.0,22300.0,270.0,300.0,0
Kochi,38.0,65800.0,290.0,700.0,1
Chennai,31.0,77400.0,400.0,450.0,1
Surat,18.0,6600.0,370.0,130.0,0
Lucknow,21.0,29700.0,680.0,90.0,0
Hyderabad,24.0,8700.0,340.0,130.0,0
Bengaluru,24.0,6600.0,400.0,130.0,0
Coimbatore,27.0,42600.0,220.0,300.0,0
Bhubaneswar,21.0,33700.0,580.0,300.0,0
Bengaluru,24.0,108000.0,970.0,300.0,2
Nagpur,30.0,88100.0,220.0,450.0,1
Kochi,31.0,56500.0,530.0,300.0,0
Hyderabad,21.0,27500.0,560.0,90.0,0
Kolkata,23.0,90000.0,1570.0,300.0,2
Ahmedabad,27.0,105100.0,1350.0,300.0,2
Mumbai,18.0,48800.0,510.0,450.0,1
Patna,31.0,48200.0,210.0,130.0,0
Hyderabad,20.0,7300.0,200.0,300.0,0
Pune,24.0,46800.0,380.0,300.0,0
Chennai,38.0,91100.0,1540.0,90.0,2
Hyderabad,27.0,39500.0,890.0,90.0,2
Pune,19.0,30900.0,330.0,90.0,0
Nagpur,26.0,9900.0,220.0,90.0,0
Ahmedabad,25.0,10800.0,220.0,450.0,1
Coimbatore,27.0,9800.0,420.0,300.0,0
Hyderabad,31.0,89700.0,780.0,130.0,2
Pune,31.0,53600.0,440.0,450.0,1
Jaipur,27.0,45900.0,290.0,130.0,0
Bengaluru,33.0,54000.0,610.0,300.0,0
Bengaluru,45.0,92300.0,550.0,450.0,2
Patna,18.0,57500.0,890.0,90.0,2
Bhubaneswar,25.0,28800.0,500.0,450.0,1
Coimbatore,48.0,53800.0,400.0,130.0,0
Surat,40.0,87700.0,770.0,130.0,2
Hyderabad,35.0,50200.0,580.0,130.0,0
Bengaluru,35.0,18600.0,230.0,130.0,0
Delhi,29.0,53600.0,630.0,700.0,1
Bhopal,27.0,53800.0,660.0,90.0,0
Pune,18.0,42800.0,910.0,130.0,2
Pune,23.0,10200.0,440.0,90.0,0
Nagpur,44.0,95300.0,1790.0,450.0,2
Surat,36.0,17300.0,550.0,130.0,0
Bengaluru,27.0,46800.0,320.0,300.0,0
Chandigarh,27.0,6700.0,260.0,450.0,1
Bengaluru,34.0,78100.0,290.0,130.0,0
Delhi,31.0,40000.0,430.0,90.0,0
Kolkata,32.0,41900.0,680.0,300.0,0
Pune,46.0,11100.0,370.0,90.0,0
Nagpur,37.0,87600.0,900.0,130.0,2
Bhubaneswar,34.0,37900.0,220.0,450.0,1
Indore,33.0,90200.0,200.0,300.0,2
Kochi,32.0,47900.0,460.0,300.0,0
Coimbatore,18.0,29900.0,190.0,130.0,0
Bengaluru,35.0,44900.0,680.0,700.0,1
Bhopal,28.0,16200.0,340.0,450.0,1
Mumbai,21.0,38500.0,420.0,450.0,1
Pune,33.0,11500.0,450.0,130.0,0
Mumbai,30.0,6600.0,500.0,700.0,1
Hyderabad,24.0,18600.0,440.0,450.0,1
Mumbai,57.0,70800.0,550.0,300.0,2
Ahmedabad,33.0,62600.0,1040.0,700.0,1
Lucknow,44.0,65500.0,320.0,300.0,0
Bengaluru,45.0,107400.0,780.0,300.0,2
Bengaluru,26.0,64900.0,370.0,300.0,0
Hyderabad,25.0,6700.0,230.0,130.0,0
Delhi,31.0,29500.0,1120.0,130.0,2
Ahmedabad,23.0,8300.0,260.0,450.0,1
Delhi,22.0,28900.0,650.0,130.0,0
Jaipur,20.0,8500.0,520.0,130.0,0
Jaipur,29.0,59600.0,630.0,300.0,2
Mumbai,34.0,65400.0,270.0,300.0,0
Mumbai,18.0,42700.0,280.0,300.0,0
Mumbai,18.0,20400.0,200.0,700.0,1
Pune,29.0,13600.0,340.0,300.0,0
Ahmedabad,21.0,34300.0,650.0,300.0,0
Bengaluru,24.0,52300.0,400.0,450.0,1
Bengaluru,27.0,59500.0,720.0,700.0,1
Ahmedabad,25.0,10600.0,410.0,700.0,1
Ahmedabad,30.0,83100.0,700.0,300.0,2
Coimbatore,25.0,10700.0,530.0,700.0,1
Jaipur,42.0,13500.0,590.0,130.0,0
Bhopal,27.0,58500.0,1010.0,90.0,2
Indore,18.0,8000.0,790.0,300.0,0
Indore,30.0,74500.0,500.0,130.0,2
Hyderabad,18.0,7800.0,520.0,450.0,1
Hyderabad,40.0,56700.0,280.0,130.0,0
Hyderabad,46.0,11500.0,340.0,300.0,0
Patna,20.0,50600.0,420.0,300.0,0
Mumbai,25.0,27000.0,720.0,450.0,1
Lucknow,40.0,48600.0,990.0,130.0,2
Mumbai,35.0,54900.0,840.0,450.0,1
Visakhapatnam,46.0,71900.0,140.0,450.0,1
Pune,31.0,43700.0,790.0,130.0,0
Ahmedabad,26.0,11000.0,1120.0,700.0,1
Mumbai,48.0,47900.0,610.0,130.0,0
Chennai,18.0,24600.0,290.0,300.0,0
Bhopal,36.0,105400.0,440.0,130.0,2
Hyderabad,23.0,41600.0,1020.0,700.0,1
Mumbai,23.0,82800.0,1040.0,700.0,1
Chennai,39.0,107900.0,430.0,90.0,2
Chennai,32.0,60400.0,480.0,450.0,1
Bengaluru,28.0,10000.0,240.0,130.0,0
Mumbai,26.0,28900.0,600.0,300.0,0
Kochi,19.0,57200.0,630.0,90.0,0
Bengaluru,33.0,10000.0,640.0,700.0,1
Pune,29.0,58800.0,470.0,130.0,0
Bhubaneswar,25.0,89000.0,960.0,130.0,2
Delhi,19.0,59100.0,130.0,300.0,0
Lucknow,31.0,27500.0,980.0,90.0,0
Delhi,20.0,32600.0,410.0,130.0,0
Surat,26.0,50900.0,860.0,450.0,1
Pune,31.0,76800.0,960.0,300.0,2
Kochi,44.0,39700.0,240.0,300.0,0
Mumbai,28.0,70200.0,740.0,90.0,2
Bengaluru,40.0,32900.0,250.0,300.0,0
Kochi,32.0,10200.0,200.0,130.0,0
Bhubaneswar,54.0,52800.0,1000.0,130.0,2
Coimbatore,41.0,52600.0,290.0,130.0,0
Pune,36.0,31700.0,880.0,300.0,0
Indore,39.0,12700.0,490.0,300.0,0
Kochi,18.0,35800.0,170.0,300.0,0
Kochi,39.0,103300.0,730.0,130.0,2
Ahmedabad,27.0,23600.0,650.0,130.0,0
Bhubaneswar,23.0,43600.0,240.0,130.0,0
Ahmedabad,38.0,64900.0,850.0,450.0,2
Bhubaneswar,31.0,48400.0,700.0,130.0,0
Ahmedabad,18.0,53200.0,810.0,90.0,2
Pune,23.0,36800.0,310.0,700.0,1
Kolkata,30.0,38800.0,280.0,90.0,0
Mumbai,37.0,51200.0,280.0,450.0,1
Chennai,21.0,40100.0,150.0,130.0,0
Chandigarh,18.0,6600.0,340.0,300.0,0
Jaipur,45.0,56800.0,520.0,300.0,0
Visakhapatnam,18.0,6600.0,190.0,450.0,1
Patna,34.0,39800.0,420.0,130.0,0
Hyderabad,38.0,96000.0,1010.0,450.0,2
Kolkata,28.0,60300.0,560.0,90.0,0
Kochi,35.0,86300.0,460.0,700.0,1
Mumbai,37.0,11800.0,350.0,450.0,1
Surat,36.0,42200.0,830.0,700.0,1
Mumbai,29.0,70000.0,430.0,300.0,2
Coimbatore,18.0,88600.0,1190.0,450.0,2
Hyderabad,37.0,98000.0,320.0,450.0,1
Ahmedabad,41.0,57700.0,410.0,450.0,1
Pune,24.0,39300.0,580.0,700.0,1
Delhi,40.0,55200.0,160.0,90.0,0
Kochi,24.0,59900.0,530.0,90.0,0
Patna,30.0,124600.0,410.0,90.0,2
Bengaluru,38.0,51200.0,590.0,300.0,0
Bengaluru,45.0,9000.0,520.0,90.0,0
Coimbatore,43.0,91800.0,900.0,90.0,2
Chandigarh,31.0,40100.0,400.0,130.0,0
Kolkata,26.0,52100.0,730.0,130.0,2
Ahmedabad,34.0,10900.0,790.0,90.0,0
Kochi,25.0,19300.0,450.0,300.0,0
Visakhapatnam,45.0,47900.0,490.0,90.0,0
Ahmedabad,28.0,30700.0,420.0,300.0,0
Pune,23.0,40900.0,550.0,130.0,0
Indore,27.0,65200.0,340.0,130.0,0
Jaipur,34.0,44300.0,810.0,90.0,0
Chandigarh,44.0,45000.0,330.0,90.0,0
Bengaluru,18.0,76500.0,330.0,300.0,0
Ahmedabad,33.0,81600.0,860.0,300.0,2
Delhi,29.0,40100.0,450.0,450.0,1
Coimbatore,31.0,89000.0,510.0,300.0,2
Kolkata,33.0,26400.0,370.0,130.0,0
Bhubaneswar,38.0,29500.0,470.0,130.0,0
Bengaluru,30.0,6600.0,680.0,700.0,1
Pune,38.0,41900.0,390.0,90.0,0
Chandigarh,39.0,13700.0,200.0,300.0,0
Bengaluru,41.0,107600.0,850.0,300.0,2
Indore,38.0,91300.0,540.0,130.0,2
Chennai,33.0,65100.0,1190.0,700.0,1
Kolkata,21.0,77400.0,740.0,300.0,2
Pune,29.0,34400.0,380.0,700.0,1
Delhi,32.0,75100.0,660.0,300.0,2
Pune,37.0,40200.0,140.0,130.0,0
Coimbatore,25.0,64900.0,1130.0,700.0,1
Pune,36.0,56500.0,320.0,130.0,0
Indore,26.0,42500.0,500.0,130.0,0
Delhi,36.0,53500.0,1000.0,300.0,2
Bengaluru,27.0,8500.0,340.0,300.0,0
Jaipur,25.0,53100.0,470.0,300.0,0
Bengaluru,37.0,90700.0,200.0,300.0,2
Ahmedabad,29.0,40600.0,390.0,90.0,0
Kolkata,40.0,14200.0,190.0,130.0,0
Visakhapatnam,31.0,102900.0,230.0,300.0,2
Delhi,24.0,60100.0,690.0,130.0,2
Bhubaneswar,47.0,13500.0,760.0,130.0,0
Kochi,32.0,60200.0,720.0,300.0,2
Indore,28.0,104300.0,410.0,300.0,2
Chennai,34.0,45400.0,450.0,300.0,0
Jaipur,24.0,10400.0,210.0,130.0,0
Hyderabad,32.0,54600.0,690.0,130.0,2
Lucknow,25.0,88000.0,1210.0,130.0,2
Lucknow,43.0,54200.0,360.0,700.0,1
Pune,25.0,11400.0,430.0,300.0,0
Kolkata,27.0,8900.0,250.0,300.0,0
Hyderabad,38.0,89000.0,1270.0,450.0,2
Visakhapatnam,33.0,65900.0,480.0,90.0,0
Mumbai,32.0,68200.0,280.0,700.0,1
Kolkata,18.0,29700.0,470.0,130.0,0
Delhi,26.0,8000.0,480.0,130.0,0
Pune,31.0,56000.0,670.0,700.0,1
Mumbai,36.0,85200.0,400.0,130.0,2
Delhi,56.0,54400.0,780.0,700.0,1
Indore,28.0,10300.0,460.0,130.0,0
Bengaluru,26.0,60800.0,570.0,300.0,2
Bengaluru,21.0,50400.0,700.0,300.0,2
Delhi,24.0,50300.0,700.0,450.0,1
Visakhapatnam,29.0,27500.0,220.0,300.0,0
Bengaluru,39.0,43200.0,410.0,130.0,0
Coimbatore,19.0,68300.0,280.0,450.0,1
Delhi,40.0,64500.0,1050.0,90.0,2
Ahmedabad,23.0,34000.0,350.0,300.0,0
Kochi,26.0,8500.0,630.0,130.0,0
Hyderabad,33.0,41200.0,600.0,300.0,0
Hyderabad,36.0,11100.0,200.0,450.0,1
Pune,40.0,76900.0,330.0,450.0,1
Pune,39.0,86500.0,510.0,300.0,2
Surat,26.0,65300.0,690.0,300.0,2
Nagpur,38.0,60400.0,410.0,300.0,0
Patna,25.0,63900.0,1610.0,700.0,2
Kochi,38.0,77300.0,410.0,450.0,1
Nagpur,38.0,52800.0,310.0,130.0,0
Pune,28.0,48900.0,680.0,130.0,0
Kochi,26.0,77000.0,570.0,90.0,2
Mumbai,32.0,46800.0,520.0,300.0,0
Mumbai,33.0,88600.0,710.0,300.0,2
Kochi,45.0,88200.0,530.0,450.0,2
Surat,28.0,59600.0,900.0,90.0,2
Mumbai,39.0,10500.0,330.0,90.0,0
Delhi,24.0,34000.0,140.0,300.0,0
Lucknow,35.0,38400.0,230.0,700.0,1
Indore,45.0,61400.0,330.0,90.0,0
Jaipur,19.0,65400.0,350.0,90.0,0
Delhi,18.0,75600.0,1180.0,90.0,2
Kolkata,32.0,45400.0,260.0,130.0,0
Delhi,36.0,30300.0,630.0,700.0,1
Patna,44.0,55900.0,1120.0,450.0,2
Delhi,37.0,60100.0,850.0,300.0,2
Kochi,18.0,51500.0,480.0,130.0,0
Kolkata,38.0,34600.0,220.0,300.0,0
Pune,30.0,78100.0,170.0,130.0,0
Nagpur,42.0,59100.0,220.0,300.0,0
Bengaluru,23.0,86800.0,1230.0,300.0,2
Hyderabad,38.0,58900.0,610.0,90.0,0
Pune,37.0,98600.0,460.0,90.0,2
Delhi,27.0,77900.0,550.0,90.0,2
Delhi,18.0,49700.0,1180.0,130.0,2
Surat,35.0,113400.0,350.0,450.0,2
Mumbai,38.0,10900.0,320.0,130.0,0
Patna,21.0,9200.0,400.0,300.0,0
Jaipur,22.0,48900.0,800.0,300.0,2
Surat,23.0,39800.0,620.0,130.0,0
Bhopal,18.0,38400.0,150.0,700.0,1
Bengaluru,24.0,72000.0,740.0,130.0,2
Hyderabad,42.0,45100.0,290.0,450.0,1
Mumbai,29.0,7300.0,410.0,700.0,1
Chandigarh,34.0,90200.0,890.0,130.0,2
Nagpur,18.0,83900.0,560.0,130.0,2
Ahmedabad,37.0,12300.0,140.0,450.0,1
Delhi,37.0,104300.0,560.0,450.0,2
Bengaluru,45.0,13800.0,430.0,130.0,0
Kolkata,32.0,62200.0,1250.0,300.0,2
Delhi,39.0,43600.0,940.0,300.0,2
Pune,32.0,31900.0,220.0,300.0,0
Indore,33.0,118700.0,1300.0,300.0,2
Lucknow,21.0,30100.0,300.0,130.0,0
Delhi,37.0,86300.0,740.0,130.0,2
Jaipur,20.0,81300.0,740.0,130.0,2
Delhi,37.0,92500.0,710.0,90.0,2
Surat,37.0,31200.0,480.0,130.0,0
Bhopal,40.0,29900.0,370.0,130.0,0
Kolkata,39.0,6600.0,500.0,450.0,1
Kolkata,52.0,10600.0,460.0,130.0,0
Pune,39.0,84700.0,690.0,450.0,2
Delhi,21.0,38300.0,260.0,300.0,0
Ahmedabad,31.0,44100.0,600.0,90.0,0
Delhi,35.0,25000.0,130.0,130.0,0
Indore,18.0,33000.0,940.0,130.0,0
Coimbatore,38.0,10000.0,250.0,700.0,1
Kochi,51.0,40500.0,570.0,300.0,0
Chennai,29.0,28600.0,160.0,130.0,0
Delhi,47.0,93100.0,1150.0,450.0,2
Hyderabad,23.0,12700.0,230.0,450.0,1
Bengaluru,37.0,46800.0,670.0,300.0,0
Chennai,24.0,42800.0,460.0,130.0,0
Lucknow,18.0,95900.0,540.0,450.0,2
Lucknow,34.0,8800.0,580.0,130.0,0
Ahmedabad,38.0,69100.0,650.0,130.0,2
Pune,45.0,127700.0,730.0,300.0,2
Jaipur,45.0,74400.0,430.0,300.0,2
Coimbatore,32.0,77400.0,530.0,130.0,2
Mumbai,35.0,58700.0,510.0,130.0,0
Chennai,40.0,133800.0,720.0,90.0,2
Bengaluru,23.0,59200.0,570.0,130.0,0
Mumbai,33.0,27500.0,100.0,90.0,0
Indore,25.0,60900.0,520.0,130.0,0
Lucknow,39.0,50900.0,1200.0,90.0,2
Indore,32.0,42000.0,470.0,130.0,0
Delhi,33.0,76100.0,590.0,130.0,2
Hyderabad,33.0,67800.0,810.0,300.0,2
Delhi,23.0,65200.0,1290.0,300.0,2
Coimbatore,49.0,61000.0,600.0,450.0,1
Kolkata,32.0,37400.0,390.0,130.0,0
Delhi,20.0,44700.0,890.0,450.0,1
Patna,45.0,63100.0,330.0,300.0,0
Ahmedabad,18.0,43600.0,340.0,450.0,1
Coimbatore,21.0,54500.0,760.0,300.0,2
Hyderabad,29.0,77100.0,360.0,300.0,2
Jaipur,26.0,52300.0,790.0,90.0,2
Patna,25.0,58800.0,720.0,130.0,2
Delhi,30.0,65400.0,620.0,450.0,1
Jaipur,31.0,59000.0,720.0,300.0,2
Visakhapatnam,30.0,7100.0,140.0,300.0,0
Mumbai,37.0,28900.0,840.0,130.0,0
Mumbai,43.0,116800.0,1230.0,450.0,2
Pune,26.0,31000.0,480.0,300.0,0
Delhi,18.0,48200.0,550.0,450.0,1
Lucknow,27.0,30500.0,280.0,130.0,0
Kochi,20.0,70800.0,560.0,90.0,2
Mumbai,45.0,13600.0,360.0,450.0,1
Visakhapatnam,39.0,11900.0,190.0,130.0,0
Lucknow,34.0,12100.0,100.0,700.0,1
Jaipur,18.0,46800.0,390.0,90.0,0
Kolkata,53.0,102800.0,1100.0,130.0,2
Hyderabad,18.0,7900.0,440.0,300.0,0
Bengaluru,33.0,53100.0,790.0,700.0,1
Chennai,30.0,46800.0,1350.0,700.0,1
Delhi,42.0,10300.0,160.0,450.0,1
Chennai,35.0,88400.0,380.0,130.0,2
Mumbai,37.0,111900.0,620.0,130.0,2
Mumbai,36.0,28800.0,750.0,300.0,0
Bengaluru,35.0,34700.0,740.0,300.0,0
Kochi,46.0,46500.0,840.0,300.0,2
Delhi,25.0,29300.0,400.0,300.0,0
Mumbai,52.0,15900.0,570.0,90.0,0
Lucknow,20.0,39800.0,390.0,130.0,0
Indore,32.0,11400.0,190.0,130.0,0
Hyderabad,18.0,19200.0,430.0,300.0,0
Hyderabad,29.0,101600.0,1390.0,700.0,2
Mumbai,37.0,29700.0,400.0,130.0,0
Nagpur,19.0,92500.0,450.0,300.0,2
Bengaluru,32.0,12600.0,470.0,700.0,1
Nagpur,18.0,35200.0,130.0,450.0,1
Chennai,39.0,39800.0,300.0,300.0,0
Indore,37.0,54600.0,720.0,130.0,2
Chennai,37.0,32900.0,230.0,130.0,0
Bhopal,23.0,42200.0,270.0,300.0,0
Bengaluru,36.0,50400.0,420.0,90.0,0
Bhopal,38.0,55100.0,460.0,90.0,0
Nagpur,38.0,93000.0,360.0,300.0,2
Mumbai,32.0,67500.0,410.0,300.0,0
Coimbatore,33.0,27500.0,670.0,130.0,0
Kochi,42.0,15100.0,300.0,300.0,0
Kolkata,43.0,54500.0,620.0,130.0,0
Chennai,18.0,46800.0,820.0,130.0,2
Ahmedabad,30.0,85000.0,1190.0,450.0,2
Lucknow,29.0,120200.0,590.0,90.0,2
Mumbai,24.0,86000.0,1210.0,300.0,2
Bhubaneswar,18.0,51000.0,550.0,90.0,0
Mumbai,18.0,11600.0,630.0,90.0,0
Pune,27.0,63500.0,920.0,450.0,2
Nagpur,45.0,46600.0,620.0,300.0,0
Delhi,33.0,57400.0,270.0,450.0,1
Coimbatore,31.0,70500.0,330.0,130.0,0
Delhi,27.0,75500.0,670.0,130.0,2
Hyderabad,49.0,51700.0,820.0,130.0,2
Nagpur,35.0,80600.0,760.0,130.0,2
Ahmedabad,42.0,65000.0,480.0,450.0,1
Bengaluru,35.0,15800.0,420.0,450.0,1
Patna,47.0,74800.0,1020.0,450.0,2
Chandigarh,24.0,6600.0,470.0,300.0,0
Surat,32.0,56300.0,560.0,300.0,0
Visakhapatnam,48.0,57600.0,210.0,300.0,0
Bengaluru,26.0,78200.0,620.0,130.0,2
Chennai,38.0,32500.0,400.0,700.0,1
Bhopal,21.0,40900.0,410.0,300.0,0
Indore,20.0,85100.0,780.0,130.0,2
Bengaluru,20.0,41700.0,420.0,130.0,0
Bhopal,29.0,46000.0,870.0,300.0,2
Delhi,29.0,45800.0,380.0,300.0,0
Delhi,29.0,65100.0,990.0,130.0,2
Surat,35.0,9600.0,560.0,300.0,0
Visakhapatnam,39.0,10000.0,410.0,450.0,1
Hyderabad,18.0,10100.0,240.0,700.0,1
Nagpur,46.0,46600.0,360.0,450.0,1
Surat,26.0,46800.0,290.0,450.0,1
Mumbai,25.0,10000.0,170.0,700.0,1
Pune,36.0,39200.0,470.0,700.0,1
Delhi,35.0,94600.0,970.0,300.0,2
Jaipur,21.0,52600.0,460.0,130.0,0
Bhubaneswar,50.0,105900.0,860.0,450.0,2
Bengaluru,28.0,44700.0,440.0,130.0,0
Chennai,42.0,42500.0,560.0,130.0,0
Mumbai,38.0,15000.0,330.0,700.0,1
Pune,43.0,10300.0,430.0,130.0,0
Chennai,36.0,51000.0,1070.0,300.0,2
Nagpur,18.0,25100.0,220.0,130.0,0
Chennai,22.0,38500.0,380.0,130.0,0
Patna,48.0,108100.0,1230.0,450.0,2
Pune,38.0,12700.0,200.0,130.0,0
Coimbatore,18.0,6600.0,180.0,450.0,1
Kolkata,25.0,54400.0,600.0,90.0,0
Ahmedabad,36.0,50300.0,430.0,300.0,0
Chennai,34.0,17100.0,240.0,130.0,0
Nagpur,40.0,24100.0,100.0,90.0,0
Kochi,28.0,61700.0,710.0,130.0,2
Chennai,29.0,66900.0,150.0,90.0,0
Delhi,36.0,13600.0,120.0,450.0,1
Surat,33.0,29900.0,330.0,130.0,0
Kolkata,18.0,28800.0,870.0,450.0,1
Bengaluru,30.0,71300.0,760.0,130.0,2
Bhubaneswar,28.0,68900.0,890.0,450.0,2
Lucknow,33.0,46900.0,700.0,300.0,0
Chandigarh,44.0,10400.0,310.0,130.0,0
Bhubaneswar,33.0,88600.0,760.0,450.0,2
Chennai,44.0,48700.0,630.0,300.0,0
Mumbai,34.0,9500.0,360.0,130.0,0
Bengaluru,38.0,88800.0,360.0,130.0,2
Indore,25.0,31700.0,440.0,130.0,0
Chandigarh,26.0,17100.0,250.0,300.0,0
Delhi,24.0,11500.0,290.0,90.0,0
Indore,20.0,73000.0,1000.0,300.0,2
Mumbai,40.0,8400.0,500.0,300.0,0
Delhi,28.0,28800.0,830.0,90.0,0
Nagpur,18.0,28400.0,520.0,450.0,1
Kolkata,31.0,98400.0,510.0,450.0,2
Ahmedabad,32.0,11500.0,190.0,700.0,1
Pune,18.0,29000.0,260.0,130.0,0
Indore,20.0,8500.0,840.0,90.0,0
Coimbatore,31.0,60800.0,450.0,90.0,0
Kolkata,30.0,50100.0,550.0,130.0,0
Bengaluru,25.0,11800.0,230.0,450.0,1
Pune,32.0,62500.0,490.0,130.0,0
Hyderabad,35.0,13500.0,400.0,90.0,0
Chennai,37.0,71500.0,480.0,130.0,2
Nagpur,29.0,42600.0,1010.0,450.0,1
Kolkata,33.0,8400.0,1040.0,130.0,0
Chandigarh,18.0,24800.0,210.0,700.0,1
Nagpur,28.0,58600.0,580.0,300.0,2
Surat,23.0,105100.0,690.0,130.0,2
Kochi,29.0,36700.0,690.0,700.0,1
Bengaluru,25.0,40400.0,420.0,450.0,1
Ahmedabad,34.0,16800.0,960.0,450.0,1
Pune,26.0,37900.0,350.0,300.0,0
Indore,43.0,13500.0,260.0,130.0,0
Chennai,44.0,31300.0,310.0,130.0,0
Mumbai,20.0,29000.0,310.0,130.0,0
Bengaluru,20.0,46500.0,450.0,130.0,0
Jaipur,28.0,40000.0,460.0,300.0,0
Surat,25.0,7900.0,350.0,450.0,1
Bhubaneswar,29.0,59100.0,810.0,130.0,2
Bengaluru,39.0,115300.0,850.0,300.0,2
Bhubaneswar,18.0,50800.0,460.0,700.0,1
Bengaluru,18.0,30200.0,360.0,300.0,0
Hyderabad,39.0,55200.0,780.0,130.0,2
Hyderabad,31.0,84200.0,940.0,700.0,1
Lucknow,32.0,36100.0,440.0,130.0,0
Lucknow,20.0,37100.0,290.0,300.0,0
Ahmedabad,33.0,63400.0,480.0,130.0,0
Mumbai,36.0,68500.0,310.0,700.0,1
Pune,30.0,57500.0,160.0,90.0,0
Kochi,33.0,66900.0,790.0,300.0,2
Kolkata,23.0,27500.0,570.0,130.0,0
Bengaluru,31.0,8700.0,260.0,300.0,0
Indore,31.0,17600.0,240.0,90.0,0
Ahmedabad,26.0,46300.0,370.0,130.0,0
Mumbai,23.0,8800.0,170.0,300.0,0
Chandigarh,33.0,16100.0,480.0,300.0,0
Ahmedabad,36.0,66600.0,470.0,130.0,0
Jaipur,42.0,96700.0,1060.0,300.0,2
Jaipur,36.0,117400.0,610.0,300.0,2
Mumbai,29.0,37700.0,380.0,300.0,0
Lucknow,18.0,43500.0,300.0,450.0,1
Lucknow,18.0,52300.0,250.0,450.0,1
Lucknow,28.0,30500.0,100.0,300.0,0
Delhi,20.0,38500.0,540.0,700.0,1
Delhi,26.0,65100.0,670.0,130.0,2
Hyderabad,30.0,57900.0,340.0,300.0,0
Pune,49.0,13400.0,340.0,90.0,0
Mumbai,27.0,47300.0,200.0,300.0,0
Pune,35.0,48200.0,170.0,90.0,0
Mumbai,32.0,66200.0,460.0,300.0,0
Patna,26.0,40900.0,540.0,130.0,0
Visakhapatnam,28.0,73900.0,1240.0,300.0,2
Jaipur,47.0,9900.0,470.0,300.0,0
Coimbatore,21.0,61100.0,770.0,300.0,2
Lucknow,29.0,48500.0,850.0,450.0,1
Chennai,30.0,94100.0,600.0,300.0,2
Kolkata,18.0,27500.0,400.0,300.0,0
Bengaluru,22.0,6600.0,710.0,130.0,0
Ahmedabad,24.0,42200.0,660.0,450.0,1
Chandigarh,31.0,63400.0,230.0,700.0,1
Ahmedabad,39.0,43000.0,480.0,450.0,1
Pune,33.0,97300.0,1460.0,130.0,2
Ahmedabad,24.0,12700.0,520.0,700.0,1
Mumbai,36.0,13400.0,510.0,130.0,0
Chandigarh,38.0,56100.0,250.0,700.0,1
Mumbai,18.0,54500.0,880.0,130.0,2
Pune,20.0,11700.0,510.0,300.0,0
Bengaluru,30.0,82700.0,1070.0,130.0,2
Kochi,18.0,8400.0,510.0,450.0,1
Mumbai,41.0,57200.0,750.0,450.0,1
Kolkata,25.0,27500.0,370.0,700.0,1
Mumbai,35.0,9300.0,220.0,450.0,1
Pune,40.0,48300.0,680.0,450.0,1
Pune,31.0,64200.0,180.0,90.0,0
Coimbatore,46.0,45500.0,330.0,90.0,0
Bengaluru,45.0,139200.0,1190.0,90.0,2
Delhi,24.0,33300.0,580.0,450.0,1
Delhi,41.0,58300.0,380.0,700.0,1
Bengaluru,36.0,97600.0,650.0,300.0,2
Coimbatore,25.0,81200.0,870.0,130.0,2
Hyderabad,25.0,74000.0,490.0,90.0,2
Surat,33.0,50600.0,730.0,300.0,2
Kolkata,41.0,11900.0,770.0,450.0,1
Bengaluru,26.0,26900.0,400.0,450.0,1
Bhopal,24.0,63300.0,1030.0,130.0,2
Kolkata,31.0,159000.0,2520.0,130.0,2
Ahmedabad,33.0,14600.0,340.0,130.0,0
Kolkata,47.0,54100.0,310.0,130.0,0
Delhi,23.0,55800.0,170.0,300.0,0
Visakhapatnam,18.0,53200.0,490.0,130.0,0
Bhubaneswar,43.0,50300.0,160.0,90.0,0
Visakhapatnam,28.0,108400.0,610.0,300.0,2
Bhubaneswar,34.0,22500.0,290.0,130.0,0
Delhi,28.0,86600.0,380.0,450.0,1
Ahmedabad,28.0,58200.0,340.0,90.0,0
Coimbatore,18.0,40900.0,280.0,300.0,0
Kochi,28.0,44400.0,460.0,130.0,0
Bengaluru,18.0,9800.0,310.0,90.0,0
Mumbai,21.0,60700.0,180.0,130.0,0
Mumbai,33.0,10600.0,330.0,300.0,0
Indore,35.0,27000.0,250.0,130.0,0
Chandigarh,30.0,58600.0,680.0,130.0,2
Indore,26.0,64300.0,870.0,130.0,2
Pune,23.0,71400.0,440.0,700.0,1
Chandigarh,36.0,40600.0,450.0,90.0,0
Indore,31.0,44600.0,650.0,90.0,0
Jaipur,21.0,36800.0,1050.0,450.0,1
Jaipur,43.0,74300.0,530.0,130.0,2
Patna,36.0,11100.0,390.0,90.0,0
Patna,27.0,34100.0,350.0,700.0,1
Chennai,31.0,44100.0,610.0,450.0,1
Chandigarh,18.0,8000.0,220.0,90.0,0
Bhopal,32.0,104900.0,1190.0,90.0,2
Indore,37.0,112100.0,680.0,300.0,2
Hyderabad,43.0,6600.0,770.0,300.0,0
Mumbai,26.0,33900.0,610.0,130.0,0
Chandigarh,39.0,93300.0,1450.0,300.0,2
Jaipur,36.0,59900.0,810.0,130.0,2
Surat,41.0,70700.0,610.0,90.0,2
Jaipur,32.0,85300.0,390.0,700.0,1
Coimbatore,25.0,6600.0,210.0,300.0,0
Hyderabad,30.0,101700.0,1620.0,450.0,2
Bhubaneswar,32.0,35500.0,470.0,450.0,1
Pune,24.0,39700.0,1420.0,130.0,2
Kolkata,23.0,53200.0,810.0,130.0,2
Pune,32.0,107500.0,1200.0,90.0,2
Jaipur,18.0,48200.0,360.0,300.0,0
Indore,26.0,38300.0,220.0,300.0,0
Bengaluru,36.0,41800.0,220.0,130.0,0
Bengaluru,50.0,86800.0,400.0,300.0,2
Mumbai,39.0,9000.0,490.0,90.0,0
Mumbai,32.0,104500.0,210.0,300.0,2
Chennai,34.0,13800.0,550.0,130.0,0
Mumbai,29.0,87600.0,1090.0,90.0,2
Chennai,27.0,99900.0,1010.0,130.0,2
Mumbai,39.0,94800.0,820.0,130.0,2
Chandigarh,31.0,80100.0,1080.0,90.0,2
Pune,44.0,58100.0,300.0,300.0,0
Pune,26.0,30900.0,660.0,130.0,0
Pune,36.0,25300.0,580.0,130.0,0
Mumbai,28.0,27500.0,850.0,450.0,1
Pune,18.0,58400.0,720.0,300.0,2
Bhopal,32.0,62200.0,510.0,90.0,0
Kolkata,18.0,7400.0,780.0,130.0,0
Hyderabad,26.0,23500.0,310.0,700.0,1
Kochi,29.0,12800.0,460.0,300.0,0
Hyderabad,38.0,80800.0,1110.0,130.0,2
Delhi,19.0,45200.0,660.0,300.0,0
Kolkata,27.0,68900.0,200.0,700.0,1
Nagpur,25.0,17000.0,540.0,90.0,0
Bengaluru,18.0,53200.0,1090.0,300.0,2
Lucknow,18.0,15400.0,390.0,300.0,0
Visakhapatnam,38.0,118500.0,1200.0,90.0,2
Delhi,18.0,48800.0,330.0,300.0,0
Pune,40.0,58200.0,300.0,300.0,0
Bengaluru,43.0,82800.0,530.0,130.0,2
Nagpur,38.0,42800.0,790.0,130.0,0
Bhubaneswar,32.0,46400.0,380.0,130.0,0
Pune,31.0,37900.0,120.0,130.0,0
Delhi,33.0,36300.0,730.0,450.0,1
Mumbai,18.0,41000.0,390.0,450.0,1
Kolkata,33.0,101400.0,1420.0,90.0,2
Coimbatore,19.0,24800.0,340.0,130.0,0
Kolkata,30.0,60700.0,700.0,300.0,2
Chandigarh,31.0,43600.0,730.0,450.0,1
Pune,21.0,31100.0,510.0,450.0,1
Delhi,46.0,62800.0,720.0,700.0,1
Kolkata,44.0,98800.0,510.0,450.0,2
Jaipur,22.0,42200.0,230.0,130.0,0
Chandigarh,30.0,59300.0,940.0,130.0,2
Indore,19.0,9400.0,710.0,300.0,0
Hyderabad,39.0,82800.0,670.0,90.0,2
Bengaluru,41.0,80900.0,210.0,130.0,0
Ahmedabad,44.0,12200.0,190.0,700.0,1
Mumbai,19.0,8600.0,490.0,90.0,0
Bengaluru,36.0,69700.0,620.0,130.0,2
Lucknow,28.0,55600.0,260.0,300.0,0
Surat,30.0,38700.0,260.0,130.0,0
Chandigarh,23.0,86400.0,850.0,130.0,2
Mumbai,19.0,10700.0,370.0,300.0,0
Patna,26.0,7800.0,400.0,90.0,0
Jaipur,18.0,46800.0,810.0,130.0,2
Pune,27.0,29100.0,470.0,130.0,0
Ahmedabad,22.0,52300.0,300.0,700.0,1
Bengaluru,24.0,98500.0,480.0,300.0,2
Coimbatore,28.0,23600.0,170.0,130.0,0
Chandigarh,31.0,52100.0,1610.0,130.0,2
Lucknow,35.0,15100.0,260.0,450.0,1
Kolkata,30.0,98000.0,1130.0,90.0,2
Nagpur,30.0,34900.0,510.0,130.0,0
Chandigarh,18.0,27500.0,220.0,90.0,0
Bhopal,18.0,35800.0,700.0,700.0,1
Lucknow,26.0,44400.0,290.0,90.0,0
Lucknow,38.0,99800.0,1050.0,90.0,2
Bhopal,30.0,64200.0,780.0,130.0,2
Delhi,49.0,69000.0,600.0,300.0,2
Kolkata,49.0,84900.0,550.0,130.0,2
Chennai,39.0,102300.0,1870.0,300.0,2
Pune,40.0,32900.0,240.0,300.0,0
Lucknow,29.0,62800.0,330.0,450.0,1
Kochi,32.0,11500.0,290.0,450.0,1
Bengaluru,25.0,55000.0,770.0,300.0,2
Hyderabad,25.0,39300.0,700.0,450.0,1
Ahmedabad,30.0,59600.0,580.0,700.0,1
Bengaluru,33.0,79700.0,290.0,450.0,1
Mumbai,30.0,9800.0,220.0,130.0,0
Patna,35.0,61900.0,670.0,130.0,2
Delhi,29.0,106700.0,740.0,300.0,2
Patna,22.0,38900.0,290.0,700.0,1
Ahmedabad,35.0,94900.0,740.0,130.0,2
Delhi,33.0,27300.0,580.0,300.0,0
Chennai,30.0,48900.0,740.0,700.0,1
Delhi,27.0,11200.0,420.0,450.0,1
Kochi,38.0,46900.0,440.0,90.0,0
Patna,47.0,62600.0,280.0,300.0,0
Coimbatore,41.0,118000.0,360.0,300.0,2
Kochi,43.0,112800.0,580.0,130.0,2
Pune,25.0,31600.0,550.0,700.0,1
Bengaluru,30.0,58000.0,470.0,130.0,0
Jaipur,33.0,29900.0,350.0,130.0,0
Bhubaneswar,18.0,47600.0,770.0,450.0,1
Bengaluru,22.0,52300.0,550.0,90.0,0
Surat,28.0,10400.0,660.0,90.0,0
Bhopal,30.0,11300.0,330.0,300.0,0
Delhi,18.0,63500.0,410.0,130.0,0
Nagpur,29.0,36100.0,510.0,90.0,0
Hyderabad,18.0,99200.0,1340.0,130.0,2
Mumbai,25.0,14400.0,370.0,300.0,0
Bhubaneswar,18.0,49100.0,330.0,450.0,1
Kolkata,24.0,57300.0,1220.0,450.0,2
Nagpur,27.0,12200.0,410.0,300.0,0
Delhi,29.0,10400.0,150.0,130.0,0
Surat,37.0,75100.0,790.0,90.0,2
Bengaluru,40.0,72000.0,290.0,130.0,0
Patna,44.0,69400.0,1120.0,700.0,1
Coimbatore,26.0,12600.0,380.0,300.0,0
Mumbai,26.0,99200.0,490.0,300.0,2
Delhi,37.0,51100.0,1040.0,300.0,2
Jaipur,34.0,10100.0,300.0,90.0,0
Nagpur,26.0,6600.0,760.0,90.0,0
Kochi,29.0,42000.0,540.0,700.0,1
Ahmedabad,30.0,14900.0,280.0,300.0,0
Surat,33.0,86000.0,570.0,300.0,2
Chennai,19.0,69800.0,300.0,130.0,0
Lucknow,28.0,81300.0,1020.0,300.0,2
Lucknow,39.0,90300.0,360.0,300.0,2
Mumbai,25.0,48700.0,240.0,90.0,0
Mumbai,18.0,7600.0,360.0,700.0,1
Bengaluru,32.0,33600.0,190.0,700.0,1
Delhi,39.0,45800.0,730.0,450.0,1
Chennai,19.0,46800.0,390.0,90.0,0
Delhi,38.0,12700.0,710.0,300.0,0
Pune,26.0,72900.0,1080.0,300.0,2
Delhi,33.0,60000.0,520.0,130.0,0
Bhubaneswar,37.0,54400.0,180.0,90.0,0
Surat,27.0,8500.0,210.0,300.0,0
Delhi,46.0,62300.0,310.0,700.0,1
Mumbai,34.0,86000.0,680.0,130.0,2
Delhi,29.0,26100.0,750.0,450.0,1
Kochi,49.0,57800.0,530.0,450.0,1
Kolkata,25.0,69200.0,260.0,90.0,0
Bengaluru,38.0,73600.0,920.0,300.0,2
Surat,24.0,38100.0,790.0,300.0,0
Hyderabad,19.0,34100.0,180.0,90.0,0
Coimbatore,31.0,92100.0,1260.0,450.0,2
Mumbai,37.0,70900.0,760.0,300.0,2
Coimbatore,28.0,109600.0,900.0,450.0,2
Ahmedabad,24.0,59400.0,500.0,130.0,0
Patna,36.0,52400.0,460.0,90.0,0
Pune,42.0,99500.0,370.0,90.0,2
Jaipur,33.0,11600.0,320.0,300.0,0
Ahmedabad,44.0,107700.0,670.0,700.0,1
Indore,23.0,43200.0,560.0,300.0,0
Lucknow,34.0,25700.0,200.0,130.0,0
Lucknow,20.0,11800.0,240.0,130.0,0
Pune,31.0,42500.0,350.0,300.0,0
Kolkata,35.0,16700.0,220.0,300.0,0
Delhi,21.0,6600.0,100.0,300.0,0
Mumbai,50.0,14400.0,520.0,130.0,0
Delhi,37.0,49300.0,800.0,130.0,2
Kolkata,33.0,37600.0,120.0,300.0,0
Lucknow,25.0,8900.0,230.0,450.0,1
Pune,32.0,66800.0,690.0,300.0,2
Bengaluru,32.0,6800.0,700.0,130.0,0
Jaipur,36.0,78100.0,520.0,90.0,2
Hyderabad,35.0,117700.0,880.0,130.0,2
Jaipur,28.0,29800.0,410.0,300.0,0
Mumbai,18.0,12200.0,160.0,130.0,0
Bengaluru,18.0,39400.0,220.0,130.0,0
Nagpur,23.0,11000.0,370.0,90.0,0
Hyderabad,23.0,27300.0,220.0,90.0,0
Mumbai,32.0,92100.0,370.0,90.0,2
Bengaluru,32.0,8400.0,280.0,300.0,0
Chennai,18.0,10100.0,310.0,130.0,0
Mumbai,20.0,44600.0,500.0,90.0,0
Surat,30.0,43300.0,1120.0,90.0,2
Mumbai,25.0,38900.0,260.0,90.0,0
Mumbai,34.0,64400.0,1040.0,90.0,2
Kolkata,26.0,11500.0,550.0,300.0,0
Surat,22.0,36900.0,820.0,90.0,0
Mumbai,39.0,57100.0,950.0,300.0,2
Pune,24.0,76300.0,1210.0,450.0,2
Nagpur,29.0,38400.0,360.0,450.0,1
Hyderabad,25.0,9600.0,400.0,130.0,0
Ahmedabad,37.0,15900.0,490.0,90.0,0
Mumbai,34.0,14600.0,1110.0,90.0,0
Hyderabad,39.0,48600.0,1290.0,700.0,1
Chandigarh,24.0,40100.0,420.0,450.0,1
Bhubaneswar,33.0,37600.0,340.0,450.0,1
Indore,35.0,45900.0,850.0,130.0,2
Delhi,25.0,50100.0,350.0,90.0,0
Pune,30.0,37700.0,750.0,300.0,0
Jaipur,33.0,11900.0,220.0,450.0,1
Bengaluru,18.0,67700.0,1070.0,130.0,2
Bhubaneswar,25.0,76600.0,460.0,300.0,2
Chandigarh,23.0,6600.0,520.0,130.0,0
Delhi,39.0,36900.0,720.0,90.0,0
Surat,47.0,106200.0,700.0,300.0,2
Kochi,37.0,53900.0,640.0,450.0,1
Delhi,29.0,11800.0,270.0,130.0,0
Ahmedabad,31.0,88000.0,490.0,90.0,2
Ahmedabad,18.0,75500.0,210.0,90.0,0
Bhubaneswar,21.0,27100.0,230.0,300.0,0
Coimbatore,31.0,27500.0,380.0,90.0,0
Chennai,20.0,79400.0,600.0,130.0,2
Bengaluru,35.0,31600.0,510.0,300.0,0
Nagpur,18.0,57900.0,1020.0,130.0,2
Chandigarh,47.0,52500.0,480.0,700.0,1
Jaipur,43.0,89100.0,1360.0,300.0,2
Patna,28.0,7600.0,550.0,450.0,1
Bhopal,18.0,49800.0,780.0,300.0,2
Bhopal,18.0,79100.0,1190.0,300.0,2
Kolkata,24.0,79200.0,530.0,300.0,2
Hyderabad,32.0,109600.0,620.0,130.0,2
Nagpur,23.0,69700.0,550.0,300.0,2
Ahmedabad,24.0,34900.0,720.0,90.0,0
Kolkata,38.0,63200.0,1350.0,450.0,2
Surat,30.0,100600.0,370.0,450.0,2
Delhi,40.0,84400.0,750.0,90.0,2
Lucknow,40.0,69700.0,610.0,300.0,2
Chennai,34.0,43700.0,460.0,130.0,0
Kolkata,20.0,37800.0,410.0,300.0,0
Delhi,32.0,56600.0,1330.0,450.0,2
Pune,30.0,54100.0,470.0,300.0,0
Ahmedabad,40.0,29000.0,340.0,130.0,0
Hyderabad,18.0,40200.0,180.0,300.0,0
Nagpur,30.0,12400.0,420.0,90.0,0
Bengaluru,28.0,8800.0,420.0,130.0,0
Delhi,34.0,107100.0,590.0,450.0,2
Bengaluru,28.0,93900.0,1070.0,90.0,2
Hyderabad,35.0,13500.0,260.0,300.0,0
Jaipur,25.0,21200.0,600.0,90.0,0
Ahmedabad,19.0,54600.0,570.0,450.0,1
Ahmedabad,22.0,87000.0,570.0,300.0,2
Jaipur,47.0,30200.0,290.0,300.0,0
Delhi,51.0,50800.0,490.0,700.0,1
Hyderabad,40.0,57200.0,710.0,300.0,2
Chennai,25.0,27700.0,530.0,130.0,0
Chennai,35.0,107500.0,590.0,130.0,2
Kolkata,38.0,39500.0,400.0,90.0,0
Bhubaneswar,48.0,13000.0,180.0,300.0,0
Bhopal,45.0,45800.0,280.0,300.0,0
Ahmedabad,32.0,102900.0,830.0,130.0,2
Pune,33.0,55300.0,160.0,130.0,0
Kolkata,27.0,6600.0,640.0,300.0,0
Bengaluru,25.0,8600.0,660.0,300.0,0
Indore,19.0,39400.0,320.0,130.0,0
Bengaluru,18.0,47800.0,1470.0,300.0,2
Coimbatore,28.0,55900.0,290.0,90.0,0
Mumbai,18.0,27500.0,740.0,300.0,0
Jaipur,45.0,60200.0,460.0,130.0,0
Chennai,47.0,44100.0,620.0,130.0,0
Bhopal,24.0,33000.0,250.0,130.0,0
Kolkata,53.0,11500.0,330.0,300.0,0
Hyderabad,49.0,44300.0,530.0,130.0,0
Indore,35.0,48100.0,630.0,130.0,0
Nagpur,38.0,10400.0,850.0,130.0,0
Hyderabad,31.0,90400.0,400.0,130.0,2
Bengaluru,18.0,7900.0,670.0,450.0,1
Delhi,20.0,63700.0,410.0,130.0,0
Bhubaneswar,22.0,30600.0,710.0,130.0,0
Chennai,27.0,76300.0,1020.0,450.0,2
Bengaluru,42.0,48800.0,660.0,450.0,1
Coimbatore,18.0,39400.0,840.0,130.0,0
Chennai,24.0,54400.0,430.0,700.0,1
Bhubaneswar,35.0,44300.0,390.0,300.0,0
Coimbatore,22.0,71900.0,680.0,90.0,2
Hyderabad,29.0,36100.0,520.0,300.0,0
Bhubaneswar,36.0,58200.0,550.0,130.0,0
Ahmedabad,33.0,11300.0,1190.0,130.0,0
Pune,33.0,13400.0,920.0,450.0,1
Nagpur,26.0,72600.0,320.0,90.0,0
Coimbatore,39.0,85100.0,1130.0,700.0,1
Bhubaneswar,19.0,52300.0,190.0,300.0,0
Jaipur,44.0,85900.0,640.0,450.0,2
Visakhapatnam,44.0,53000.0,500.0,300.0,0
Hyderabad,42.0,64600.0,480.0,130.0,0
Lucknow,18.0,67000.0,1030.0,130.0,2
Chandigarh,23.0,59400.0,450.0,130.0,0
Bengaluru,29.0,72400.0,1070.0,450.0,2
Delhi,34.0,115100.0,480.0,300.0,2
Kolkata,23.0,69500.0,420.0,700.0,1
Mumbai,21.0,52300.0,830.0,130.0,2
Delhi,26.0,33300.0,450.0,450.0,1
Bengaluru,22.0,73700.0,670.0,300.0,2
Bengaluru,31.0,55600.0,910.0,300.0,2
Chandigarh,28.0,61300.0,650.0,300.0,2
Surat,22.0,50500.0,760.0,130.0,2
Delhi,24.0,61800.0,620.0,450.0,1
Delhi,29.0,46600.0,390.0,300.0,0
Chennai,31.0,31100.0,480.0,700.0,1
Jaipur,27.0,7100.0,270.0,90.0,0
Pune,23.0,28800.0,570.0,700.0,1
Pune,26.0,44000.0,820.0,130.0,2
Mumbai,32.0,37400.0,650.0,300.0,0
Delhi,18.0,51500.0,230.0,130.0,0
Delhi,18.0,113300.0,1540.0,450.0,2
Kochi,36.0,88900.0,720.0,130.0,2
Bengaluru,28.0,7000.0,380.0,300.0,0
Lucknow,39.0,49800.0,1100.0,90.0,2
Bengaluru,19.0,10000.0,940.0,300.0,0
Delhi,25.0,27800.0,790.0,700.0,1
Patna,31.0,41900.0,420.0,450.0,1
Indore,18.0,6600.0,370.0,300.0,0
Mumbai,32.0,104100.0,500.0,450.0,2
Ahmedabad,19.0,40500.0,500.0,300.0,0
Bengaluru,29.0,69600.0,280.0,300.0,0
Pune,32.0,34800.0,940.0,450.0,1
Kochi,38.0,28800.0,660.0,300.0,0
Pune,24.0,63500.0,630.0,300.0,2
Pune,48.0,16400.0,250.0,130.0,0
Lucknow,45.0,13800.0,220.0,300.0,0
Jaipur,24.0,34900.0,360.0,300.0,0
Lucknow,36.0,10600.0,510.0,90.0,0
Mumbai,23.0,9100.0,330.0,450.0,1
Pune,37.0,52500.0,310.0,130.0,0
Kolkata,37.0,40500.0,840.0,130.0,0
Chennai,36.0,44900.0,330.0,300.0,0
Jaipur,37.0,52300.0,500.0,130.0,0
Mumbai,22.0,52300.0,700.0,300.0,2
Bhopal,30.0,38500.0,640.0,300.0,0
Coimbatore,27.0,48900.0,410.0,90.0,0
Pune,30.0,95500.0,610.0,90.0,2
Delhi,29.0,87800.0,990.0,450.0,2
Surat,18.0,62800.0,680.0,450.0,1
Surat,22.0,8100.0,280.0,300.0,0
Indore,43.0,76200.0,1020.0,300.0,2
Ahmedabad,30.0,66100.0,600.0,300.0,2
Pune,34.0,13800.0,150.0,130.0,0
Chennai,19.0,46800.0,250.0,130.0,0
Visakhapatnam,41.0,36900.0,470.0,450.0,1
Mumbai,34.0,45200.0,580.0,130.0,0
Lucknow,35.0,63600.0,340.0,700.0,1
Nagpur,35.0,49100.0,580.0,130.0,0
Hyderabad,36.0,72400.0,640.0,90.0,2
Bengaluru,20.0,73500.0,1010.0,300.0,2
Hyderabad,26.0,6600.0,470.0,90.0,0
Lucknow,51.0,13200.0,650.0,130.0,0
Bengaluru,18.0,55900.0,380.0,450.0,1
Bhopal,25.0,6600.0,180.0,130.0,0
Chennai,33.0,11000.0,330.0,130.0,0
Hyderabad,25.0,9900.0,420.0,700.0,1
Mumbai,44.0,117000.0,740.0,700.0,1
Kolkata,20.0,27500.0,330.0,300.0,0
Bengaluru,20.0,58500.0,760.0,130.0,2
Mumbai,31.0,88900.0,380.0,450.0,1
Jaipur,38.0,81000.0,520.0,300.0,2
Lucknow,44.0,44000.0,540.0,130.0,0
Bengaluru,39.0,52300.0,180.0,130.0,0
Hyderabad,31.0,79600.0,300.0,300.0,0
Mumbai,41.0,60300.0,620.0,130.0,2
Bhopal,18.0,56700.0,430.0,300.0,0
Bengaluru,29.0,9400.0,170.0,700.0,1
Bengaluru,30.0,27500.0,290.0,450.0,1
Pune,38.0,29400.0,550.0,90.0,0
Lucknow,39.0,56300.0,530.0,450.0,1
Indore,41.0,47400.0,560.0,130.0,0
Delhi,30.0,63100.0,550.0,450.0,1
Bengaluru,26.0,52600.0,510.0,300.0,0
Chandigarh,26.0,30200.0,370.0,130.0,0
Surat,28.0,46800.0,290.0,450.0,1
Delhi,36.0,65800.0,880.0,300.0,2
Bengaluru,40.0,68000.0,310.0,130.0,0
Mumbai,34.0,50400.0,550.0,90.0,0
Jaipur,25.0,8500.0,260.0,700.0,1
Lucknow,18.0,37500.0,1020.0,90.0,2
Surat,37.0,9900.0,790.0,450.0,1
Indore,18.0,109600.0,530.0,130.0,2
Mumbai,34.0,13300.0,440.0,700.0,1
Delhi,26.0,87900.0,1420.0,130.0,2
Hyderabad,35.0,10900.0,400.0,90.0,0
Pune,20.0,76100.0,440.0,450.0,1
Bengaluru,39.0,49700.0,700.0,700.0,1
Delhi,28.0,28000.0,570.0,130.0,0
Pune,32.0,68100.0,510.0,450.0,1
Delhi,18.0,27500.0,470.0,130.0,0
Ahmedabad,44.0,74600.0,340.0,300.0,0
Pune,34.0,59600.0,490.0,90.0,0
Hyderabad,32.0,82600.0,1050.0,300.0,2
Jaipur,32.0,51300.0,1110.0,130.0,2
Pune,41.0,99100.0,820.0,300.0,2
Hyderabad,27.0,95100.0,1590.0,300.0,2
Delhi,18.0,21200.0,740.0,300.0,0
Bengaluru,18.0,25800.0,1510.0,300.0,2
Ahmedabad,33.0,8100.0,450.0,90.0,0
Patna,35.0,8600.0,110.0,130.0,0
Chandigarh,23.0,45400.0,550.0,300.0,0
Delhi,29.0,56400.0,780.0,700.0,1
Surat,24.0,52800.0,160.0,300.0,0
Mumbai,19.0,46800.0,390.0,130.0,0
Chandigarh,39.0,10900.0,120.0,450.0,1
Coimbatore,25.0,13000.0,110.0,130.0,0
Kochi,24.0,34700.0,270.0,90.0,0
Indore,18.0,13100.0,360.0,130.0,0
Mumbai,40.0,93200.0,650.0,130.0,2
Bengaluru,31.0,39500.0,680.0,130.0,0
Nagpur,31.0,11700.0,240.0,300.0,0
Bengaluru,34.0,77000.0,250.0,300.0,0
Bhopal,26.0,41000.0,670.0,90.0,0
Bengaluru,29.0,88400.0,560.0,130.0,2
Mumbai,19.0,65800.0,480.0,90.0,0
Mumbai,37.0,42700.0,420.0,90.0,0
Kolkata,36.0,72700.0,750.0,300.0,2
Patna,28.0,8500.0,410.0,90.0,0
Hyderabad,18.0,46800.0,340.0,300.0,0
Kolkata,18.0,74400.0,190.0,130.0,0
Coimbatore,36.0,46100.0,290.0,130.0,0
Nagpur,42.0,46700.0,480.0,450.0,1
Delhi,44.0,142000.0,860.0,130.0,2
Ahmedabad,18.0,17600.0,370.0,130.0,0
Mumbai,27.0,56600.0,850.0,90.0,2
Pune,22.0,40600.0,810.0,700.0,1
Hyderabad,29.0,43000.0,510.0,90.0,0
Lucknow,18.0,69100.0,640.0,130.0,2
Delhi,33.0,54600.0,950.0,130.0,2
Hyderabad,31.0,46300.0,650.0,90.0,0
Kochi,43.0,54700.0,650.0,130.0,0
Delhi,40.0,110800.0,850.0,450.0,2
Visakhapatnam,34.0,8400.0,700.0,300.0,0
Ahmedabad,37.0,51400.0,750.0,130.0,2
Kochi,30.0,35600.0,250.0,130.0,0
Kolkata,40.0,70400.0,950.0,300.0,2
Bengaluru,29.0,38500.0,210.0,300.0,0
Bhubaneswar,27.0,10100.0,310.0,300.0,0
Chandigarh,29.0,13200.0,330.0,130.0,0
Kolkata,28.0,7100.0,320.0,300.0,0
Hyderabad,30.0,117300.0,790.0,130.0,2
Chennai,19.0,8200.0,180.0,300.0,0
Chandigarh,32.0,48000.0,340.0,450.0,1
Visakhapatnam,37.0,60600.0,320.0,450.0,1
Mumbai,22.0,41900.0,1350.0,300.0,2
Visakhapatnam,18.0,7800.0,930.0,90.0,0
Surat,20.0,7400.0,100.0,300.0,0
Hyderabad,44.0,78400.0,500.0,90.0,2
Pune,18.0,38500.0,780.0,450.0,1
Bengaluru,31.0,32000.0,430.0,130.0,0
Bengaluru,36.0,108000.0,720.0,300.0,2
Patna,32.0,25600.0,340.0,450.0,1
Chandigarh,22.0,43300.0,540.0,300.0,0
Delhi,39.0,98900.0,590.0,700.0,1
Chennai,21.0,58600.0,470.0,130.0,0
Ahmedabad,43.0,108100.0,850.0,130.0,2
Visakhapatnam,38.0,36300.0,490.0,300.0,0
Chandigarh,25.0,112000.0,890.0,300.0,2
Indore,60.0,12500.0,370.0,130.0,0
Delhi,32.0,55200.0,270.0,130.0,0
Kochi,23.0,34300.0,700.0,450.0,1
Pune,39.0,70700.0,980.0,130.0,2
Chennai,35.0,90800.0,220.0,300.0,2
Kolkata,23.0,7500.0,220.0,450.0,1
Hyderabad,31.0,35400.0,390.0,90.0,0
Hyderabad,32.0,33100.0,290.0,90.0,0
Pune,28.0,82400.0,550.0,130.0,2
Bengaluru,41.0,11000.0,260.0,130.0,0
Chandigarh,18.0,20100.0,330.0,450.0,1
Jaipur,39.0,65300.0,380.0,450.0,1
Hyderabad,18.0,52300.0,700.0,450.0,1
Delhi,28.0,98900.0,900.0,130.0,2
Mumbai,18.0,16400.0,810.0,450.0,1
Kolkata,21.0,36500.0,340.0,130.0,0
Indore,22.0,70000.0,780.0,130.0,2
Bengaluru,23.0,45600.0,450.0,130.0,0
Chennai,32.0,69900.0,900.0,300.0,2
Pune,24.0,16800.0,480.0,450.0,1
Hyderabad,32.0,47900.0,370.0,130.0,0
Mumbai,39.0,103100.0,1090.0,130.0,2
Jaipur,33.0,60000.0,300.0,300.0,0
Nagpur,45.0,79400.0,1310.0,130.0,2
Lucknow,33.0,11900.0,270.0,450.0,1
Kolkata,22.0,6600.0,350.0,90.0,0
Delhi,37.0,47200.0,390.0,90.0,0
Bhubaneswar,28.0,58000.0,870.0,90.0,2
Delhi,30.0,46500.0,120.0,700.0,1
Patna,30.0,44500.0,560.0,300.0,0
Lucknow,18.0,57200.0,300.0,130.0,0
Delhi,38.0,60600.0,600.0,300.0,2
Kolkata,26.0,8800.0,310.0,300.0,0
Delhi,18.0,55500.0,490.0,300.0,0
Bengaluru,38.0,47900.0,640.0,300.0,0
Surat,45.0,58100.0,810.0,300.0,2
Chennai,44.0,56600.0,280.0,450.0,1
Lucknow,37.0,12200.0,200.0,130.0,0
Pune,18.0,41100.0,180.0,130.0,0
Chennai,23.0,40200.0,240.0,450.0,1
Patna,31.0,57300.0,760.0,90.0,2
Kolkata,31.0,11400.0,300.0,130.0,0
Jaipur,30.0,64400.0,340.0,130.0,0
Pune,30.0,40800.0,450.0,300.0,0
Hyderabad,34.0,82300.0,1820.0,300.0,2
Surat,28.0,42800.0,530.0,90.0,0
Ahmedabad,28.0,7000.0,350.0,130.0,0
Ahmedabad,18.0,61400.0,490.0,300.0,0
Bhopal,18.0,29300.0,370.0,700.0,1
Bhopal,35.0,69900.0,330.0,130.0,0
Indore,25.0,27500.0,480.0,450.0,1
Nagpur,18.0,52500.0,620.0,130.0,0
Pune,29.0,84000.0,970.0,130.0,2
Chennai,39.0,46100.0,590.0,130.0,0
Bhopal,42.0,53900.0,200.0,130.0,0
Mumbai,31.0,93400.0,360.0,130.0,2
Delhi,18.0,48600.0,1540.0,90.0,2
Jaipur,36.0,71400.0,720.0,450.0,1
Surat,18.0,27500.0,140.0,90.0,0
Mumbai,19.0,65500.0,320.0,450.0,1
Surat,26.0,83400.0,570.0,130.0,2
Jaipur,37.0,38000.0,660.0,300.0,0
Mumbai,28.0,35600.0,280.0,300.0,0
Nagpur,38.0,66400.0,600.0,90.0,2
Surat,32.0,50900.0,250.0,450.0,1
Bhubaneswar,44.0,51200.0,960.0,90.0,2
Delhi,39.0,12900.0,260.0,300.0,0
Nagpur,37.0,48300.0,280.0,450.0,1
Coimbatore,29.0,68900.0,720.0,90.0,2
Ahmedabad,20.0,6600.0,440.0,700.0,1
Chennai,28.0,12700.0,340.0,130.0,0
Hyderabad,33.0,43000.0,140.0,700.0,1
Ahmedabad,42.0,37400.0,370.0,700.0,1
Pune,40.0,53700.0,570.0,90.0,0
Bengaluru,51.0,55300.0,950.0,300.0,2
Bhubaneswar,23.0,31100.0,360.0,450.0,1
Kolkata,35.0,61000.0,260.0,130.0,0
Chandigarh,27.0,12200.0,400.0,300.0,0
Kolkata,37.0,79800.0,320.0,300.0,2
Hyderabad,33.0,32500.0,730.0,300.0,0
Pune,18.0,6600.0,410.0,90.0,0
Chennai,18.0,40500.0,700.0,130.0,0
Chandigarh,42.0,27900.0,230.0,300.0,0
Bengaluru,26.0,10400.0,380.0,130.0,0
Kolkata,31.0,53200.0,340.0,90.0,0
Mumbai,20.0,9200.0,310.0,90.0,0
Mumbai,18.0,46800.0,720.0,450.0,1
Pune,43.0,102900.0,1420.0,300.0,2
Visakhapatnam,20.0,59800.0,590.0,700.0,1
Mumbai,36.0,50900.0,180.0,700.0,1
Delhi,27.0,14300.0,250.0,130.0,0
Kolkata,21.0,10500.0,180.0,90.0,0
Bengaluru,27.0,59300.0,660.0,300.0,2
Coimbatore,22.0,88600.0,1260.0,300.0,2
Chennai,37.0,21400.0,220.0,90.0,0
Bengaluru,32.0,60900.0,470.0,130.0,0
Hyderabad,33.0,56300.0,540.0,300.0,0
Pune,20.0,59000.0,800.0,130.0,2
Coimbatore,28.0,59500.0,300.0,300.0,0
Bhopal,30.0,43600.0,240.0,130.0,0
Bengaluru,27.0,78100.0,950.0,300.0,2
Kolkata,18.0,30900.0,240.0,90.0,0
Delhi,36.0,9900.0,580.0,300.0,0
Delhi,23.0,52400.0,190.0,300.0,0
Coimbatore,31.0,89000.0,330.0,130.0,2
Pune,22.0,8700.0,410.0,90.0,0
Kolkata,27.0,11000.0,550.0,300.0,0
Bhubaneswar,33.0,65100.0,530.0,300.0,2
Bengaluru,28.0,8400.0,410.0,300.0,0
Ahmedabad,18.0,41500.0,160.0,130.0,0
Delhi,34.0,66400.0,510.0,300.0,2
Lucknow,30.0,59200.0,530.0,450.0,1
Chennai,37.0,14500.0,1030.0,300.0,0
Mumbai,27.0,46800.0,350.0,130.0,0
Mumbai,35.0,45200.0,500.0,130.0,0
Mumbai,18.0,47000.0,350.0,300.0,0
Bengaluru,27.0,91800.0,820.0,300.0,2
Kolkata,33.0,37300.0,300.0,130.0,0
Kochi,27.0,39600.0,1200.0,90.0,2
Bengaluru,33.0,101000.0,830.0,300.0,2
Kolkata,46.0,63600.0,890.0,300.0,2
Kochi,35.0,47600.0,640.0,300.0,0
Pune,38.0,48600.0,830.0,300.0,2
Delhi,18.0,55600.0,1120.0,300.0,2
Bhopal,23.0,11900.0,730.0,130.0,0
Patna,29.0,29400.0,220.0,300.0,0
Hyderabad,38.0,50200.0,430.0,130.0,0
Bhopal,33.0,12200.0,460.0,130.0,0
Ahmedabad,45.0,57800.0,300.0,130.0,0
Ahmedabad,37.0,54400.0,530.0,700.0,1
Mumbai,30.0,8300.0,270.0,300.0,0
Chandigarh,22.0,43700.0,370.0,90.0,0
Pune,50.0,14400.0,710.0,450.0,1
Visakhapatnam,32.0,79300.0,1030.0,130.0,2
Coimbatore,26.0,75600.0,440.0,130.0,2
Ahmedabad,18.0,38700.0,300.0,90.0,0
Bengaluru,18.0,10500.0,530.0,300.0,0
Hyderabad,29.0,15700.0,820.0,300.0,0
Lucknow,30.0,84000.0,1140.0,300.0,2
Bengaluru,42.0,63200.0,800.0,450.0,1
Visakhapatnam,38.0,52000.0,590.0,450.0,1
Mumbai,43.0,78500.0,650.0,300.0,2
Lucknow,31.0,81000.0,580.0,300.0,2
Kochi,35.0,97600.0,860.0,300.0,2
Kochi,29.0,14100.0,300.0,450.0,1
Mumbai,36.0,81100.0,380.0,300.0,2
Mumbai,18.0,6600.0,100.0,90.0,0
Indore,33.0,56000.0,1380.0,130.0,2
Nagpur,25.0,10900.0,870.0,300.0,0
Chennai,19.0,57000.0,270.0,130.0,0
Kochi,36.0,70200.0,470.0,300.0,2
Kochi,36.0,115500.0,1350.0,700.0,2
Hyderabad,35.0,41900.0,350.0,90.0,0
Patna,26.0,96900.0,590.0,90.0,2
Chandigarh,38.0,34700.0,440.0,700.0,1
Coimbatore,27.0,38500.0,760.0,130.0,0
Pune,41.0,139200.0,820.0,90.0,2
Indore,23.0,19000.0,210.0,300.0,0
Chandigarh,26.0,30700.0,270.0,700.0,1
Hyderabad,22.0,74200.0,470.0,130.0,2
Bengaluru,31.0,93100.0,210.0,450.0,1
Pune,45.0,43300.0,960.0,300.0,2
Mumbai,49.0,45500.0,920.0,130.0,2
Pune,31.0,30300.0,140.0,300.0,0
Hyderabad,36.0,104000.0,750.0,450.0,2
Mumbai,33.0,11900.0,380.0,300.0,0
Mumbai,31.0,88300.0,1120.0,300.0,2
Kochi,26.0,6600.0,490.0,130.0,0
Bengaluru,53.0,111900.0,940.0,300.0,2
Surat,23.0,85500.0,840.0,130.0,2
Bhopal,41.0,64100.0,290.0,130.0,0
Delhi,18.0,48100.0,640.0,90.0,0
Bengaluru,22.0,90800.0,380.0,300.0,2
Visakhapatnam,37.0,33700.0,510.0,700.0,1
Chennai,30.0,10300.0,260.0,300.0,0
Jaipur,24.0,77700.0,790.0,300.0,2
Mumbai,25.0,19400.0,270.0,130.0,0
Kolkata,20.0,83100.0,380.0,300.0,2
Bengaluru,24.0,140700.0,1000.0,90.0,2
Patna,18.0,6600.0,330.0,300.0,0
Kolkata,18.0,33000.0,1240.0,300.0,2
Lucknow,22.0,48200.0,330.0,300.0,0
Hyderabad,18.0,70100.0,590.0,90.0,2
Bengaluru,32.0,89800.0,380.0,450.0,1
Ahmedabad,31.0,16300.0,1010.0,450.0,1
Pune,33.0,42400.0,680.0,130.0,0
Lucknow,35.0,91100.0,560.0,300.0,2
Ahmedabad,33.0,25900.0,230.0,300.0,0
Patna,28.0,68000.0,1340.0,130.0,2
Bengaluru,21.0,53300.0,460.0,300.0,0
Lucknow,45.0,10500.0,230.0,450.0,1
Mumbai,28.0,35300.0,430.0,90.0,0
Bengaluru,23.0,71300.0,870.0,300.0,2
Jaipur,35.0,91500.0,230.0,450.0,1
Delhi,32.0,53300.0,970.0,450.0,2
Hyderabad,34.0,35600.0,240.0,300.0,0
Delhi,32.0,88700.0,1420.0,300.0,2
Coimbatore,41.0,22800.0,610.0,450.0,1
Kolkata,24.0,89300.0,880.0,300.0,2
Bengaluru,29.0,49900.0,620.0,450.0,1
Chennai,27.0,7200.0,320.0,700.0,1
Bhopal,21.0,27500.0,550.0,300.0,0
Hyderabad,32.0,44600.0,480.0,300.0,0
Patna,36.0,32600.0,260.0,130.0,0
Pune,30.0,46800.0,290.0,300.0,0
Chennai,35.0,12600.0,100.0,300.0,0
Delhi,18.0,88500.0,960.0,130.0,2
Hyderabad,36.0,14600.0,250.0,300.0,0
Kochi,31.0,42500.0,290.0,130.0,0
Jaipur,19.0,74600.0,1340.0,130.0,2
Nagpur,35.0,11300.0,510.0,130.0,0
Nagpur,35.0,6800.0,240.0,90.0,0
Chennai,37.0,11400.0,730.0,130.0,0
Chennai,26.0,9400.0,290.0,90.0,0
Mumbai,42.0,78500.0,1020.0,130.0,2
Kochi,31.0,34100.0,210.0,300.0,0
Delhi,33.0,52500.0,460.0,450.0,1
Kochi,23.0,32600.0,310.0,130.0,0
Hyderabad,38.0,57400.0,670.0,300.0,2
Delhi,21.0,57100.0,600.0,130.0,0
Indore,18.0,9000.0,240.0,90.0,0
Bhopal,29.0,88800.0,810.0,450.0,2
Hyderabad,40.0,95100.0,870.0,300.0,2
Hyderabad,41.0,111100.0,650.0,130.0,2
Chandigarh,28.0,89400.0,510.0,300.0,2
Mumbai,59.0,69700.0,280.0,130.0,0
Lucknow,36.0,95500.0,330.0,130.0,2
Lucknow,33.0,48900.0,620.0,300.0,0
Bengaluru,28.0,31500.0,1350.0,300.0,2
Bhopal,32.0,56800.0,890.0,90.0,2
Surat,26.0,33000.0,780.0,130.0,0
Mumbai,18.0,27500.0,250.0,130.0,0
Kolkata,32.0,8000.0,260.0,300.0,0
Jaipur,32.0,9400.0,640.0,300.0,0
Delhi,36.0,39300.0,540.0,300.0,0
Nagpur,21.0,12300.0,300.0,90.0,0
Nagpur,39.0,52100.0,430.0,130.0,0
Kolkata,20.0,35600.0,700.0,130.0,0
Lucknow,25.0,6600.0,260.0,300.0,0
Ahmedabad,18.0,101800.0,610.0,130.0,2
Pune,31.0,68900.0,760.0,300.0,2
Bengaluru,30.0,53200.0,780.0,130.0,2
Indore,21.0,50600.0,290.0,90.0,0
Bengaluru,32.0,93000.0,690.0,300.0,2
Kolkata,27.0,36300.0,550.0,700.0,1
Chennai,34.0,47300.0,310.0,300.0,0
Delhi,22.0,76600.0,300.0,300.0,0
Kolkata,33.0,46800.0,170.0,450.0,1
Delhi,30.0,28500.0,870.0,130.0,0
Kolkata,33.0,77400.0,700.0,450.0,2
Ahmedabad,19.0,18400.0,840.0,300.0,0
Chandigarh,30.0,75600.0,360.0,130.0,0
Patna,33.0,53700.0,640.0,90.0,0
Mumbai,30.0,100700.0,1720.0,130.0,2
Lucknow,30.0,66100.0,190.0,130.0,0
Mumbai,32.0,52500.0,240.0,300.0,0
Delhi,37.0,64900.0,930.0,90.0,2
Delhi,36.0,80000.0,680.0,130.0,2
Pune,39.0,52000.0,450.0,130.0,0
Kochi,35.0,51900.0,870.0,130.0,2
Chandigarh,26.0,33900.0,560.0,130.0,0
Bengaluru,18.0,10500.0,420.0,300.0,0
Hyderabad,41.0,9200.0,600.0,90.0,0
Hyderabad,39.0,19300.0,290.0,130.0,0
Lucknow,35.0,14500.0,320.0,130.0,0
Mumbai,39.0,47900.0,200.0,450.0,1
Chennai,18.0,62100.0,910.0,130.0,2
Lucknow,51.0,10600.0,300.0,450.0,1
Mumbai,42.0,10800.0,710.0,450.0,1
Delhi,36.0,82900.0,1000.0,450.0,2
Delhi,28.0,51900.0,280.0,130.0,0
Indore,34.0,13200.0,920.0,700.0,1
Kolkata,26.0,37800.0,480.0,300.0,0
Delhi,21.0,51800.0,260.0,300.0,0
Nagpur,40.0,56500.0,530.0,450.0,1
Mumbai,18.0,27500.0,520.0,300.0,0
Bhubaneswar,30.0,27500.0,380.0,130.0,0
Jaipur,21.0,8200.0,130.0,700.0,1
Chennai,26.0,71600.0,170.0,300.0,0
Mumbai,37.0,9600.0,230.0,300.0,0
Delhi,26.0,7700.0,320.0,450.0,1
Kolkata,25.0,87000.0,1200.0,130.0,2
Kolkata,36.0,8800.0,180.0,130.0,0
Pune,18.0,63200.0,330.0,700.0,1
Patna,36.0,80800.0,850.0,130.0,2
Indore,39.0,13100.0,560.0,300.0,0
Kolkata,36.0,43500.0,480.0,130.0,0
Delhi,35.0,44600.0,550.0,300.0,0
Nagpur,21.0,33600.0,550.0,130.0,0
Surat,18.0,50900.0,400.0,300.0,0
Chennai,26.0,10800.0,690.0,450.0,1
Ahmedabad,21.0,34600.0,440.0,300.0,0
Bengaluru,24.0,60500.0,320.0,130.0,0
Ahmedabad,32.0,34700.0,1190.0,300.0,2
Hyderabad,48.0,47100.0,960.0,90.0,2
Pune,48.0,8400.0,340.0,130.0,0
Coimbatore,27.0,46500.0,330.0,450.0,1
Patna,34.0,66200.0,940.0,700.0,1
Hyderabad,19.0,94500.0,620.0,300.0,2
Mumbai,26.0,13800.0,220.0,450.0,1
Hyderabad,30.0,53600.0,690.0,300.0,2
Bhopal,18.0,8700.0,150.0,300.0,0
Jaipur,29.0,40800.0,210.0,300.0,0
Bengaluru,30.0,70400.0,1090.0,90.0,2
Coimbatore,28.0,49200.0,350.0,300.0,0
Visakhapatnam,28.0,45100.0,580.0,300.0,0
Bengaluru,29.0,14000.0,740.0,300.0,0
Bhopal,28.0,78400.0,540.0,700.0,1
Delhi,28.0,10400.0,190.0,130.0,0
Kolkata,41.0,58200.0,320.0,300.0,0
Nagpur,49.0,80600.0,170.0,90.0,0
Indore,19.0,48600.0,180.0,450.0,1
Delhi,31.0,30300.0,470.0,700.0,1
Hyderabad,18.0,28300.0,460.0,130.0,0
Bengaluru,43.0,11600.0,850.0,300.0,0
Lucknow,44.0,94800.0,1370.0,130.0,2
Bhubaneswar,40.0,65200.0,580.0,450.0,1
Visakhapatnam,33.0,55900.0,410.0,300.0,0
Bengaluru,44.0,45400.0,430.0,300.0,0
Visakhapatnam,41.0,17700.0,410.0,130.0,0
Mumbai,29.0,113400.0,550.0,450.0,2
Delhi,34.0,12300.0,110.0,130.0,0
Jaipur,25.0,44700.0,490.0,90.0,0
Bengaluru,22.0,11000.0,150.0,450.0,1
Chennai,28.0,28500.0,480.0,90.0,0
Visakhapatnam,29.0,34600.0,240.0,300.0,0
Delhi,30.0,14100.0,260.0,130.0,0
Bengaluru,31.0,33600.0,550.0,130.0,0
Kochi,18.0,33100.0,470.0,130.0,0
Hyderabad,29.0,47900.0,400.0,130.0,0
Nagpur,20.0,31500.0,820.0,300.0,0
Pune,18.0,8700.0,710.0,90.0,0
Mumbai,45.0,60900.0,500.0,90.0,0
Pune,28.0,47200.0,340.0,130.0,0
Lucknow,32.0,72300.0,670.0,700.0,1
Pune,34.0,111200.0,400.0,90.0,2
Delhi,20.0,7600.0,260.0,300.0,0
Indore,31.0,76900.0,520.0,300.0,2
Patna,38.0,121400.0,1250.0,300.0,2
Chandigarh,43.0,48500.0,120.0,130.0,0
Hyderabad,18.0,60800.0,1580.0,300.0,2
Visakhapatnam,20.0,70100.0,700.0,300.0,2
Bengaluru,27.0,79100.0,310.0,90.0,0
Indore,39.0,99400.0,700.0,450.0,2
Mumbai,18.0,29900.0,580.0,130.0,0
Bhubaneswar,21.0,27900.0,450.0,130.0,0
Coimbatore,35.0,14800.0,320.0,300.0,0
Ahmedabad,35.0,80000.0,290.0,300.0,0
Surat,31.0,64200.0,900.0,300.0,2
Kolkata,31.0,69200.0,920.0,700.0,1
Pune,24.0,39400.0,470.0,450.0,1
Jaipur,25.0,50700.0,350.0,300.0,0
Bengaluru,27.0,51200.0,620.0,700.0,1
Chennai,21.0,49600.0,1230.0,300.0,2
Delhi,18.0,49700.0,470.0,450.0,1
Bengaluru,19.0,11700.0,580.0,300.0,0
Kolkata,29.0,44800.0,200.0,300.0,0
Mumbai,26.0,38500.0,910.0,130.0,2
Chandigarh,25.0,8900.0,700.0,130.0,0
Ahmedabad,18.0,44200.0,260.0,450.0,1
Bengaluru,23.0,10000.0,870.0,450.0,1
Pune,44.0,81700.0,410.0,450.0,1
Kolkata,41.0,56700.0,440.0,130.0,0
Mumbai,18.0,33000.0,280.0,300.0,0
Surat,33.0,45000.0,1120.0,130.0,2
Hyderabad,25.0,52100.0,490.0,450.0,1
Kolkata,43.0,90400.0,380.0,300.0,2
Kolkata,20.0,83400.0,330.0,450.0,1
Indore,26.0,111400.0,670.0,90.0,2
Visakhapatnam,24.0,8600.0,360.0,300.0,0
Pune,31.0,41100.0,280.0,130.0,0
Mumbai,30.0,29200.0,200.0,450.0,1
Surat,33.0,13200.0,270.0,130.0,0
Lucknow,19.0,35300.0,650.0,700.0,1
Hyderabad,34.0,10200.0,620.0,130.0,0
Pune,24.0,47200.0,420.0,90.0,0
Mumbai,23.0,52200.0,940.0,130.0,2
Kolkata,31.0,52300.0,970.0,300.0,2
Delhi,23.0,12600.0,400.0,130.0,0
Coimbatore,36.0,55100.0,660.0,130.0,0
Chennai,38.0,71600.0,370.0,130.0,0
Surat,18.0,51800.0,630.0,300.0,0
Ahmedabad,34.0,55700.0,270.0,130.0,0
Nagpur,56.0,55100.0,380.0,300.0,0
Mumbai,29.0,55800.0,590.0,90.0,0
Bhopal,33.0,39300.0,850.0,700.0,1
Bengaluru,26.0,11200.0,400.0,130.0,0
Pune,24.0,25400.0,550.0,90.0,0
Ahmedabad,48.0,101200.0,790.0,300.0,2
Nagpur,32.0,80000.0,690.0,300.0,2
Coimbatore,22.0,74500.0,600.0,90.0,2
Chennai,43.0,66900.0,1660.0,450.0,2
Delhi,24.0,84400.0,830.0,700.0,1
Chandigarh,29.0,86500.0,830.0,130.0,2
Chennai,18.0,27600.0,400.0,130.0,0
Pune,21.0,99300.0,630.0,130.0,2
Jaipur,41.0,117700.0,1420.0,300.0,2
Kolkata,18.0,49900.0,460.0,90.0,0
Lucknow,34.0,48600.0,570.0,450.0,1
Delhi,42.0,67500.0,330.0,130.0,0
Jaipur,25.0,8500.0,1420.0,130.0,2
Chennai,20.0,83000.0,310.0,90.0,0
Delhi,28.0,29600.0,470.0,130.0,0
Bhopal,37.0,50100.0,490.0,450.0,1
Pune,25.0,115300.0,2060.0,130.0,2
Bengaluru,35.0,70000.0,510.0,300.0,2
Lucknow,41.0,106700.0,710.0,90.0,2
Pune,18.0,43400.0,390.0,300.0,0
Chennai,18.0,58300.0,650.0,130.0,2
Indore,18.0,68600.0,530.0,130.0,2
Kochi,28.0,69300.0,400.0,300.0,0
Mumbai,38.0,42900.0,610.0,90.0,0
Hyderabad,38.0,59700.0,880.0,300.0,2
Bengaluru,43.0,49100.0,480.0,90.0,0
Bengaluru,23.0,56500.0,330.0,130.0,0
Chennai,18.0,50300.0,500.0,300.0,0
Coimbatore,32.0,56700.0,450.0,450.0,1
Indore,30.0,99400.0,1140.0,130.0,2
Kolkata,24.0,70600.0,310.0,130.0,0
Delhi,30.0,6800.0,270.0,130.0,0
Kochi,20.0,69800.0,360.0,300.0,0
Chennai,26.0,79100.0,640.0,90.0,2
Chennai,32.0,49300.0,290.0,130.0,0
Chennai,18.0,58000.0,1040.0,300.0,2
Lucknow,22.0,55000.0,350.0,300.0,0
Jaipur,32.0,85200.0,980.0,450.0,2
Jaipur,22.0,62800.0,720.0,700.0,1
Jaipur,37.0,84900.0,230.0,450.0,1
Bhopal,32.0,38100.0,380.0,700.0,1
Pune,18.0,52800.0,790.0,450.0,1
Mumbai,25.0,60900.0,490.0,130.0,0
Jaipur,33.0,36900.0,630.0,130.0,0
Lucknow,27.0,13400.0,480.0,130.0,0
Visakhapatnam,38.0,50200.0,570.0,450.0,1
Delhi,18.0,27500.0,520.0,90.0,0
Delhi,30.0,60100.0,440.0,130.0,0
Bengaluru,51.0,97400.0,920.0,450.0,2
Delhi,33.0,25800.0,500.0,130.0,0
Delhi,41.0,54100.0,300.0,700.0,1
Chennai,30.0,34700.0,440.0,130.0,0
Delhi,22.0,9800.0,490.0,130.0,0
Indore,40.0,50000.0,420.0,450.0,1
Ahmedabad,29.0,53900.0,580.0,300.0,0
Kochi,21.0,46800.0,440.0,450.0,1
Kolkata,18.0,24800.0,450.0,300.0,0
Jaipur,47.0,87200.0,710.0,90.0,2
Bhubaneswar,31.0,71500.0,740.0,130.0,2
Jaipur,31.0,41300.0,970.0,300.0,2
Hyderabad,22.0,6600.0,480.0,300.0,0
Hyderabad,32.0,51800.0,630.0,90.0,0
Hyderabad,27.0,63000.0,190.0,90.0,0
Chennai,39.0,56300.0,430.0,130.0,0
Hyderabad,25.0,11600.0,210.0,700.0,1
Pune,41.0,79000.0,180.0,130.0,0
Bengaluru,31.0,70300.0,520.0,300.0,2
Kochi,30.0,38600.0,320.0,130.0,0
Surat,26.0,7900.0,480.0,300.0,0
Surat,28.0,46800.0,560.0,130.0,0
Bengaluru,18.0,7500.0,250.0,130.0,0
Hyderabad,26.0,55900.0,440.0,450.0,1
Chennai,41.0,121700.0,670.0,300.0,2
Chennai,33.0,58200.0,1220.0,300.0,2
Bhubaneswar,35.0,39300.0,530.0,300.0,0
Mumbai,45.0,53500.0,780.0,130.0,2
Visakhapatnam,43.0,99000.0,700.0,90.0,2
Bengaluru,23.0,38500.0,830.0,450.0,1
Bengaluru,18.0,32600.0,520.0,130.0,0
Bhopal,24.0,10000.0,300.0,300.0,0
Indore,18.0,15400.0,500.0,700.0,1
Delhi,33.0,116200.0,1210.0,130.0,2
Chandigarh,28.0,59400.0,790.0,300.0,2
Pune,38.0,11000.0,320.0,90.0,0
Nagpur,47.0,68400.0,680.0,700.0,1
Bengaluru,23.0,89600.0,540.0,130.0,2
Bhubaneswar,29.0,38100.0,1220.0,130.0,2
Mumbai,22.0,53400.0,450.0,90.0,0
Jaipur,45.0,10400.0,190.0,130.0,0
Lucknow,39.0,53900.0,190.0,450.0,1
Delhi,45.0,13300.0,690.0,300.0,0
Patna,33.0,9600.0,190.0,450.0,1
Hyderabad,32.0,47700.0,140.0,130.0,0
Hyderabad,28.0,10600.0,550.0,130.0,0
Bengaluru,19.0,77400.0,810.0,130.0,2
Bhopal,21.0,47800.0,410.0,130.0,0
Mumbai,25.0,10200.0,390.0,300.0,0
Nagpur,39.0,11800.0,210.0,450.0,1
Mumbai,32.0,51900.0,480.0,700.0,1
Bengaluru,36.0,42100.0,650.0,130.0,0
Delhi,18.0,63300.0,990.0,450.0,2
Delhi,32.0,71900.0,630.0,130.0,2
Kolkata,35.0,37200.0,460.0,700.0,1
Nagpur,41.0,11600.0,660.0,300.0,0
Bhopal,29.0,52400.0,250.0,300.0,0
Hyderabad,18.0,27500.0,400.0,90.0,0
Nagpur,42.0,50500.0,150.0,300.0,0
Nagpur,18.0,27500.0,460.0,130.0,0
Bengaluru,34.0,41800.0,390.0,90.0,0
Kolkata,34.0,79100.0,900.0,130.0,2
Bhopal,25.0,53900.0,370.0,450.0,1
Chandigarh,19.0,24800.0,360.0,700.0,1
Mumbai,27.0,62200.0,740.0,130.0,2
Mumbai,45.0,72300.0,330.0,700.0,1
Bengaluru,35.0,94500.0,350.0,130.0,2
Kolkata,28.0,46800.0,350.0,300.0,0
Kolkata,27.0,50400.0,320.0,130.0,0
Pune,34.0,38900.0,540.0,300.0,0
Chennai,21.0,65800.0,840.0,700.0,1
Bengaluru,37.0,112200.0,1110.0,90.0,2
Bengaluru,42.0,24700.0,320.0,300.0,0
Chennai,39.0,12400.0,240.0,300.0,0
Delhi,27.0,59700.0,600.0,450.0,1
Chandigarh,31.0,41200.0,660.0,300.0,0
Bengaluru,27.0,38900.0,250.0,130.0,0
Ahmedabad,30.0,12700.0,490.0,90.0,0
Bengaluru,24.0,32200.0,430.0,90.0,0
Pune,39.0,49400.0,350.0,90.0,0
Kolkata,25.0,96200.0,1740.0,300.0,2
Surat,29.0,48200.0,390.0,130.0,0
Indore,25.0,41100.0,530.0,90.0,0
Mumbai,26.0,46400.0,820.0,300.0,2
Chandigarh,18.0,7300.0,620.0,300.0,0
Ahmedabad,53.0,108200.0,590.0,450.0,2
Delhi,26.0,51600.0,180.0,90.0,0
Bhopal,30.0,7800.0,590.0,300.0,0
Indore,25.0,48600.0,520.0,450.0,1
Mumbai,29.0,30200.0,350.0,130.0,0
Nagpur,30.0,83900.0,240.0,90.0,0
Bengaluru,18.0,35800.0,440.0,90.0,0
Mumbai,25.0,71600.0,720.0,90.0,2
Pune,43.0,7600.0,670.0,700.0,1
Kolkata,42.0,81800.0,990.0,130.0,2
Kolkata,43.0,10900.0,100.0,130.0,0
Pune,20.0,34600.0,510.0,450.0,1
Bengaluru,24.0,73700.0,200.0,450.0,1
Bengaluru,28.0,52300.0,340.0,300.0,0
Lucknow,30.0,69100.0,1210.0,700.0,1
Mumbai,38.0,31500.0,740.0,130.0,0
Hyderabad,18.0,40100.0,1010.0,300.0,2
Kolkata,37.0,83300.0,310.0,700.0,1
Hyderabad,34.0,13400.0,880.0,90.0,0
Kolkata,38.0,11500.0,150.0,90.0,0
Mumbai,20.0,6600.0,290.0,700.0,1
Delhi,31.0,27900.0,440.0,450.0,1
Ahmedabad,30.0,43300.0,270.0,300.0,0
Bengaluru,27.0,46600.0,160.0,300.0,0
Pune,52.0,56700.0,410.0,90.0,0
Pune,18.0,78800.0,400.0,130.0,2
Surat,21.0,46800.0,1240.0,700.0,1
Surat,28.0,78100.0,700.0,300.0,2
Delhi,39.0,54700.0,420.0,300.0,0
Delhi,23.0,62400.0,480.0,130.0,0
Mumbai,18.0,23900.0,400.0,130.0,0
Visakhapatnam,40.0,58300.0,580.0,300.0,2
Pune,40.0,108100.0,930.0,130.0,2
Surat,37.0,76100.0,570.0,90.0,2
Ahmedabad,45.0,62600.0,910.0,450.0,2
Chennai,20.0,52200.0,490.0,130.0,0
Ahmedabad,40.0,43700.0,170.0,450.0,1
Bengaluru,35.0,46100.0,560.0,130.0,0
Pune,22.0,12800.0,200.0,90.0,0
Bengaluru,29.0,108600.0,1160.0,130.0,2
Bhubaneswar,31.0,61600.0,890.0,450.0,2
Bengaluru,48.0,65000.0,740.0,300.0,2
Surat,41.0,43200.0,680.0,300.0,0
Hyderabad,25.0,43600.0,410.0,130.0,0
Delhi,27.0,65400.0,520.0,300.0,2
Surat,33.0,11600.0,670.0,130.0,0
Mumbai,44.0,12100.0,120.0,300.0,0
Visakhapatnam,33.0,98100.0,700.0,130.0,2
Delhi,39.0,76800.0,250.0,300.0,0
Hyderabad,26.0,82400.0,540.0,700.0,1
Coimbatore,29.0,54100.0,370.0,300.0,0
Delhi,33.0,78300.0,1440.0,130.0,2
Coimbatore,18.0,7500.0,630.0,300.0,0
Patna,29.0,38900.0,410.0,450.0,1
Pune,26.0,31800.0,550.0,450.0,1
Mumbai,28.0,104600.0,710.0,300.0,2
Ahmedabad,19.0,7600.0,190.0,130.0,0
Delhi,29.0,73300.0,280.0,130.0,0
Coimbatore,29.0,9800.0,320.0,130.0,0
Bengaluru,27.0,9900.0,310.0,300.0,0
Nagpur,27.0,58100.0,170.0,300.0,0
Coimbatore,37.0,15600.0,740.0,130.0,0
Kolkata,31.0,52700.0,420.0,130.0,0
Surat,33.0,51700.0,1730.0,130.0,2
Hyderabad,34.0,73300.0,600.0,300.0,2
Chennai,37.0,112200.0,970.0,130.0,2
Visakhapatnam,32.0,89300.0,1040.0,130.0,2
Lucknow,36.0,95800.0,730.0,450.0,2
Mumbai,39.0,84200.0,940.0,450.0,2
Bengaluru,26.0,34200.0,800.0,130.0,0
Delhi,43.0,62600.0,460.0,300.0,0
Ahmedabad,36.0,54400.0,1100.0,130.0,2
Indore,43.0,79400.0,580.0,450.0,1
Bengaluru,30.0,86100.0,460.0,450.0,1
Delhi,25.0,8500.0,240.0,300.0,0
Mumbai,33.0,95100.0,740.0,700.0,1
Patna,30.0,62200.0,280.0,130.0,0
Jaipur,21.0,49100.0,710.0,130.0,0
Jaipur,22.0,43200.0,410.0,300.0,0
Chennai,38.0,83000.0,1010.0,700.0,1
Bengaluru,23.0,62200.0,240.0,300.0,0
Kolkata,18.0,30800.0,430.0,300.0,0
Delhi,25.0,46900.0,480.0,300.0,0
Ahmedabad,31.0,24800.0,800.0,300.0,0
Chennai,42.0,10800.0,110.0,300.0,0
Visakhapatnam,18.0,67500.0,1070.0,700.0,1
Chandigarh,18.0,37500.0,300.0,700.0,1
Mumbai,28.0,21600.0,320.0,130.0,0
Lucknow,27.0,53800.0,360.0,300.0,0
Indore,35.0,63000.0,740.0,130.0,2
Surat,40.0,96100.0,640.0,300.0,2
Coimbatore,37.0,8700.0,800.0,300.0,0
Mumbai,35.0,66800.0,310.0,130.0,0
Surat,18.0,11500.0,480.0,300.0,0
Kolkata,19.0,70900.0,690.0,300.0,2
Hyderabad,31.0,42600.0,440.0,130.0,0
Nagpur,34.0,102100.0,990.0,130.0,2
Bengaluru,27.0,46800.0,450.0,130.0,0
Mumbai,26.0,37200.0,180.0,300.0,0
Mumbai,25.0,20800.0,350.0,130.0,0
Coimbatore,23.0,76500.0,480.0,300.0,2
Mumbai,18.0,10700.0,270.0,300.0,0
Coimbatore,21.0,13900.0,490.0,300.0,0
Hyderabad,30.0,80600.0,460.0,130.0,2
Nagpur,53.0,72300.0,650.0,300.0,2
Bhubaneswar,29.0,27500.0,500.0,90.0,0
Pune,29.0,41800.0,560.0,130.0,0
Ahmedabad,38.0,43400.0,580.0,130.0,0
Mumbai,36.0,47100.0,370.0,90.0,0
Kolkata,24.0,62200.0,1090.0,90.0,2
Chennai,24.0,33700.0,420.0,300.0,0
Jaipur,22.0,90100.0,500.0,130.0,2
Delhi,40.0,40700.0,490.0,700.0,1
Hyderabad,24.0,44500.0,300.0,90.0,0
Hyderabad,44.0,104700.0,910.0,300.0,2
Lucknow,37.0,44200.0,820.0,130.0,2
Mumbai,28.0,9300.0,200.0,300.0,0
Kolkata,33.0,31500.0,650.0,450.0,1
Chennai,18.0,46800.0,320.0,300.0,0
Kochi,46.0,64800.0,350.0,130.0,0
Bhopal,41.0,40800.0,460.0,300.0,0
Hyderabad,44.0,49900.0,300.0,300.0,0
Nagpur,35.0,81000.0,780.0,130.0,2
Ahmedabad,31.0,58500.0,170.0,300.0,0
Ahmedabad,48.0,65100.0,290.0,450.0,1
Delhi,45.0,124500.0,580.0,90.0,2
Kolkata,24.0,10600.0,180.0,300.0,0
Chennai,29.0,54400.0,470.0,300.0,0
Bengaluru,18.0,67400.0,300.0,130.0,0
Hyderabad,18.0,29700.0,910.0,90.0,0
Delhi,36.0,67700.0,1420.0,300.0,2
Chennai,20.0,11400.0,210.0,300.0,0
Ahmedabad,23.0,34100.0,660.0,300.0,0
Mumbai,28.0,42200.0,430.0,450.0,1
Kolkata,21.0,46800.0,640.0,130.0,0
Patna,40.0,12700.0,340.0,450.0,1
Delhi,23.0,54100.0,380.0,450.0,1
Surat,37.0,54800.0,650.0,90.0,0
Bhopal,19.0,36300.0,450.0,450.0,1
Kolkata,38.0,96000.0,850.0,300.0,2
Bengaluru,20.0,40500.0,510.0,300.0,0
Mumbai,18.0,12700.0,300.0,300.0,0
Chandigarh,30.0,28700.0,170.0,130.0,0
Bengaluru,21.0,46800.0,1050.0,450.0,2
Pune,27.0,38500.0,520.0,90.0,0
Surat,32.0,63200.0,1190.0,300.0,2
Ahmedabad,18.0,29900.0,590.0,300.0,0
Pune,29.0,83400.0,390.0,130.0,2
Kochi,41.0,38800.0,1230.0,300.0,2
Chennai,23.0,94100.0,2130.0,90.0,2
Ahmedabad,18.0,73800.0,530.0,300.0,2
Hyderabad,43.0,98600.0,610.0,90.0,2
Delhi,24.0,28300.0,320.0,130.0,0
Delhi,44.0,11600.0,670.0,130.0,0
Delhi,31.0,54200.0,930.0,130.0,2
Kolkata,33.0,82000.0,290.0,700.0,1
Chandigarh,35.0,52500.0,640.0,90.0,0
Pune,18.0,15400.0,330.0,450.0,1
Coimbatore,39.0,41400.0,400.0,130.0,0
Mumbai,36.0,58100.0,160.0,300.0,0
Chennai,19.0,41700.0,580.0,130.0,0
Delhi,27.0,8300.0,460.0,130.0,0
Pune,18.0,40500.0,500.0,300.0,0
Mumbai,34.0,56500.0,410.0,300.0,0
Delhi,18.0,54100.0,420.0,90.0,0
Coimbatore,18.0,35600.0,390.0,300.0,0
Surat,29.0,57200.0,890.0,130.0,2
Ahmedabad,20.0,44400.0,150.0,90.0,0
Lucknow,23.0,71300.0,1030.0,90.0,2
Hyderabad,33.0,64000.0,800.0,450.0,1
Ahmedabad,26.0,41400.0,770.0,700.0,1
Lucknow,41.0,72500.0,950.0,130.0,2
Delhi,18.0,64100.0,520.0,450.0,1
Pune,28.0,38100.0,680.0,90.0,0
Bhubaneswar,22.0,38500.0,510.0,130.0,0
Jaipur,24.0,58000.0,710.0,130.0,2
Pune,23.0,54000.0,300.0,300.0,0
Kolkata,47.0,54800.0,510.0,300.0,0
Delhi,27.0,30300.0,430.0,300.0,0
Bhubaneswar,27.0,48600.0,480.0,130.0,0
Indore,28.0,13100.0,300.0,300.0,0
Delhi,32.0,100200.0,970.0,450.0,2
Coimbatore,27.0,34100.0,660.0,450.0,1
Kolkata,27.0,101700.0,830.0,450.0,2
Ahmedabad,41.0,74500.0,510.0,450.0,1
Mumbai,34.0,11900.0,410.0,130.0,0
Indore,43.0,73000.0,820.0,450.0,2
Mumbai,56.0,91600.0,900.0,130.0,2
Kolkata,27.0,35000.0,620.0,700.0,1
Patna,43.0,70600.0,370.0,300.0,0
Ahmedabad,37.0,42000.0,450.0,130.0,0
Bengaluru,33.0,48100.0,540.0,300.0,0
Kochi,18.0,8600.0,320.0,300.0,0
Kolkata,28.0,49100.0,980.0,300.0,2
Kochi,20.0,10400.0,300.0,130.0,0
Jaipur,27.0,54400.0,420.0,300.0,0
Kolkata,46.0,61000.0,570.0,90.0,0
Bengaluru,43.0,61000.0,250.0,90.0,0
Jaipur,35.0,71700.0,810.0,300.0,2
Kolkata,18.0,43500.0,400.0,450.0,1
Nagpur,21.0,78000.0,460.0,130.0,2
Hyderabad,31.0,34200.0,700.0,300.0,0
Ahmedabad,40.0,43700.0,280.0,90.0,0
Pune,40.0,114200.0,830.0,300.0,2
Chennai,29.0,26500.0,400.0,300.0,0
Kochi,36.0,68600.0,610.0,90.0,2
Mumbai,35.0,50000.0,730.0,130.0,0
Mumbai,34.0,49800.0,640.0,130.0,0
Pune,39.0,6800.0,410.0,300.0,0
Lucknow,26.0,72900.0,540.0,300.0,2
Surat,44.0,41700.0,330.0,300.0,0
Ahmedabad,25.0,37900.0,750.0,300.0,0
Mumbai,24.0,52300.0,290.0,130.0,0
Lucknow,21.0,96100.0,870.0,300.0,2
Bengaluru,30.0,47900.0,270.0,300.0,0
Pune,38.0,62500.0,220.0,450.0,1
Bhubaneswar,37.0,83500.0,500.0,300.0,2
Surat,37.0,24600.0,320.0,90.0,0
Mumbai,44.0,50100.0,880.0,130.0,2
Pune,25.0,91600.0,300.0,300.0,2
Ahmedabad,20.0,27500.0,1020.0,700.0,1
Delhi,25.0,82900.0,350.0,90.0,2
Jaipur,18.0,31700.0,260.0,90.0,0
Chennai,32.0,76200.0,230.0,130.0,0
Delhi,35.0,91900.0,710.0,450.0,2
Mumbai,28.0,69600.0,270.0,130.0,0
Indore,32.0,41200.0,270.0,130.0,0
Patna,35.0,50600.0,1020.0,90.0,2
Mumbai,21.0,68600.0,650.0,130.0,2
Visakhapatnam,46.0,48200.0,430.0,300.0,0
Surat,30.0,59900.0,700.0,90.0,2
Visakhapatnam,39.0,8700.0,340.0,300.0,0
Pune,31.0,7600.0,300.0,130.0,0
Ahmedabad,46.0,101800.0,240.0,300.0,2
Nagpur,33.0,64500.0,780.0,90.0,2
Nagpur,34.0,50600.0,590.0,130.0,0
Visakhapatnam,32.0,62000.0,860.0,300.0,2
Indore,22.0,55800.0,250.0,300.0,0
Nagpur,34.0,12000.0,430.0,130.0,0
Delhi,41.0,10600.0,150.0,130.0,0
Chennai,44.0,61300.0,360.0,300.0,0
Pune,28.0,107100.0,790.0,300.0,2
Bengaluru,18.0,63800.0,300.0,450.0,1
Bhubaneswar,31.0,33400.0,790.0,90.0,0
Delhi,25.0,75800.0,1160.0,300.0,2
Bhubaneswar,18.0,79500.0,220.0,90.0,0
Jaipur,31.0,10600.0,340.0,90.0,0
Visakhapatnam,30.0,13000.0,730.0,300.0,0
Bengaluru,24.0,42100.0,400.0,90.0,0
Lucknow,35.0,52100.0,1050.0,700.0,1
Hyderabad,37.0,89300.0,350.0,700.0,1
Jaipur,43.0,34600.0,790.0,90.0,0
Kolkata,34.0,110600.0,610.0,700.0,1
Bengaluru,46.0,14000.0,790.0,90.0,0
Ahmedabad,24.0,58300.0,230.0,130.0,0
Bhubaneswar,21.0,46600.0,400.0,130.0,0
Lucknow,39.0,92300.0,340.0,700.0,1
Bengaluru,39.0,35100.0,590.0,300.0,0
Indore,28.0,27500.0,450.0,130.0,0
Jaipur,39.0,80300.0,780.0,130.0,2
Nagpur,31.0,8500.0,190.0,300.0,0
Coimbatore,33.0,114500.0,570.0,300.0,2
Pune,36.0,56100.0,250.0,130.0,0
Mumbai,33.0,11500.0,220.0,300.0,0
Bhopal,33.0,29000.0,400.0,90.0,0
Indore,18.0,52500.0,200.0,130.0,0
Delhi,18.0,81500.0,340.0,90.0,0
Nagpur,24.0,52600.0,460.0,90.0,0
Mumbai,36.0,10600.0,360.0,300.0,0
Kochi,22.0,43600.0,400.0,130.0,0
Chennai,18.0,68900.0,570.0,300.0,2
Pune,46.0,15700.0,960.0,300.0,0
Jaipur,27.0,9100.0,680.0,130.0,0
Bengaluru,26.0,39400.0,500.0,90.0,0
Chennai,28.0,38900.0,220.0,450.0,1
Surat,37.0,63200.0,560.0,300.0,2
Hyderabad,29.0,76000.0,340.0,130.0,0
Chennai,32.0,13000.0,730.0,300.0,0
Delhi,35.0,45700.0,270.0,300.0,0
Bengaluru,33.0,94400.0,570.0,450.0,2
Ahmedabad,18.0,46800.0,270.0,450.0,1
Chennai,33.0,49300.0,720.0,90.0,0
Jaipur,18.0,83600.0,900.0,300.0,2
Chennai,31.0,39400.0,140.0,300.0,0
Hyderabad,40.0,39800.0,300.0,90.0,0
Bengaluru,48.0,52600.0,870.0,300.0,2
Mumbai,24.0,77000.0,610.0,130.0,2
Bengaluru,35.0,43600.0,600.0,700.0,1
Indore,34.0,67300.0,1320.0,700.0,1
Bhubaneswar,24.0,11900.0,640.0,90.0,0
Jaipur,18.0,32200.0,260.0,300.0,0
Pune,25.0,14100.0,310.0,90.0,0
Hyderabad,29.0,11300.0,300.0,300.0,0
Bengaluru,31.0,52200.0,530.0,130.0,0
Pune,18.0,80900.0,480.0,300.0,2
Chandigarh,56.0,57400.0,470.0,700.0,1
Delhi,34.0,36300.0,1080.0,300.0,2
Mumbai,18.0,38200.0,600.0,450.0,1
Pune,33.0,12000.0,490.0,90.0,0
Pune,28.0,44500.0,400.0,130.0,0
Pune,25.0,78900.0,490.0,300.0,2
Bengaluru,24.0,61700.0,640.0,130.0,2
Kochi,31.0,37900.0,590.0,300.0,0
Kolkata,49.0,44800.0,160.0,130.0,0
Kolkata,35.0,35700.0,780.0,300.0,0
Jaipur,23.0,54500.0,710.0,90.0,2
Jaipur,18.0,65800.0,380.0,130.0,0
Mumbai,23.0,6600.0,210.0,90.0,0
Indore,28.0,73900.0,190.0,130.0,0
Lucknow,40.0,38400.0,350.0,300.0,0
Kochi,29.0,28700.0,1160.0,130.0,2
Bengaluru,48.0,49400.0,440.0,300.0,0
Hyderabad,31.0,54100.0,250.0,90.0,0
Ahmedabad,37.0,52300.0,660.0,90.0,0
Nagpur,22.0,44700.0,630.0,300.0,0
Surat,39.0,33500.0,280.0,450.0,1
Kolkata,18.0,58800.0,430.0,300.0,0
Hyderabad,32.0,33900.0,420.0,450.0,1
Bengaluru,40.0,13800.0,120.0,300.0,0
Ahmedabad,35.0,9300.0,300.0,300.0,0
Chennai,19.0,53800.0,820.0,300.0,2
Indore,18.0,15400.0,280.0,300.0,0
Lucknow,30.0,40200.0,540.0,300.0,0
Bengaluru,18.0,38300.0,420.0,90.0,0
Chandigarh,30.0,30600.0,360.0,450.0,1
Pune,40.0,72100.0,430.0,130.0,0
Ahmedabad,41.0,56700.0,610.0,700.0,1
Lucknow,43.0,69500.0,1220.0,130.0,2
Kolkata,18.0,52300.0,360.0,90.0,0
Bhubaneswar,36.0,90500.0,350.0,300.0,2
Chandigarh,22.0,49300.0,540.0,300.0,0
Kolkata,22.0,6600.0,210.0,90.0,0
Bhubaneswar,36.0,50400.0,810.0,300.0,2
Jaipur,26.0,43600.0,440.0,130.0,0
Kochi,28.0,69200.0,800.0,450.0,2
Bengaluru,40.0,11800.0,160.0,300.0,0
Coimbatore,37.0,52600.0,550.0,130.0,0
Bengaluru,31.0,106800.0,620.0,450.0,2
Chandigarh,18.0,70000.0,530.0,700.0,1
Coimbatore,28.0,42500.0,300.0,300.0,0
Bengaluru,36.0,72900.0,400.0,300.0,2
Kolkata,21.0,12400.0,380.0,300.0,0
Mumbai,32.0,58900.0,1060.0,130.0,2
Chennai,36.0,68000.0,710.0,130.0,2
Kolkata,29.0,47700.0,660.0,90.0,0
Chennai,25.0,10100.0,490.0,300.0,0
Ahmedabad,44.0,45100.0,490.0,450.0,1
Bengaluru,43.0,52700.0,400.0,700.0,1
Surat,25.0,81400.0,340.0,300.0,2
Pune,19.0,21400.0,430.0,300.0,0
Indore,32.0,41200.0,240.0,300.0,0
Delhi,38.0,82200.0,310.0,130.0,0
Ahmedabad,23.0,20300.0,520.0,130.0,0
Pune,37.0,64000.0,360.0,300.0,0
Jaipur,28.0,13700.0,210.0,90.0,0
Mumbai,21.0,27500.0,490.0,300.0,0
Bengaluru,34.0,46400.0,280.0,90.0,0
Chandigarh,18.0,78400.0,1280.0,300.0,2
Jaipur,26.0,64900.0,510.0,450.0,1
Delhi,36.0,41600.0,480.0,130.0,0
Jaipur,46.0,13200.0,480.0,300.0,0
Lucknow,39.0,114100.0,630.0,90.0,2
Bengaluru,43.0,44300.0,290.0,130.0,0
Bhopal,24.0,31200.0,570.0,130.0,0
Kolkata,27.0,32200.0,160.0,130.0,0
Chennai,33.0,52000.0,970.0,300.0,2
Delhi,37.0,36400.0,320.0,700.0,1
Indore,23.0,33000.0,250.0,90.0,0
Pune,44.0,33900.0,400.0,450.0,1
Chandigarh,32.0,65100.0,410.0,450.0,1
Visakhapatnam,26.0,53400.0,490.0,130.0,0
Bengaluru,35.0,47600.0,340.0,90.0,0
Lucknow,21.0,27500.0,290.0,300.0,0
Chennai,24.0,46900.0,590.0,300.0,0
Kolkata,27.0,30700.0,650.0,450.0,1
Delhi,30.0,79600.0,810.0,90.0,2
Ahmedabad,45.0,53500.0,620.0,300.0,0
Delhi,22.0,47200.0,350.0,450.0,1
Chennai,18.0,46800.0,500.0,90.0,0
Delhi,38.0,85000.0,370.0,700.0,1
Lucknow,24.0,37100.0,170.0,130.0,0
Jaipur,24.0,60800.0,1130.0,450.0,2
Ahmedabad,29.0,86500.0,1400.0,90.0,2
Delhi,28.0,38500.0,380.0,130.0,0
Bhopal,30.0,84300.0,1500.0,300.0,2
Delhi,18.0,27500.0,590.0,300.0,0
Pune,33.0,45500.0,380.0,300.0,0
Nagpur,27.0,57100.0,470.0,130.0,0
Bengaluru,41.0,64300.0,920.0,300.0,2
Pune,19.0,11400.0,400.0,300.0,0
Lucknow,20.0,47100.0,360.0,450.0,1
Pune,24.0,76600.0,1230.0,130.0,2
Bhubaneswar,29.0,13700.0,920.0,130.0,0
Indore,29.0,9200.0,270.0,90.0,0
Bhubaneswar,38.0,139900.0,1250.0,450.0,2
Mumbai,39.0,67600.0,1130.0,450.0,2
Lucknow,32.0,39400.0,980.0,130.0,2
Chennai,52.0,105900.0,1290.0,300.0,2
Visakhapatnam,25.0,52300.0,600.0,450.0,1
Bhopal,39.0,11200.0,290.0,90.0,0
Bengaluru,36.0,39500.0,170.0,130.0,0
Hyderabad,37.0,16000.0,420.0,450.0,1
Mumbai,23.0,86100.0,910.0,90.0,2
Coimbatore,24.0,72700.0,730.0,450.0,2
Jaipur,35.0,46300.0,630.0,90.0,0
Chandigarh,35.0,65900.0,910.0,300.0,2
Nagpur,50.0,114400.0,870.0,130.0,2
Ahmedabad,19.0,97900.0,610.0,300.0,2
Delhi,18.0,10500.0,380.0,450.0,1
Bengaluru,26.0,103500.0,620.0,450.0,2
Surat,33.0,45000.0,670.0,130.0,0
Bengaluru,34.0,36200.0,850.0,300.0,0
Indore,24.0,46800.0,510.0,130.0,0
Bhubaneswar,29.0,35400.0,650.0,300.0,0
Indore,34.0,8800.0,220.0,130.0,0
Coimbatore,29.0,13700.0,320.0,300.0,0
Bengaluru,34.0,49000.0,990.0,300.0,2
Bengaluru,32.0,51400.0,570.0,300.0,0
Mumbai,35.0,15100.0,640.0,90.0,0
Pune,33.0,53500.0,590.0,300.0,0
Kolkata,39.0,41800.0,490.0,450.0,1
Hyderabad,31.0,45300.0,380.0,130.0,0
Kolkata,38.0,92500.0,390.0,130.0,2
Pune,39.0,35300.0,200.0,450.0,1
Pune,42.0,68300.0,1210.0,90.0,2
Surat,47.0,46000.0,380.0,130.0,0
Surat,29.0,35500.0,250.0,130.0,0
Delhi,29.0,99100.0,1000.0,450.0,2
Pune,30.0,82700.0,360.0,130.0,2
Nagpur,36.0,47700.0,580.0,130.0,0
Nagpur,21.0,27200.0,150.0,300.0,0
Delhi,27.0,37100.0,170.0,450.0,1
Jaipur,36.0,40500.0,400.0,450.0,1
Mumbai,28.0,29500.0,380.0,700.0,1
Delhi,39.0,74300.0,300.0,300.0,0
Chennai,25.0,40300.0,820.0,450.0,1
Mumbai,23.0,7700.0,320.0,450.0,1
Kolkata,27.0,61300.0,580.0,450.0,1
Jaipur,29.0,46400.0,1440.0,450.0,2
Delhi,26.0,70800.0,220.0,130.0,0
Mumbai,19.0,94700.0,530.0,300.0,2
Kochi,18.0,40500.0,580.0,130.0,0
Delhi,33.0,34500.0,970.0,450.0,1
Kolkata,34.0,81000.0,880.0,300.0,2
Bhopal,36.0,52900.0,480.0,300.0,0
Hyderabad,26.0,10000.0,370.0,130.0,0
Chennai,21.0,47400.0,400.0,700.0,1
Bhubaneswar,22.0,10800.0,390.0,130.0,0
Delhi,37.0,47000.0,1520.0,300.0,2
Kochi,23.0,56300.0,390.0,130.0,0
Mumbai,28.0,70100.0,1320.0,700.0,1
Ahmedabad,26.0,11900.0,750.0,300.0,0
Ahmedabad,39.0,82000.0,830.0,90.0,2
Kochi,27.0,33000.0,500.0,130.0,0
Pune,37.0,33500.0,490.0,130.0,0
Delhi,35.0,12200.0,570.0,700.0,1
Chennai,46.0,78700.0,1650.0,300.0,2
Delhi,30.0,13700.0,450.0,90.0,0
Hyderabad,18.0,94700.0,210.0,130.0,2
Indore,35.0,88600.0,740.0,300.0,2
Jaipur,18.0,9200.0,790.0,300.0,0
Nagpur,26.0,10000.0,320.0,300.0,0
Jaipur,26.0,10000.0,250.0,300.0,0
Kolkata,18.0,7400.0,420.0,90.0,0
Chennai,42.0,42700.0,1240.0,450.0,2
Chandigarh,49.0,98900.0,940.0,300.0,2
Chandigarh,38.0,27300.0,450.0,130.0,0
Pune,31.0,75400.0,980.0,450.0,2
Mumbai,30.0,51700.0,570.0,130.0,0
Bengaluru,35.0,92600.0,500.0,450.0,2
Bhopal,44.0,81700.0,1070.0,450.0,2
Mumbai,50.0,90600.0,750.0,300.0,2
Ahmedabad,30.0,12000.0,320.0,700.0,1
Ahmedabad,39.0,10600.0,310.0,130.0,0
Hyderabad,31.0,91600.0,690.0,130.0,2
Bengaluru,31.0,104900.0,880.0,90.0,2
Ahmedabad,34.0,33200.0,300.0,700.0,1
Visakhapatnam,22.0,83800.0,810.0,130.0,2
Mumbai,26.0,27500.0,200.0,700.0,1
Lucknow,57.0,14400.0,460.0,700.0,1
Bengaluru,21.0,24200.0,610.0,450.0,1
Mumbai,33.0,86200.0,240.0,450.0,1
Delhi,26.0,34800.0,840.0,130.0,0
Coimbatore,39.0,14100.0,300.0,130.0,0
Surat,29.0,48700.0,280.0,130.0,0
Chennai,31.0,48100.0,410.0,700.0,1
Bhopal,30.0,94500.0,620.0,130.0,2
Patna,36.0,46900.0,730.0,90.0,0
Mumbai,25.0,30300.0,970.0,130.0,0
Chennai,33.0,11600.0,700.0,450.0,1
Jaipur,18.0,68600.0,720.0,130.0,2
Lucknow,36.0,6600.0,230.0,300.0,0
Pune,32.0,126700.0,540.0,300.0,2
Ahmedabad,33.0,92800.0,630.0,300.0,2
Kochi,40.0,67300.0,710.0,300.0,2
Jaipur,18.0,43300.0,330.0,300.0,0
Hyderabad,35.0,27500.0,460.0,130.0,0
Coimbatore,37.0,98800.0,560.0,300.0,2
Visakhapatnam,27.0,9000.0,100.0,700.0,1
Ahmedabad,27.0,92800.0,730.0,130.0,2
Indore,22.0,50200.0,260.0,450.0,1
Kochi,31.0,9700.0,110.0,130.0,0
Ahmedabad,22.0,44800.0,370.0,90.0,0
Delhi,36.0,77100.0,1010.0,130.0,2
Bengaluru,18.0,79200.0,1800.0,450.0,2
Chandigarh,25.0,46600.0,260.0,130.0,0
Bengaluru,18.0,39200.0,390.0,130.0,0
Mumbai,18.0,24800.0,830.0,300.0,0
Lucknow,42.0,81300.0,750.0,130.0,2
Pune,41.0,13200.0,450.0,130.0,0
Patna,28.0,48800.0,370.0,130.0,0
Visakhapatnam,50.0,57500.0,1140.0,450.0,2
Mumbai,32.0,39200.0,360.0,130.0,0
Hyderabad,25.0,67100.0,540.0,300.0,2
Mumbai,40.0,68500.0,680.0,130.0,2
Delhi,27.0,60300.0,490.0,700.0,1
Mumbai,31.0,92200.0,320.0,130.0,2
Coimbatore,29.0,9900.0,260.0,130.0,0
Chennai,20.0,20400.0,450.0,450.0,1
Bengaluru,39.0,107500.0,1060.0,130.0,2
Indore,18.0,46400.0,520.0,450.0,1
Surat,21.0,47800.0,430.0,90.0,0
Pune,27.0,82500.0,840.0,130.0,2
Hyderabad,35.0,80700.0,1050.0,450.0,2
Hyderabad,21.0,41700.0,530.0,300.0,0
Kochi,35.0,79500.0,990.0,90.0,2
Kochi,27.0,52300.0,540.0,450.0,1
Jaipur,18.0,46800.0,1230.0,90.0,2
Jaipur,25.0,8900.0,400.0,90.0,0
Bhopal,26.0,11400.0,270.0,450.0,1
Kolkata,39.0,78900.0,1060.0,130.0,2
Delhi,38.0,54400.0,960.0,450.0,2
Hyderabad,27.0,40000.0,210.0,300.0,0
Ahmedabad,31.0,73500.0,680.0,450.0,1
Ahmedabad,32.0,77500.0,200.0,130.0,0
Hyderabad,27.0,52300.0,570.0,130.0,0
Chennai,34.0,9600.0,640.0,300.0,0
Bengaluru,40.0,14000.0,550.0,300.0,0
Delhi,21.0,38900.0,450.0,450.0,1
Pune,18.0,35600.0,840.0,130.0,0
Delhi,29.0,11000.0,520.0,450.0,1
Kolkata,18.0,8600.0,300.0,300.0,0
Bhopal,35.0,100900.0,310.0,90.0,2
Coimbatore,27.0,93600.0,690.0,130.0,2
Jaipur,24.0,33700.0,490.0,450.0,1
Coimbatore,21.0,19600.0,290.0,450.0,1
Pune,26.0,99900.0,540.0,300.0,2
Nagpur,38.0,32100.0,310.0,300.0,0
Bengaluru,27.0,71800.0,520.0,700.0,1
Jaipur,18.0,36600.0,140.0,130.0,0
Kolkata,37.0,41200.0,1080.0,130.0,2
Delhi,29.0,14900.0,460.0,130.0,0
Ahmedabad,33.0,93200.0,790.0,300.0,2
Delhi,37.0,71700.0,300.0,130.0,0
Chandigarh,31.0,69300.0,570.0,130.0,2
Surat,18.0,41000.0,510.0,700.0,1
Kolkata,40.0,29300.0,290.0,450.0,1
Pune,30.0,85900.0,560.0,130.0,2
Chandigarh,40.0,14500.0,310.0,300.0,0
Visakhapatnam,28.0,45200.0,580.0,450.0,1
Bhubaneswar,43.0,11700.0,150.0,450.0,1
Chandigarh,34.0,6600.0,970.0,130.0,0
Visakhapatnam,34.0,7300.0,420.0,90.0,0
Delhi,27.0,51800.0,1020.0,300.0,2
Coimbatore,26.0,53000.0,1360.0,300.0,2
Mumbai,29.0,40000.0,480.0,300.0,0
Delhi,29.0,10700.0,210.0,130.0,0
Delhi,39.0,61800.0,510.0,300.0,0
Delhi,28.0,69300.0,220.0,130.0,0
Delhi,31.0,11300.0,150.0,300.0,0
Pune,24.0,96300.0,580.0,90.0,2
Bengaluru,33.0,116200.0,1500.0,300.0,2
Kolkata,21.0,38500.0,460.0,300.0,0
Jaipur,23.0,34100.0,470.0,450.0,1
Delhi,35.0,111100.0,870.0,450.0,2
Delhi,29.0,58600.0,940.0,90.0,2
Jaipur,27.0,33000.0,270.0,450.0,1
Pune,31.0,11300.0,470.0,90.0,0
Indore,24.0,69600.0,640.0,300.0,2
Mumbai,41.0,12500.0,180.0,450.0,1
Bengaluru,25.0,51300.0,320.0,450.0,1
Hyderabad,29.0,9400.0,530.0,300.0,0
Kolkata,18.0,55400.0,670.0,130.0,2
Bhubaneswar,46.0,46800.0,360.0,300.0,0
Chandigarh,32.0,50000.0,340.0,130.0,0
Chandigarh,34.0,69300.0,290.0,90.0,0
Nagpur,37.0,50200.0,490.0,300.0,0
Hyderabad,26.0,39900.0,290.0,300.0,0
Delhi,32.0,53700.0,840.0,300.0,2
Kochi,20.0,20000.0,460.0,130.0,0
Kolkata,23.0,46800.0,410.0,300.0,0
Pune,25.0,13700.0,350.0,300.0,0
Kolkata,39.0,45000.0,700.0,130.0,0
Kochi,23.0,68200.0,1310.0,450.0,2
Kolkata,26.0,69400.0,460.0,90.0,0
Jaipur,44.0,12300.0,100.0,300.0,0
Hyderabad,19.0,52300.0,920.0,300.0,2
Nagpur,45.0,10900.0,170.0,300.0,0
Visakhapatnam,41.0,62500.0,780.0,450.0,1
Jaipur,23.0,10400.0,490.0,90.0,0
Mumbai,22.0,25300.0,360.0,300.0,0
Chennai,35.0,44700.0,550.0,130.0,0
Mumbai,29.0,79300.0,860.0,130.0,2
Lucknow,34.0,88100.0,1700.0,90.0,2
Coimbatore,39.0,46700.0,720.0,700.0,1
Surat,36.0,69700.0,670.0,90.0,2
Pune,30.0,11400.0,370.0,300.0,0
Kolkata,30.0,9500.0,820.0,700.0,1
Bhopal,36.0,85700.0,1500.0,130.0,2
Surat,42.0,31200.0,250.0,300.0,0
Chandigarh,37.0,51100.0,490.0,300.0,0
Mumbai,26.0,68800.0,330.0,700.0,1
Hyderabad,42.0,39500.0,470.0,90.0,0
Hyderabad,32.0,42200.0,1170.0,90.0,2
Surat,33.0,34600.0,1210.0,90.0,2
Bhopal,34.0,33000.0,480.0,300.0,0
Indore,43.0,10500.0,350.0,130.0,0
Hyderabad,28.0,91200.0,530.0,300.0,2
Chennai,52.0,69600.0,720.0,130.0,2
Mumbai,20.0,9200.0,370.0,300.0,0
Chennai,50.0,14600.0,530.0,450.0,1
Kochi,29.0,40900.0,310.0,130.0,0
Chandigarh,31.0,27500.0,340.0,130.0,0
Patna,23.0,37900.0,150.0,450.0,1
Jaipur,47.0,59400.0,1230.0,300.0,2
Surat,30.0,100400.0,960.0,90.0,2
Visakhapatnam,32.0,27500.0,780.0,450.0,1
Delhi,25.0,27500.0,680.0,300.0,0
Kochi,26.0,7800.0,180.0,700.0,1
Mumbai,25.0,57000.0,380.0,130.0,0
Hyderabad,44.0,15900.0,200.0,700.0,1
Ahmedabad,31.0,30900.0,680.0,130.0,0
Kolkata,23.0,53500.0,350.0,300.0,0
Mumbai,44.0,52900.0,310.0,450.0,1
Indore,18.0,45300.0,730.0,450.0,1
Bengaluru,30.0,80500.0,440.0,700.0,1
Chennai,18.0,25200.0,310.0,130.0,0
Jaipur,23.0,16800.0,740.0,130.0,0
Lucknow,19.0,82900.0,490.0,130.0,2
Kolkata,18.0,58900.0,1450.0,90.0,2
Lucknow,33.0,111000.0,920.0,300.0,2
Hyderabad,37.0,97400.0,540.0,130.0,2
Kochi,41.0,24000.0,340.0,300.0,0
Visakhapatnam,27.0,28300.0,560.0,450.0,1
Kochi,37.0,72800.0,1500.0,90.0,2
Delhi,36.0,101900.0,270.0,130.0,2
Delhi,18.0,86800.0,1320.0,90.0,2
Chandigarh,31.0,11400.0,500.0,130.0,0
Hyderabad,40.0,11100.0,440.0,450.0,1
Indore,32.0,10300.0,260.0,450.0,1
Nagpur,21.0,58500.0,440.0,300.0,0
Chennai,41.0,54600.0,720.0,300.0,2
Hyderabad,23.0,63200.0,1230.0,300.0,2
Mumbai,26.0,39400.0,650.0,300.0,0
Bengaluru,34.0,43400.0,150.0,90.0,0
Surat,49.0,15100.0,230.0,130.0,0
Delhi,39.0,10700.0,300.0,130.0,0
Coimbatore,38.0,86200.0,190.0,450.0,1
Mumbai,43.0,12100.0,220.0,300.0,0
Coimbatore,37.0,15300.0,420.0,130.0,0
Nagpur,27.0,100700.0,1090.0,130.0,2
Kochi,39.0,26600.0,430.0,130.0,0
Mumbai,18.0,27500.0,290.0,450.0,1
Ahmedabad,32.0,35100.0,230.0,700.0,1
Hyderabad,24.0,37500.0,210.0,300.0,0
Bengaluru,25.0,72700.0,1030.0,450.0,2
Delhi,47.0,11300.0,1180.0,90.0,0
Patna,21.0,9700.0,510.0,130.0,0
Visakhapatnam,18.0,70500.0,1030.0,300.0,2
Coimbatore,26.0,8000.0,320.0,130.0,0
Bengaluru,18.0,75700.0,1070.0,90.0,2
Indore,18.0,37700.0,770.0,300.0,0
Delhi,47.0,119600.0,770.0,700.0,1
Indore,18.0,6600.0,130.0,130.0,0
Visakhapatnam,35.0,54900.0,950.0,700.0,1
Coimbatore,34.0,107800.0,1470.0,130.0,2
Lucknow,24.0,59100.0,380.0,90.0,0
Ahmedabad,26.0,45800.0,830.0,130.0,2
Indore,23.0,77300.0,170.0,130.0,0
Bhopal,25.0,10000.0,190.0,90.0,0
Mumbai,38.0,47800.0,300.0,90.0,0
Hyderabad,29.0,41000.0,540.0,130.0,0
Visakhapatnam,39.0,59500.0,380.0,450.0,1
Delhi,18.0,44800.0,1370.0,130.0,2
Kolkata,22.0,109400.0,430.0,300.0,2
Kolkata,26.0,31100.0,340.0,450.0,1
Nagpur,39.0,13800.0,490.0,450.0,1
Surat,34.0,70300.0,870.0,130.0,2
Kolkata,30.0,78100.0,970.0,90.0,2
Bengaluru,29.0,52000.0,470.0,300.0,0
Bhopal,34.0,93400.0,770.0,130.0,2
Jaipur,35.0,10200.0,300.0,450.0,1
Delhi,19.0,51900.0,520.0,130.0,0
Bengaluru,44.0,17400.0,990.0,90.0,0
Lucknow,44.0,82400.0,620.0,700.0,1
Coimbatore,24.0,25700.0,110.0,450.0,1
Bengaluru,38.0,11500.0,140.0,130.0,0
Bengaluru,41.0,81400.0,580.0,300.0,2
Chennai,18.0,57400.0,250.0,300.0,0
Bengaluru,35.0,61200.0,540.0,130.0,0
Mumbai,26.0,13000.0,210.0,300.0,0
Pune,18.0,36600.0,250.0,450.0,1
Ahmedabad,31.0,34300.0,750.0,130.0,0
Chennai,32.0,39200.0,640.0,300.0,0
Bengaluru,29.0,46800.0,220.0,300.0,0
Surat,36.0,104800.0,580.0,130.0,2
Chennai,23.0,44800.0,460.0,130.0,0
Bengaluru,38.0,103300.0,660.0,450.0,2
Coimbatore,24.0,73700.0,370.0,130.0,0
Jaipur,32.0,10900.0,780.0,300.0,0
Jaipur,31.0,52300.0,930.0,90.0,2
Jaipur,26.0,29100.0,420.0,450.0,1
Coimbatore,28.0,55200.0,1440.0,700.0,1
Ahmedabad,33.0,67100.0,920.0,300.0,2
Hyderabad,31.0,97300.0,830.0,130.0,2
Delhi,39.0,15300.0,240.0,90.0,0
Mumbai,30.0,87900.0,1120.0,450.0,2
Delhi,49.0,93700.0,910.0,300.0,2
Coimbatore,31.0,70300.0,370.0,90.0,0
Jaipur,35.0,57400.0,480.0,300.0,0
Coimbatore,22.0,30800.0,560.0,90.0,0
Kolkata,50.0,97100.0,1230.0,90.0,2
Bengaluru,42.0,87200.0,910.0,300.0,2
Bhopal,35.0,84000.0,530.0,90.0,2
Delhi,37.0,118400.0,1060.0,130.0,2
Coimbatore,38.0,47100.0,590.0,300.0,0
Kochi,32.0,9300.0,620.0,700.0,1
Kolkata,52.0,116600.0,1410.0,300.0,2
Ahmedabad,27.0,44200.0,320.0,90.0,0
Delhi,18.0,59600.0,150.0,450.0,1
Pune,31.0,72900.0,1730.0,300.0,2
Pune,31.0,50400.0,300.0,700.0,1
Surat,33.0,84900.0,780.0,90.0,2
Jaipur,22.0,76800.0,1090.0,130.0,2
Delhi,29.0,46500.0,700.0,450.0,1
Coimbatore,27.0,40900.0,830.0,450.0,1
Bhubaneswar,27.0,42100.0,170.0,450.0,1
Mumbai,24.0,19300.0,530.0,300.0,0
Bengaluru,36.0,88200.0,300.0,90.0,2
Nagpur,22.0,10100.0,270.0,90.0,0
Kolkata,25.0,26900.0,400.0,90.0,0
Ahmedabad,28.0,72300.0,560.0,450.0,1
Mumbai,37.0,31400.0,420.0,130.0,0
Nagpur,33.0,11700.0,450.0,700.0,1
Bengaluru,39.0,91000.0,1020.0,300.0,2
Bengaluru,28.0,105700.0,700.0,450.0,2
Ahmedabad,33.0,35500.0,220.0,300.0,0
Chandigarh,33.0,109400.0,1060.0,130.0,2
Mumbai,32.0,46000.0,300.0,130.0,0
Kochi,19.0,71500.0,740.0,700.0,1
Mumbai,34.0,47700.0,480.0,300.0,0
Ahmedabad,28.0,34100.0,510.0,90.0,0
Pune,24.0,24800.0,360.0,450.0,1
Visakhapatnam,52.0,121300.0,660.0,130.0,2
Delhi,18.0,8700.0,410.0,90.0,0
Bengaluru,30.0,8300.0,680.0,130.0,0
Bhopal,35.0,46200.0,960.0,700.0,1
Chennai,31.0,60300.0,530.0,300.0,0
Kochi,28.0,18800.0,450.0,300.0,0
Nagpur,19.0,88600.0,1680.0,300.0,2
Delhi,26.0,46800.0,430.0,90.0,0
Pune,42.0,52200.0,500.0,130.0,0
Patna,33.0,77200.0,960.0,300.0,2
Delhi,29.0,68300.0,650.0,450.0,1
Kolkata,32.0,131100.0,820.0,700.0,2
Surat,30.0,49100.0,280.0,300.0,0
Visakhapatnam,29.0,108100.0,1110.0,130.0,2
Jaipur,18.0,33400.0,650.0,300.0,0
Chandigarh,29.0,39900.0,140.0,90.0,0
Surat,31.0,85700.0,340.0,300.0,2
Pune,29.0,87400.0,1200.0,300.0,2
Chandigarh,24.0,36500.0,660.0,90.0,0
Delhi,18.0,49900.0,180.0,300.0,0
Bengaluru,33.0,63300.0,430.0,130.0,0
Ahmedabad,37.0,92200.0,380.0,300.0,2
Chennai,26.0,46800.0,610.0,450.0,1
Kolkata,19.0,31000.0,1260.0,300.0,2
Lucknow,41.0,69600.0,1540.0,130.0,2
Pune,18.0,39400.0,890.0,130.0,2
Delhi,41.0,54500.0,400.0,130.0,0
Chennai,37.0,44800.0,460.0,130.0,0
Patna,27.0,34100.0,230.0,700.0,1
Mumbai,18.0,52300.0,610.0,300.0,0
Jaipur,43.0,29600.0,860.0,450.0,1
Coimbatore,18.0,63100.0,520.0,300.0,2
Bengaluru,32.0,38200.0,350.0,130.0,0
Pune,27.0,32400.0,1020.0,450.0,1
Hyderabad,24.0,12500.0,610.0,450.0,1
Bengaluru,30.0,97000.0,360.0,300.0,2
Lucknow,23.0,40500.0,420.0,300.0,0
Jaipur,28.0,33600.0,460.0,130.0,0
Hyderabad,30.0,100900.0,1690.0,450.0,2
Mumbai,38.0,20600.0,410.0,300.0,0
Surat,26.0,62500.0,900.0,90.0,2
Indore,35.0,16200.0,440.0,700.0,1
Bhopal,33.0,33300.0,530.0,130.0,0
Pune,20.0,51900.0,190.0,90.0,0
Kochi,27.0,59000.0,360.0,130.0,0
Pune,26.0,33600.0,300.0,700.0,1
Delhi,19.0,9000.0,270.0,300.0,0
Kochi,21.0,113000.0,1530.0,300.0,2
Hyderabad,18.0,35600.0,720.0,130.0,0
Patna,32.0,29000.0,420.0,130.0,0
Chandigarh,21.0,44000.0,720.0,90.0,0
Mumbai,34.0,47400.0,620.0,90.0,0
Bhubaneswar,40.0,96900.0,1640.0,130.0,2
Ahmedabad,22.0,41600.0,520.0,300.0,0
Bengaluru,22.0,44800.0,680.0,450.0,1
Hyderabad,27.0,63900.0,810.0,300.0,2
Delhi,29.0,60000.0,460.0,90.0,0
Delhi,38.0,88900.0,960.0,300.0,2
Ahmedabad,20.0,52800.0,390.0,130.0,0
Kochi,28.0,36300.0,730.0,130.0,0
Jaipur,31.0,50400.0,450.0,130.0,0
Jaipur,39.0,9800.0,320.0,300.0,0
Pune,42.0,55900.0,1160.0,130.0,2
Delhi,21.0,64500.0,490.0,300.0,0
Ahmedabad,30.0,30700.0,300.0,300.0,0
Kochi,22.0,40200.0,400.0,450.0,1
Ahmedabad,33.0,12600.0,510.0,300.0,0
Jaipur,18.0,36100.0,470.0,450.0,1
Surat,26.0,65300.0,1060.0,300.0,2
Patna,25.0,80700.0,1620.0,90.0,2
Bengaluru,29.0,10800.0,230.0,130.0,0
Chennai,22.0,7700.0,420.0,300.0,0
Chennai,36.0,70500.0,330.0,130.0,0
Chennai,23.0,82700.0,320.0,130.0,2
Ahmedabad,30.0,37200.0,410.0,450.0,1
Nagpur,43.0,93700.0,380.0,130.0,2
Hyderabad,19.0,8800.0,200.0,300.0,0
Bengaluru,24.0,31300.0,240.0,450.0,1
Jaipur,22.0,24800.0,440.0,300.0,0
Bhopal,41.0,90000.0,1200.0,450.0,2
Ahmedabad,35.0,27500.0,260.0,90.0,0
Bengaluru,39.0,13800.0,290.0,300.0,0
Patna,34.0,52800.0,230.0,300.0,0
Delhi,38.0,31500.0,280.0,130.0,0
Chandigarh,41.0,55600.0,500.0,450.0,1
Chennai,32.0,6700.0,530.0,130.0,0
Kolkata,42.0,54700.0,780.0,90.0,2
Bengaluru,47.0,123900.0,1850.0,130.0,2
Surat,26.0,49600.0,480.0,130.0,0
Coimbatore,31.0,33000.0,710.0,90.0,0
Mumbai,39.0,10900.0,550.0,450.0,1
Chennai,18.0,57700.0,400.0,90.0,0
Hyderabad,38.0,49000.0,660.0,300.0,0
Indore,44.0,52700.0,640.0,300.0,0
Ahmedabad,29.0,9500.0,370.0,130.0,0
Bhubaneswar,50.0,55400.0,370.0,90.0,0
Ahmedabad,20.0,11400.0,240.0,130.0,0
Delhi,30.0,27500.0,740.0,450.0,1
Lucknow,37.0,110100.0,1270.0,300.0,2
Bengaluru,35.0,47100.0,660.0,130.0,0
Ahmedabad,22.0,9700.0,300.0,450.0,1
Bengaluru,23.0,32900.0,570.0,130.0,0
Delhi,29.0,16600.0,420.0,450.0,1
Bengaluru,32.0,83800.0,670.0,450.0,2
Lucknow,44.0,46700.0,600.0,300.0,0
Mumbai,31.0,10400.0,680.0,450.0,1
Bengaluru,27.0,81600.0,1070.0,300.0,2
Kolkata,18.0,7200.0,320.0,90.0,0
Lucknow,18.0,22800.0,320.0,300.0,0
Ahmedabad,32.0,67600.0,260.0,300.0,0
Chandigarh,35.0,44200.0,320.0,130.0,0
Nagpur,24.0,52200.0,300.0,90.0,0
Nagpur,37.0,33100.0,840.0,90.0,0
Lucknow,25.0,79700.0,910.0,700.0,1
Kochi,41.0,60000.0,570.0,700.0,1
Bhubaneswar,37.0,63900.0,1000.0,300.0,2
Lucknow,40.0,12600.0,450.0,130.0,0
Lucknow,26.0,41200.0,250.0,300.0,0
Jaipur,22.0,38200.0,500.0,130.0,0
Chennai,19.0,7000.0,240.0,90.0,0
Ahmedabad,31.0,53000.0,440.0,130.0,0
Delhi,28.0,59600.0,840.0,90.0,2
Patna,22.0,53500.0,360.0,300.0,0
Patna,18.0,73600.0,550.0,90.0,2
Pune,44.0,98700.0,880.0,300.0,2
Jaipur,18.0,53900.0,340.0,450.0,1
Chennai,21.0,27500.0,510.0,130.0,0
Jaipur,24.0,35900.0,720.0,130.0,0
Mumbai,34.0,46600.0,690.0,130.0,0
Kolkata,28.0,74800.0,510.0,450.0,1
Hyderabad,18.0,7900.0,610.0,450.0,1
Delhi,36.0,10100.0,250.0,300.0,0
Chennai,26.0,47400.0,160.0,450.0,1
Delhi,37.0,54800.0,1050.0,130.0,2
Bengaluru,20.0,31200.0,430.0,130.0,0
Kolkata,54.0,55600.0,200.0,300.0,0
Pune,27.0,79800.0,1140.0,130.0,2
Ahmedabad,33.0,13500.0,210.0,130.0,0
Bengaluru,26.0,41100.0,230.0,300.0,0
Surat,32.0,86800.0,1230.0,300.0,2
Visakhapatnam,39.0,46100.0,380.0,130.0,0
Bengaluru,41.0,75800.0,530.0,130.0,2
Hyderabad,28.0,51000.0,150.0,130.0,0
Lucknow,18.0,33400.0,580.0,450.0,1
Jaipur,19.0,21100.0,270.0,90.0,0
Kolkata,30.0,35800.0,750.0,300.0,0
Coimbatore,36.0,42100.0,170.0,450.0,1
Lucknow,32.0,70100.0,720.0,300.0,2
Jaipur,37.0,48700.0,350.0,300.0,0
Bengaluru,28.0,36400.0,640.0,90.0,0
Pune,41.0,49000.0,440.0,300.0,0
Chandigarh,49.0,13800.0,370.0,300.0,0
Indore,45.0,28100.0,1350.0,130.0,2
Kochi,24.0,89800.0,650.0,300.0,2
Kolkata,18.0,39300.0,200.0,300.0,0
Indore,26.0,84100.0,610.0,90.0,2
Bengaluru,21.0,31200.0,500.0,700.0,1
Bhubaneswar,28.0,24700.0,340.0,450.0,1
Coimbatore,40.0,42900.0,170.0,300.0,0
Hyderabad,43.0,8700.0,510.0,300.0,0
Kolkata,26.0,38000.0,870.0,90.0,0
Chennai,31.0,76000.0,890.0,130.0,2
Bhubaneswar,36.0,11800.0,690.0,90.0,0
Lucknow,31.0,55200.0,270.0,700.0,1
Surat,39.0,9200.0,290.0,300.0,0
Coimbatore,25.0,63700.0,510.0,300.0,2
Chennai,27.0,59900.0,200.0,450.0,1
Delhi,30.0,51400.0,310.0,300.0,0
Bengaluru,24.0,55700.0,1310.0,90.0,2
Kolkata,18.0,47600.0,270.0,90.0,0
Bhopal,25.0,62000.0,550.0,130.0,0
Ahmedabad,18.0,9600.0,230.0,130.0,0
Bhopal,25.0,60100.0,200.0,130.0,0
Surat,27.0,10100.0,590.0,130.0,0
Indore,21.0,41300.0,150.0,300.0,0
Mumbai,43.0,31800.0,240.0,130.0,0
Pune,21.0,81600.0,810.0,130.0,2
Chennai,47.0,59500.0,660.0,130.0,2
Pune,26.0,66500.0,350.0,300.0,0
Hyderabad,18.0,46800.0,200.0,300.0,0
Visakhapatnam,39.0,12000.0,400.0,450.0,1
Hyderabad,31.0,103000.0,1010.0,300.0,2
Bengaluru,33.0,10600.0,220.0,450.0,1
Lucknow,24.0,46500.0,840.0,90.0,2
Bhopal,37.0,9200.0,570.0,450.0,1
Mumbai,37.0,30600.0,280.0,450.0,1
Mumbai,36.0,47100.0,540.0,300.0,0
Hyderabad,22.0,62800.0,450.0,130.0,0
Pune,24.0,79100.0,1130.0,130.0,2
Chandigarh,18.0,27500.0,400.0,450.0,1
Mumbai,18.0,30600.0,590.0,130.0,0
Pune,33.0,36800.0,250.0,130.0,0
Lucknow,33.0,66800.0,270.0,450.0,1
Jaipur,40.0,50000.0,470.0,300.0,0
Pune,24.0,39800.0,560.0,450.0,1
Ahmedabad,28.0,7900.0,510.0,130.0,0
Kolkata,19.0,49200.0,290.0,130.0,0
Lucknow,35.0,41900.0,840.0,130.0,2
Bengaluru,39.0,14700.0,430.0,450.0,1
Lucknow,22.0,75600.0,240.0,300.0,0
Mumbai,27.0,6900.0,300.0,300.0,0
Delhi,28.0,35000.0,430.0,700.0,1
Mumbai,25.0,82300.0,510.0,450.0,1
Pune,18.0,88900.0,190.0,130.0,0
Chennai,18.0,60000.0,510.0,450.0,1
Delhi,29.0,29800.0,430.0,300.0,0
Surat,18.0,56100.0,900.0,130.0,2
Coimbatore,28.0,8500.0,150.0,130.0,0
Pune,31.0,28100.0,290.0,130.0,0
Delhi,29.0,48800.0,420.0,90.0,0
Bengaluru,44.0,109100.0,850.0,300.0,2
Indore,32.0,15000.0,150.0,90.0,0
Chennai,23.0,36400.0,660.0,300.0,0
Kolkata,29.0,55600.0,490.0,130.0,0
Mumbai,29.0,46800.0,770.0,300.0,2
Delhi,37.0,59100.0,430.0,130.0,0
Ahmedabad,28.0,37000.0,480.0,450.0,1
Hyderabad,26.0,6600.0,240.0,130.0,0
Chennai,50.0,54900.0,790.0,300.0,2
Mumbai,25.0,15200.0,930.0,90.0,0
Nagpur,18.0,27500.0,510.0,130.0,0
Hyderabad,34.0,45700.0,670.0,450.0,1
Chennai,30.0,72500.0,970.0,300.0,2
Pune,38.0,30700.0,1040.0,700.0,1
Surat,26.0,38500.0,230.0,300.0,0
Mumbai,46.0,12300.0,790.0,300.0,0
Chandigarh,28.0,48900.0,1220.0,130.0,2
Chennai,46.0,15500.0,320.0,300.0,0
Coimbatore,29.0,31900.0,250.0,300.0,0
Lucknow,28.0,64600.0,430.0,300.0,0
Mumbai,46.0,49700.0,380.0,300.0,0
Ahmedabad,25.0,46800.0,170.0,130.0,0
Hyderabad,32.0,113600.0,1060.0,130.0,2
Bengaluru,34.0,13800.0,140.0,450.0,1
Hyderabad,31.0,34000.0,680.0,130.0,0
Bengaluru,26.0,51400.0,290.0,90.0,0
Delhi,24.0,60900.0,840.0,450.0,1
Mumbai,28.0,70600.0,320.0,300.0,0
Bhubaneswar,32.0,24400.0,390.0,450.0,1
Lucknow,28.0,115400.0,590.0,450.0,2
Bengaluru,31.0,70100.0,320.0,300.0,0
Mumbai,22.0,37200.0,600.0,300.0,0
Bengaluru,28.0,60600.0,550.0,300.0,2
Indore,39.0,12300.0,380.0,450.0,1
Bengaluru,37.0,14300.0,820.0,450.0,1
Ahmedabad,29.0,6700.0,180.0,90.0,0
Chennai,47.0,73600.0,830.0,130.0,2
Jaipur,33.0,11800.0,500.0,300.0,0
Indore,31.0,29000.0,520.0,130.0,0
Bhubaneswar,35.0,47900.0,260.0,300.0,0
Visakhapatnam,31.0,33200.0,580.0,130.0,0
Visakhapatnam,18.0,36700.0,300.0,300.0,0
Surat,23.0,27500.0,820.0,90.0,0
Coimbatore,29.0,33700.0,230.0,130.0,0
Visakhapatnam,42.0,96800.0,190.0,130.0,2
Kochi,18.0,76200.0,330.0,450.0,1
Bengaluru,41.0,77900.0,700.0,300.0,2
Bengaluru,25.0,76200.0,270.0,300.0,0
Visakhapatnam,35.0,11100.0,1020.0,130.0,0
Patna,32.0,105400.0,1120.0,300.0,2
Chennai,38.0,85400.0,580.0,130.0,2
Delhi,40.0,26600.0,990.0,300.0,2
Bhopal,35.0,77700.0,440.0,450.0,1
Kolkata,38.0,84700.0,1030.0,300.0,2
Indore,20.0,53700.0,690.0,300.0,2
Lucknow,18.0,46800.0,230.0,700.0,1
Bengaluru,24.0,26700.0,790.0,450.0,1
Lucknow,27.0,88300.0,490.0,450.0,1
Jaipur,32.0,65500.0,730.0,700.0,1
Hyderabad,20.0,8700.0,590.0,300.0,0
Kolkata,38.0,64400.0,470.0,130.0,0
Chennai,34.0,10700.0,440.0,130.0,0
Bengaluru,36.0,86300.0,990.0,300.0,2
Surat,28.0,101300.0,920.0,300.0,2
Visakhapatnam,33.0,50600.0,560.0,90.0,0
Delhi,38.0,13800.0,590.0,300.0,0
Mumbai,34.0,111400.0,1150.0,300.0,2
Lucknow,24.0,18400.0,370.0,90.0,0
Mumbai,19.0,57500.0,1090.0,300.0,2
Bengaluru,18.0,24800.0,680.0,130.0,0
Bengaluru,44.0,55000.0,470.0,300.0,0
Coimbatore,18.0,46800.0,550.0,90.0,0
Mumbai,40.0,9600.0,270.0,300.0,0
Bengaluru,19.0,45900.0,710.0,90.0,0
Mumbai,38.0,71900.0,730.0,450.0,2
Bengaluru,28.0,52000.0,550.0,300.0,0
Hyderabad,38.0,120200.0,860.0,300.0,2
Surat,23.0,96600.0,370.0,450.0,1
Kolkata,27.0,28400.0,260.0,300.0,0
Chennai,31.0,69000.0,840.0,300.0,2
Mumbai,34.0,52300.0,450.0,130.0,0
Nagpur,35.0,88800.0,230.0,300.0,2
Visakhapatnam,23.0,93200.0,380.0,130.0,2
Indore,30.0,49600.0,700.0,450.0,1
Hyderabad,45.0,99300.0,1310.0,300.0,2
Pune,27.0,102000.0,840.0,130.0,2
Hyderabad,30.0,46300.0,620.0,300.0,0
Lucknow,19.0,37900.0,270.0,130.0,0
Delhi,21.0,39200.0,750.0,130.0,0
Ahmedabad,35.0,62400.0,520.0,300.0,0
Hyderabad,29.0,12300.0,510.0,300.0,0
Bhopal,22.0,70900.0,270.0,300.0,0
Visakhapatnam,40.0,77900.0,1420.0,700.0,2
Kolkata,28.0,62200.0,1040.0,90.0,2
Pune,29.0,95200.0,220.0,450.0,1
Delhi,18.0,23500.0,320.0,300.0,0
Coimbatore,25.0,71600.0,730.0,130.0,2
Pune,20.0,66200.0,520.0,130.0,0
Mumbai,41.0,113300.0,780.0,450.0,2
Visakhapatnam,33.0,44600.0,280.0,90.0,0
Delhi,22.0,93300.0,310.0,130.0,2
Bhubaneswar,21.0,12300.0,190.0,450.0,1
Bengaluru,35.0,132400.0,410.0,300.0,2
Hyderabad,31.0,13800.0,360.0,90.0,0
Mumbai,26.0,49300.0,1020.0,300.0,2
Ahmedabad,43.0,49200.0,490.0,300.0,0
Coimbatore,20.0,8000.0,270.0,300.0,0
Delhi,32.0,61500.0,650.0,300.0,2
Hyderabad,18.0,49800.0,240.0,300.0,0
Visakhapatnam,32.0,11400.0,570.0,300.0,0
Surat,33.0,58200.0,400.0,300.0,0
Jaipur,38.0,60900.0,690.0,300.0,2
Hyderabad,44.0,11100.0,310.0,300.0,0
Bhubaneswar,43.0,60600.0,320.0,300.0,0
Bhopal,28.0,6600.0,160.0,130.0,0
Mumbai,34.0,8800.0,220.0,130.0,0
Patna,23.0,42000.0,380.0,450.0,1
Chennai,44.0,86500.0,530.0,450.0,2
Patna,39.0,9400.0,550.0,300.0,0
Mumbai,39.0,16500.0,220.0,90.0,0
Patna,29.0,69300.0,340.0,450.0,1
Pune,28.0,36500.0,420.0,300.0,0
Jaipur,23.0,27500.0,130.0,90.0,0
Delhi,46.0,52900.0,380.0,130.0,0
Pune,38.0,54500.0,1120.0,450.0,2
Pune,35.0,91100.0,840.0,300.0,2
Jaipur,18.0,46800.0,430.0,90.0,0
Delhi,22.0,44200.0,400.0,300.0,0
Ahmedabad,26.0,101600.0,790.0,300.0,2
Pune,36.0,58300.0,320.0,300.0,0
Kolkata,34.0,39100.0,630.0,90.0,0
Pune,41.0,68000.0,430.0,450.0,1
Jaipur,19.0,29300.0,460.0,130.0,0
Visakhapatnam,38.0,32700.0,250.0,130.0,0
Nagpur,18.0,58800.0,400.0,450.0,1
Kolkata,24.0,56200.0,610.0,300.0,2
Chennai,34.0,41700.0,1040.0,700.0,1
Hyderabad,35.0,50400.0,460.0,130.0,0
Surat,28.0,8500.0,480.0,300.0,0
Bengaluru,41.0,28700.0,230.0,90.0,0
Kolkata,28.0,6600.0,240.0,300.0,0
Ahmedabad,33.0,62400.0,740.0,300.0,2
Jaipur,18.0,27500.0,1100.0,300.0,2
Bengaluru,26.0,42500.0,560.0,300.0,0
Pune,18.0,57100.0,280.0,300.0,0
Pune,33.0,59500.0,630.0,300.0,2
Hyderabad,36.0,101500.0,1170.0,90.0,2
Hyderabad,28.0,36400.0,270.0,300.0,0
Indore,39.0,81100.0,710.0,130.0,2
Lucknow,29.0,71800.0,330.0,700.0,1
Bengaluru,36.0,45600.0,670.0,300.0,0
Chandigarh,24.0,9100.0,210.0,130.0,0
Bengaluru,19.0,83700.0,830.0,90.0,2
Ahmedabad,28.0,57300.0,470.0,700.0,1
Hyderabad,46.0,88400.0,790.0,130.0,2
Mumbai,38.0,12600.0,320.0,300.0,0
Bhubaneswar,23.0,64600.0,560.0,450.0,1
Lucknow,32.0,81000.0,1470.0,130.0,2
Indore,27.0,72700.0,640.0,700.0,1
Coimbatore,36.0,92600.0,210.0,700.0,1
Mumbai,28.0,59600.0,860.0,90.0,2
Chennai,35.0,50100.0,950.0,300.0,2
Bengaluru,38.0,42800.0,390.0,300.0,0
Mumbai,34.0,38700.0,1300.0,700.0,1
Hyderabad,40.0,39700.0,130.0,130.0,0
Pune,38.0,61100.0,180.0,130.0,0
Bengaluru,42.0,39100.0,1120.0,90.0,2
Indore,26.0,15400.0,340.0,90.0,0
Lucknow,33.0,9400.0,100.0,300.0,0
Bengaluru,30.0,81700.0,670.0,130.0,2
Hyderabad,21.0,27500.0,290.0,130.0,0
Surat,39.0,95300.0,670.0,130.0,2
Delhi,43.0,64400.0,610.0,450.0,1
Bengaluru,19.0,52300.0,980.0,450.0,2
Lucknow,41.0,46800.0,850.0,130.0,2
Delhi,43.0,78200.0,750.0,90.0,2
Hyderabad,33.0,8600.0,700.0,300.0,0
Indore,36.0,33000.0,390.0,300.0,0
Coimbatore,37.0,31800.0,390.0,450.0,1
Bengaluru,18.0,56800.0,890.0,130.0,2
Visakhapatnam,23.0,41200.0,590.0,90.0,0
Bengaluru,38.0,76400.0,470.0,450.0,1
Delhi,23.0,55700.0,490.0,300.0,0
Visakhapatnam,37.0,84100.0,1090.0,130.0,2
Bhubaneswar,43.0,44300.0,140.0,90.0,0
Pune,23.0,27500.0,140.0,90.0,0
Indore,32.0,22200.0,200.0,90.0,0
Nagpur,32.0,8400.0,550.0,130.0,0
Delhi,18.0,44200.0,270.0,130.0,0
Jaipur,29.0,28700.0,210.0,130.0,0
Kolkata,49.0,38800.0,650.0,300.0,0
Bengaluru,45.0,78300.0,1730.0,130.0,2
Delhi,25.0,88100.0,510.0,130.0,2
Nagpur,31.0,10900.0,700.0,130.0,0
Bhopal,30.0,87300.0,460.0,300.0,2
Lucknow,49.0,62400.0,560.0,130.0,0
Chennai,25.0,26200.0,1060.0,90.0,2
Patna,25.0,38200.0,270.0,130.0,0
Bengaluru,25.0,88800.0,1800.0,130.0,2
Delhi,22.0,102000.0,1070.0,130.0,2
Kolkata,31.0,11600.0,250.0,300.0,0
Mumbai,33.0,42800.0,430.0,300.0,0
Nagpur,31.0,32100.0,330.0,300.0,0
Kolkata,22.0,11200.0,680.0,130.0,0
Jaipur,33.0,53800.0,770.0,300.0,2
Hyderabad,36.0,61500.0,1210.0,130.0,2
Delhi,37.0,110200.0,220.0,130.0,2
Chandigarh,25.0,62100.0,430.0,300.0,0
Lucknow,19.0,53000.0,1070.0,300.0,2
Hyderabad,27.0,20200.0,1270.0,450.0,1
Chennai,35.0,14900.0,570.0,130.0,0
Chennai,18.0,27500.0,490.0,130.0,0
Mumbai,24.0,125500.0,1260.0,90.0,2
Lucknow,30.0,77200.0,880.0,130.0,2
Coimbatore,44.0,16900.0,350.0,90.0,0
Mumbai,36.0,54600.0,380.0,700.0,1
Kolkata,29.0,48900.0,1380.0,450.0,2
Delhi,32.0,68800.0,530.0,130.0,2
Chandigarh,23.0,49100.0,390.0,130.0,0
Chennai,25.0,12200.0,470.0,130.0,0
Patna,55.0,54500.0,210.0,130.0,0
Mumbai,20.0,27800.0,270.0,90.0,0
Mumbai,30.0,96200.0,200.0,300.0,2
Hyderabad,29.0,87700.0,1300.0,300.0,2
Mumbai,31.0,34900.0,270.0,450.0,1
Kolkata,30.0,33700.0,530.0,90.0,0
Chennai,39.0,61100.0,1220.0,300.0,2
Kolkata,32.0,54100.0,840.0,450.0,1
Lucknow,25.0,89700.0,520.0,700.0,1
Mumbai,35.0,76400.0,190.0,130.0,0
Kochi,18.0,6700.0,550.0,130.0,0
Bhopal,20.0,53200.0,390.0,450.0,1
Nagpur,35.0,66400.0,950.0,90.0,2
Coimbatore,22.0,67300.0,310.0,300.0,0
Coimbatore,36.0,93500.0,600.0,300.0,2
Bengaluru,48.0,17100.0,220.0,90.0,0
Hyderabad,33.0,40400.0,230.0,130.0,0
Bengaluru,37.0,27800.0,260.0,130.0,0
Delhi,18.0,46800.0,750.0,90.0,0
Pune,46.0,95500.0,400.0,300.0,2
Delhi,29.0,39300.0,540.0,130.0,0
Mumbai,26.0,99900.0,600.0,450.0,2
Mumbai,41.0,66900.0,590.0,300.0,2
Pune,28.0,55800.0,630.0,300.0,2
Mumbai,18.0,82600.0,370.0,130.0,2
Pune,20.0,88900.0,1160.0,130.0,2
Hyderabad,26.0,15400.0,320.0,300.0,0
Nagpur,23.0,41300.0,960.0,450.0,1
Nagpur,19.0,48300.0,1010.0,450.0,1
Delhi,18.0,55000.0,620.0,130.0,0
Chandigarh,26.0,42900.0,180.0,130.0,0
Hyderabad,31.0,51200.0,320.0,90.0,0
Bengaluru,29.0,9100.0,180.0,300.0,0
Kochi,24.0,120600.0,560.0,90.0,2
Patna,21.0,53600.0,880.0,90.0,2
Nagpur,20.0,72800.0,720.0,130.0,2
Delhi,25.0,9500.0,700.0,700.0,1
Mumbai,32.0,48700.0,470.0,90.0,0
Kolkata,35.0,38500.0,130.0,130.0,0
Jaipur,20.0,54200.0,180.0,300.0,0
Indore,41.0,99000.0,370.0,90.0,2
Bhopal,30.0,8600.0,250.0,450.0,1
Delhi,38.0,35200.0,130.0,450.0,1
Patna,18.0,41000.0,820.0,130.0,0
Kochi,36.0,67600.0,710.0,450.0,1
Pune,34.0,89700.0,710.0,90.0,2
Bengaluru,52.0,7400.0,200.0,450.0,1
Ahmedabad,34.0,76900.0,810.0,130.0,2
Bhopal,43.0,61900.0,510.0,90.0,0
Kochi,30.0,58200.0,260.0,130.0,0
Lucknow,18.0,22400.0,490.0,700.0,1
Hyderabad,18.0,81000.0,1190.0,130.0,2
Kolkata,18.0,66700.0,370.0,450.0,1
Lucknow,23.0,35900.0,1010.0,300.0,2
Bengaluru,33.0,75000.0,510.0,130.0,2
Hyderabad,32.0,53000.0,450.0,130.0,0
Lucknow,29.0,43300.0,880.0,90.0,2
Patna,33.0,107800.0,310.0,90.0,2
Mumbai,22.0,45800.0,530.0,130.0,0
Pune,23.0,27500.0,450.0,130.0,0
Ahmedabad,33.0,52600.0,590.0,130.0,0
Hyderabad,31.0,51400.0,360.0,450.0,1
Bhopal,18.0,63600.0,1180.0,130.0,2
Pune,34.0,36700.0,510.0,130.0,0
Bengaluru,37.0,10800.0,460.0,130.0,0
Bengaluru,36.0,40800.0,570.0,450.0,1
Bengaluru,41.0,44200.0,250.0,300.0,0
Indore,39.0,71800.0,630.0,450.0,1
Bhubaneswar,18.0,42900.0,330.0,700.0,1
Hyderabad,26.0,47700.0,710.0,300.0,0
Pune,31.0,12600.0,240.0,130.0,0
Ahmedabad,24.0,38000.0,730.0,450.0,1
Nagpur,32.0,34400.0,270.0,450.0,1
Kochi,35.0,85000.0,330.0,300.0,2
Surat,18.0,26800.0,450.0,130.0,0
Mumbai,31.0,40600.0,400.0,300.0,0
Mumbai,25.0,48100.0,290.0,90.0,0
Bengaluru,18.0,8200.0,1040.0,300.0,0
Hyderabad,18.0,11000.0,380.0,300.0,0
Bengaluru,36.0,32400.0,430.0,300.0,0
Mumbai,36.0,15800.0,1110.0,90.0,0
Kochi,36.0,90700.0,470.0,90.0,2
Jaipur,31.0,11700.0,310.0,130.0,0
Chandigarh,33.0,35900.0,450.0,450.0,1
Ahmedabad,25.0,72000.0,460.0,450.0,1
Chennai,31.0,88000.0,810.0,130.0,2
Chennai,33.0,50600.0,340.0,90.0,0
Mumbai,18.0,77300.0,710.0,130.0,2
Bhopal,38.0,44100.0,420.0,130.0,0
Delhi,38.0,80100.0,530.0,300.0,2
Bhubaneswar,19.0,7800.0,540.0,450.0,1
Pune,27.0,90100.0,840.0,300.0,2
Hyderabad,23.0,82200.0,1230.0,700.0,1
Patna,52.0,17500.0,450.0,130.0,0
Delhi,32.0,45900.0,550.0,300.0,0
Surat,21.0,74200.0,480.0,300.0,2
Pune,18.0,10300.0,120.0,700.0,1
Ahmedabad,29.0,62300.0,490.0,300.0,0
Bengaluru,47.0,57100.0,700.0,450.0,1
Visakhapatnam,24.0,32800.0,250.0,130.0,0
Patna,32.0,76900.0,610.0,130.0,2
Bengaluru,41.0,12300.0,300.0,300.0,0
Chennai,21.0,47500.0,350.0,450.0,1
Pune,32.0,48800.0,880.0,300.0,2
Chandigarh,25.0,43400.0,600.0,90.0,0
Chandigarh,39.0,39900.0,570.0,450.0,1
Chennai,31.0,53400.0,660.0,300.0,2
Delhi,64.0,56700.0,1160.0,300.0,2
Surat,22.0,83300.0,1330.0,130.0,2
Ahmedabad,28.0,35000.0,690.0,90.0,0
Mumbai,45.0,53700.0,730.0,130.0,2
Delhi,33.0,39700.0,280.0,300.0,0
Coimbatore,46.0,92300.0,350.0,130.0,2
Pune,24.0,78500.0,320.0,450.0,1
Kochi,18.0,44000.0,380.0,300.0,0
Bengaluru,26.0,40500.0,330.0,300.0,0
Mumbai,18.0,23300.0,250.0,700.0,1
Kolkata,27.0,100500.0,700.0,450.0,2
Lucknow,18.0,17900.0,510.0,300.0,0
Lucknow,24.0,97600.0,700.0,90.0,2
Chandigarh,18.0,51300.0,1030.0,90.0,2
Hyderabad,39.0,34100.0,340.0,130.0,0
Indore,31.0,11500.0,570.0,90.0,0
Bengaluru,33.0,45800.0,440.0,450.0,1
Bengaluru,29.0,55200.0,400.0,450.0,1
Mumbai,40.0,12400.0,170.0,130.0,0
Kolkata,37.0,10800.0,250.0,300.0,0
Lucknow,32.0,55600.0,500.0,130.0,0
Hyderabad,34.0,40900.0,330.0,300.0,0
Patna,32.0,100100.0,200.0,90.0,2
Delhi,35.0,62300.0,650.0,90.0,2
Kolkata,36.0,61800.0,430.0,130.0,0
Delhi,42.0,56400.0,680.0,300.0,2
Ahmedabad,28.0,41600.0,410.0,130.0,0
Jaipur,34.0,113600.0,1100.0,300.0,2
Indore,31.0,59500.0,810.0,300.0,2
Chandigarh,37.0,99000.0,1310.0,130.0,2
Kolkata,29.0,102000.0,330.0,450.0,1
Chennai,30.0,11600.0,220.0,450.0,1
Hyderabad,27.0,31300.0,950.0,130.0,0
Coimbatore,18.0,81200.0,610.0,90.0,2
Ahmedabad,37.0,16600.0,520.0,300.0,0
Coimbatore,18.0,39500.0,340.0,130.0,0
Indore,19.0,24800.0,550.0,90.0,0
Hyderabad,37.0,65600.0,960.0,300.0,2
Surat,22.0,9900.0,600.0,450.0,1
Jaipur,18.0,33100.0,650.0,130.0,0
Kochi,29.0,46500.0,480.0,90.0,0
Delhi,27.0,37000.0,770.0,300.0,0
Ahmedabad,18.0,91700.0,430.0,450.0,1
Jaipur,20.0,39600.0,980.0,700.0,1
Chandigarh,37.0,59600.0,830.0,90.0,2
Ahmedabad,33.0,57900.0,270.0,450.0,1
Bengaluru,23.0,28400.0,490.0,130.0,0
Bengaluru,35.0,14400.0,980.0,90.0,0
Bhopal,45.0,36200.0,410.0,450.0,1
Bengaluru,42.0,60300.0,920.0,300.0,2
Chennai,35.0,10900.0,560.0,300.0,0
Nagpur,35.0,47700.0,370.0,130.0,0
Bhopal,22.0,33000.0,620.0,700.0,1
Bhubaneswar,24.0,66500.0,580.0,300.0,2
Bhubaneswar,28.0,40800.0,240.0,450.0,1
Surat,31.0,15500.0,720.0,90.0,0
Bengaluru,40.0,8800.0,270.0,90.0,0
Kochi,41.0,11700.0,290.0,130.0,0
Ahmedabad,38.0,39800.0,180.0,450.0,1
Mumbai,34.0,61700.0,180.0,450.0,1
Nagpur,18.0,33000.0,610.0,130.0,0
Surat,18.0,10100.0,630.0,300.0,0
Bengaluru,32.0,52100.0,280.0,90.0,0
Pune,18.0,97600.0,240.0,90.0,2
Delhi,18.0,41600.0,890.0,450.0,1
Patna,20.0,58700.0,280.0,300.0,0
Bhopal,29.0,46600.0,310.0,130.0,0
Visakhapatnam,26.0,74300.0,660.0,300.0,2
Bengaluru,25.0,42000.0,520.0,300.0,0
Chandigarh,18.0,96000.0,670.0,90.0,2
Pune,33.0,75000.0,410.0,130.0,0
Bengaluru,36.0,79700.0,1200.0,90.0,2
Indore,34.0,80500.0,860.0,130.0,2
Pune,23.0,8300.0,360.0,130.0,0
Chennai,25.0,27500.0,400.0,300.0,0
Bhubaneswar,29.0,38900.0,730.0,130.0,0
Jaipur,20.0,35000.0,310.0,130.0,0
Hyderabad,33.0,11300.0,450.0,130.0,0
Pune,31.0,88800.0,320.0,300.0,2
Bhubaneswar,34.0,14900.0,790.0,300.0,0
Ahmedabad,22.0,30000.0,530.0,450.0,1
Chennai,40.0,9600.0,580.0,300.0,0
Kolkata,18.0,81100.0,350.0,90.0,2
Pune,42.0,12400.0,390.0,300.0,0
Bengaluru,26.0,27500.0,450.0,130.0,0
Bengaluru,35.0,69800.0,900.0,130.0,2
Delhi,27.0,90800.0,560.0,90.0,2
Delhi,46.0,94800.0,1330.0,90.0,2
Surat,22.0,118100.0,1870.0,300.0,2
Jaipur,28.0,58100.0,610.0,300.0,2
Lucknow,35.0,42600.0,1240.0,300.0,2
Kochi,41.0,94600.0,720.0,450.0,2
Indore,44.0,118600.0,1130.0,130.0,2
Bengaluru,41.0,96900.0,540.0,300.0,2
Ahmedabad,29.0,94800.0,180.0,130.0,2
Mumbai,30.0,44600.0,710.0,90.0,0
Coimbatore,36.0,46700.0,540.0,300.0,0
Mumbai,19.0,22800.0,290.0,130.0,0
Surat,18.0,7400.0,530.0,300.0,0
Delhi,34.0,43500.0,640.0,130.0,0
Bengaluru,34.0,75900.0,340.0,130.0,0
Pune,27.0,70600.0,510.0,90.0,2
Hyderabad,20.0,60700.0,350.0,300.0,0
Mumbai,37.0,29700.0,640.0,130.0,0
Coimbatore,19.0,7900.0,620.0,130.0,0
Surat,37.0,54300.0,890.0,300.0,2
Jaipur,26.0,38400.0,150.0,130.0,0
Jaipur,19.0,10900.0,240.0,300.0,0
Mumbai,36.0,63500.0,650.0,90.0,2
Coimbatore,27.0,60900.0,880.0,700.0,1
Kochi,25.0,81200.0,790.0,300.0,2
Mumbai,24.0,8700.0,210.0,130.0,0
Delhi,31.0,14300.0,300.0,130.0,0
Ahmedabad,24.0,7000.0,470.0,130.0,0
Chennai,18.0,11900.0,420.0,90.0,0
Chennai,19.0,28100.0,660.0,300.0,0
Visakhapatnam,25.0,32900.0,780.0,450.0,1
Bhopal,34.0,40500.0,480.0,300.0,0
Indore,26.0,65700.0,760.0,90.0,2
Hyderabad,47.0,16900.0,410.0,130.0,0
Ahmedabad,44.0,102100.0,940.0,130.0,2
Ahmedabad,33.0,74500.0,700.0,300.0,2
Jaipur,30.0,89300.0,200.0,130.0,0
Lucknow,32.0,60500.0,450.0,300.0,0
Bhopal,33.0,75400.0,720.0,700.0,1
Pune,38.0,16300.0,500.0,450.0,1
Pune,30.0,39900.0,450.0,450.0,1
Mumbai,40.0,11700.0,290.0,130.0,0
Bengaluru,18.0,49700.0,490.0,90.0,0
Mumbai,23.0,52000.0,260.0,130.0,0
Bhubaneswar,23.0,74600.0,470.0,300.0,2
Indore,27.0,42800.0,560.0,450.0,1
Lucknow,23.0,52300.0,670.0,130.0,0
Hyderabad,20.0,44200.0,890.0,300.0,2
Indore,30.0,23900.0,360.0,300.0,0
Bengaluru,31.0,12600.0,230.0,700.0,1
Visakhapatnam,27.0,51800.0,550.0,300.0,0
Kolkata,26.0,40200.0,610.0,130.0,0
Jaipur,26.0,73300.0,870.0,700.0,1
Pune,41.0,9300.0,290.0,90.0,0
Patna,22.0,11700.0,250.0,90.0,0
Chennai,38.0,69200.0,640.0,700.0,1
Ahmedabad,18.0,51400.0,650.0,450.0,1
Bengaluru,36.0,55100.0,130.0,130.0,0
Ahmedabad,28.0,52800.0,310.0,130.0,0
Lucknow,22.0,22400.0,320.0,300.0,0
Kochi,22.0,50100.0,840.0,90.0,2
Delhi,24.0,79300.0,560.0,90.0,2
Kolkata,35.0,36900.0,800.0,130.0,0
Chennai,34.0,58400.0,340.0,90.0,0
Chandigarh,39.0,15800.0,520.0,300.0,0
Bengaluru,47.0,94300.0,380.0,130.0,2
Pune,29.0,71700.0,1160.0,450.0,2
Kolkata,38.0,10500.0,290.0,300.0,0
Chennai,22.0,48200.0,310.0,300.0,0
Kolkata,35.0,68100.0,460.0,300.0,2
Lucknow,19.0,46600.0,920.0,90.0,2
Bhopal,38.0,14600.0,250.0,130.0,0
Pune,23.0,12500.0,370.0,130.0,0
Indore,46.0,47400.0,780.0,130.0,2
Kolkata,23.0,61700.0,330.0,300.0,0
Delhi,43.0,84400.0,750.0,450.0,2
Delhi,40.0,84200.0,1210.0,300.0,2
Kolkata,34.0,15000.0,430.0,130.0,0
Pune,18.0,33000.0,650.0,300.0,0
Bengaluru,26.0,11600.0,700.0,300.0,0
Surat,30.0,107800.0,320.0,130.0,2
Delhi,47.0,70900.0,440.0,130.0,0
Chennai,36.0,76200.0,920.0,450.0,2
Mumbai,42.0,54300.0,810.0,300.0,2
Lucknow,26.0,44000.0,660.0,130.0,0
Bengaluru,27.0,6600.0,100.0,300.0,0
Kochi,32.0,11900.0,860.0,90.0,0
Bengaluru,34.0,11600.0,470.0,130.0,0
Mumbai,18.0,47300.0,300.0,450.0,1
Mumbai,41.0,11000.0,200.0,450.0,1
Bengaluru,29.0,63800.0,540.0,130.0,0
Mumbai,40.0,47900.0,280.0,300.0,0
Mumbai,35.0,48000.0,280.0,300.0,0
Visakhapatnam,21.0,7900.0,410.0,300.0,0
Jaipur,45.0,41100.0,270.0,90.0,0
Lucknow,29.0,11600.0,500.0,90.0,0
Patna,32.0,44600.0,120.0,300.0,0
Nagpur,38.0,43500.0,890.0,450.0,1
Coimbatore,38.0,25800.0,320.0,90.0,0
Bengaluru,34.0,56500.0,330.0,90.0,0
Mumbai,35.0,31600.0,650.0,700.0,1
Hyderabad,39.0,36600.0,450.0,130.0,0
Delhi,35.0,20900.0,410.0,130.0,0
Delhi,28.0,61400.0,590.0,300.0,2
Kochi,22.0,12100.0,380.0,300.0,0
Delhi,18.0,65000.0,900.0,450.0,2
Lucknow,18.0,63100.0,1340.0,300.0,2
Ahmedabad,44.0,43000.0,840.0,450.0,1
Hyderabad,22.0,42700.0,530.0,130.0,0
Bengaluru,35.0,10500.0,370.0,700.0,1
Surat,18.0,10500.0,640.0,300.0,0
Bengaluru,27.0,27500.0,380.0,300.0,0
Jaipur,28.0,18200.0,660.0,130.0,0
Jaipur,47.0,14200.0,470.0,90.0,0
Bengaluru,24.0,71300.0,570.0,130.0,2
Surat,42.0,63200.0,790.0,700.0,1
Delhi,24.0,52100.0,530.0,130.0,0
Bengaluru,29.0,69500.0,340.0,700.0,1
Surat,41.0,86300.0,430.0,130.0,2
Chennai,22.0,86500.0,1410.0,90.0,2
Indore,32.0,73400.0,740.0,130.0,2
Bhopal,36.0,94100.0,640.0,700.0,1
Bhubaneswar,35.0,86400.0,340.0,130.0,2
Surat,32.0,10100.0,630.0,300.0,0
Mumbai,38.0,64900.0,270.0,450.0,1
Indore,41.0,36400.0,290.0,300.0,0
Chennai,29.0,70100.0,580.0,90.0,2
Surat,47.0,65900.0,760.0,130.0,2
Indore,18.0,36200.0,230.0,90.0,0
Jaipur,38.0,47300.0,310.0,90.0,0
Kochi,33.0,32000.0,380.0,300.0,0
Hyderabad,45.0,14300.0,370.0,700.0,1
Indore,38.0,77200.0,370.0,700.0,1
Lucknow,21.0,82200.0,330.0,300.0,2
Jaipur,18.0,37100.0,370.0,90.0,0
Surat,24.0,43200.0,1140.0,130.0,2
Pune,25.0,61200.0,330.0,450.0,1
Mumbai,34.0,78600.0,1710.0,90.0,2
Kochi,30.0,12900.0,250.0,300.0,0
Kolkata,39.0,49200.0,280.0,300.0,0
Hyderabad,21.0,92800.0,940.0,450.0,2
Chandigarh,31.0,59500.0,690.0,300.0,2
Mumbai,25.0,44600.0,200.0,700.0,1
Pune,41.0,75300.0,160.0,700.0,1
Bengaluru,37.0,67700.0,440.0,300.0,0
Hyderabad,18.0,6700.0,370.0,130.0,0
Kochi,40.0,82600.0,950.0,300.0,2
Kochi,32.0,43200.0,680.0,300.0,0
Chennai,50.0,85700.0,770.0,90.0,2
Lucknow,34.0,92800.0,810.0,300.0,2
Bengaluru,41.0,53500.0,390.0,450.0,1
Ahmedabad,34.0,11200.0,290.0,450.0,1
Delhi,28.0,57300.0,1050.0,130.0,2
Ahmedabad,38.0,31200.0,300.0,450.0,1
Chennai,28.0,40600.0,1080.0,450.0,1
Bhubaneswar,23.0,34300.0,450.0,300.0,0
Delhi,27.0,73900.0,200.0,130.0,0
Mumbai,18.0,32100.0,450.0,130.0,0
Ahmedabad,28.0,45500.0,730.0,700.0,1
Chennai,30.0,46800.0,320.0,130.0,0
Indore,18.0,66300.0,750.0,90.0,2
Chennai,37.0,90400.0,1060.0,130.0,2
Bhubaneswar,26.0,11900.0,520.0,130.0,0
Ahmedabad,33.0,76000.0,490.0,450.0,1
Hyderabad,43.0,79300.0,550.0,700.0,1
Bhopal,27.0,34900.0,500.0,130.0,0
Jaipur,25.0,59100.0,590.0,130.0,0
Mumbai,35.0,89800.0,290.0,300.0,2
Bhopal,24.0,45900.0,520.0,130.0,0
Ahmedabad,22.0,64000.0,1010.0,90.0,2
Surat,18.0,60100.0,610.0,130.0,2
Indore,25.0,24800.0,350.0,450.0,1
Chennai,21.0,7900.0,420.0,700.0,1
Mumbai,33.0,32200.0,290.0,450.0,1
Indore,30.0,35300.0,1030.0,130.0,2
Surat,34.0,49500.0,330.0,130.0,0
Kolkata,30.0,45800.0,680.0,130.0,0
Visakhapatnam,42.0,44800.0,660.0,450.0,1
Surat,21.0,22800.0,660.0,300.0,0
Chennai,47.0,13000.0,410.0,90.0,0
Delhi,43.0,88400.0,770.0,90.0,2
Delhi,36.0,83400.0,680.0,300.0,2
Kolkata,48.0,108100.0,620.0,130.0,2
Bengaluru,42.0,78900.0,520.0,90.0,2
Patna,28.0,11100.0,610.0,300.0,0
Pune,35.0,16500.0,290.0,450.0,1
Chennai,38.0,58300.0,210.0,130.0,0
Mumbai,42.0,104200.0,440.0,300.0,2
Kolkata,35.0,35900.0,250.0,300.0,0
Chandigarh,32.0,17200.0,370.0,300.0,0
Hyderabad,36.0,46100.0,350.0,90.0,0
Visakhapatnam,19.0,81500.0,790.0,130.0,2
Chennai,27.0,62100.0,930.0,130.0,2
Hyderabad,30.0,65700.0,330.0,90.0,0
Bengaluru,34.0,11300.0,200.0,450.0,1
Mumbai,20.0,27500.0,910.0,450.0,1
Surat,24.0,93600.0,960.0,700.0,1
Bhubaneswar,18.0,44400.0,700.0,130.0,0
Bengaluru,32.0,79000.0,630.0,300.0,2
Delhi,22.0,45800.0,380.0,450.0,1
Coimbatore,42.0,101300.0,600.0,130.0,2
Nagpur,21.0,50900.0,510.0,130.0,0
Bengaluru,33.0,15800.0,520.0,130.0,0
Kolkata,42.0,45800.0,1150.0,300.0,2
Bhubaneswar,18.0,51300.0,520.0,90.0,0
Kolkata,38.0,11600.0,770.0,450.0,1
Patna,21.0,61400.0,270.0,130.0,0
Jaipur,22.0,67100.0,250.0,300.0,0
Kolkata,41.0,50200.0,1150.0,130.0,2
Bengaluru,45.0,98400.0,1480.0,130.0,2
Pune,30.0,38700.0,490.0,90.0,0
Delhi,22.0,27500.0,330.0,450.0,1
Kolkata,23.0,11600.0,590.0,90.0,0
Bhopal,25.0,9500.0,1020.0,130.0,0
Mumbai,37.0,51000.0,910.0,300.0,2
Delhi,25.0,36200.0,240.0,130.0,0
Bhopal,20.0,39800.0,250.0,130.0,0
Bhopal,26.0,16500.0,300.0,130.0,0
Jaipur,33.0,78400.0,390.0,300.0,2
Patna,31.0,68500.0,420.0,130.0,0
Chennai,28.0,30300.0,740.0,300.0,0
Chandigarh,18.0,83000.0,620.0,130.0,2
Pune,38.0,10800.0,450.0,300.0,0
Ahmedabad,30.0,9400.0,880.0,90.0,0
Bengaluru,39.0,67800.0,430.0,700.0,1
Ahmedabad,25.0,62800.0,770.0,450.0,1
Jaipur,18.0,39000.0,490.0,90.0,0
Mumbai,39.0,56200.0,590.0,300.0,0
Chennai,18.0,69400.0,1000.0,130.0,2
Delhi,31.0,72200.0,1740.0,450.0,2
Delhi,31.0,12300.0,360.0,130.0,0
Ahmedabad,33.0,10100.0,720.0,90.0,0
Ahmedabad,27.0,9000.0,490.0,300.0,0
Bhopal,43.0,15000.0,210.0,130.0,0
Indore,33.0,107400.0,440.0,90.0,2
Chennai,37.0,54400.0,910.0,300.0,2
Lucknow,33.0,12100.0,770.0,450.0,1
Jaipur,21.0,8800.0,770.0,90.0,0
Lucknow,18.0,27500.0,170.0,700.0,1
Bengaluru,32.0,68800.0,300.0,130.0,0
Hyderabad,27.0,39400.0,960.0,90.0,2
Kolkata,29.0,40100.0,650.0,300.0,0
Delhi,33.0,44700.0,460.0,700.0,1
Pune,33.0,54400.0,930.0,130.0,2
Kochi,31.0,9000.0,700.0,450.0,1
Mumbai,34.0,37500.0,250.0,130.0,0
Pune,23.0,56600.0,640.0,450.0,1
Delhi,23.0,59200.0,410.0,90.0,0
Chennai,27.0,53400.0,990.0,300.0,2
Ahmedabad,37.0,52100.0,320.0,300.0,0
Delhi,31.0,46800.0,860.0,300.0,2
Jaipur,31.0,67200.0,390.0,300.0,0
Bhubaneswar,25.0,40500.0,160.0,300.0,0
Bhubaneswar,38.0,12700.0,230.0,300.0,0
Ahmedabad,27.0,73100.0,180.0,90.0,0
Pune,32.0,49700.0,470.0,300.0,0
Mumbai,30.0,72400.0,400.0,130.0,0
Bengaluru,24.0,79100.0,660.0,300.0,2
Jaipur,47.0,8600.0,320.0,300.0,0
Mumbai,31.0,89400.0,810.0,130.0,2
Ahmedabad,23.0,60800.0,140.0,90.0,0
Coimbatore,21.0,8800.0,430.0,450.0,1
Mumbai,30.0,89600.0,160.0,130.0,0
Kolkata,39.0,61600.0,300.0,300.0,0
Hyderabad,37.0,6600.0,380.0,300.0,0
Kolkata,18.0,46800.0,410.0,90.0,0
Pune,48.0,100000.0,340.0,300.0,2
Mumbai,48.0,93400.0,670.0,450.0,2
Nagpur,50.0,86700.0,850.0,90.0,2
Jaipur,24.0,7500.0,160.0,130.0,0
Mumbai,42.0,51800.0,770.0,300.0,2
Mumbai,18.0,31300.0,340.0,90.0,0
Hyderabad,28.0,40800.0,410.0,300.0,0
Chennai,21.0,52300.0,280.0,130.0,0
Kochi,36.0,118200.0,1180.0,130.0,2
Delhi,35.0,44100.0,720.0,90.0,0
Ahmedabad,37.0,37500.0,470.0,130.0,0
Bengaluru,38.0,62100.0,440.0,450.0,1
Hyderabad,18.0,24800.0,580.0,450.0,1
Lucknow,30.0,31700.0,480.0,300.0,0
Mumbai,31.0,27800.0,160.0,90.0,0
Delhi,50.0,60900.0,480.0,90.0,0
Jaipur,31.0,34400.0,410.0,130.0,0
Ahmedabad,18.0,49600.0,150.0,700.0,1
Kolkata,26.0,27700.0,580.0,300.0,0
Nagpur,26.0,46400.0,1000.0,130.0,2
Kolkata,18.0,74100.0,380.0,450.0,1
Bengaluru,23.0,10400.0,600.0,90.0,0
Delhi,44.0,11800.0,350.0,700.0,1
Indore,35.0,7000.0,400.0,300.0,0
Nagpur,30.0,77600.0,570.0,300.0,2
Surat,33.0,42900.0,600.0,450.0,1
Hyderabad,18.0,34800.0,600.0,130.0,0
Ahmedabad,29.0,14000.0,380.0,90.0,0
Jaipur,30.0,23200.0,530.0,90.0,0
Jaipur,35.0,40500.0,620.0,300.0,0
Kochi,30.0,53500.0,560.0,90.0,0
Delhi,33.0,68900.0,470.0,90.0,0
Mumbai,22.0,70200.0,310.0,300.0,0
Kolkata,45.0,57400.0,260.0,700.0,1
Jaipur,18.0,46800.0,140.0,90.0,0
Delhi,20.0,60100.0,720.0,130.0,2
Mumbai,42.0,105500.0,610.0,130.0,2
Delhi,18.0,30500.0,280.0,450.0,1
Bengaluru,28.0,48700.0,550.0,130.0,0
Delhi,37.0,14600.0,830.0,300.0,0
Bhubaneswar,40.0,54700.0,340.0,130.0,0
Chandigarh,25.0,48000.0,540.0,300.0,0
Coimbatore,21.0,49500.0,440.0,300.0,0
Bengaluru,38.0,56000.0,390.0,700.0,1
Surat,40.0,11100.0,480.0,450.0,1
Bengaluru,43.0,47800.0,600.0,90.0,0
Kolkata,33.0,45700.0,460.0,300.0,0
Coimbatore,30.0,12100.0,190.0,300.0,0
Bhopal,38.0,78800.0,1230.0,300.0,2
Chennai,31.0,9500.0,300.0,700.0,1
Indore,23.0,46800.0,300.0,300.0,0
Coimbatore,18.0,7600.0,750.0,90.0,0
Nagpur,34.0,72000.0,510.0,90.0,2
Ahmedabad,20.0,42100.0,310.0,450.0,1
Ahmedabad,18.0,44400.0,260.0,90.0,0
Ahmedabad,30.0,54600.0,760.0,300.0,2
Mumbai,37.0,80400.0,540.0,450.0,1
Mumbai,39.0,65600.0,1200.0,700.0,1
Pune,26.0,76700.0,500.0,300.0,2
Hyderabad,29.0,37800.0,150.0,300.0,0
Kolkata,22.0,45100.0,390.0,300.0,0
Pune,18.0,52300.0,320.0,450.0,1
Hyderabad,20.0,8700.0,270.0,90.0,0
Bengaluru,37.0,54300.0,510.0,300.0,0
Jaipur,34.0,13500.0,670.0,450.0,1
Visakhapatnam,22.0,41800.0,590.0,130.0,0
Coimbatore,35.0,34300.0,860.0,450.0,1
Chennai,30.0,118900.0,390.0,450.0,2
Mumbai,45.0,66300.0,840.0,300.0,2
Chennai,21.0,79200.0,1700.0,300.0,2
Chandigarh,21.0,19200.0,350.0,700.0,1
Chennai,33.0,66700.0,840.0,90.0,2
Delhi,35.0,35300.0,580.0,130.0,0
Mumbai,34.0,31500.0,780.0,130.0,0
Lucknow,24.0,52300.0,120.0,90.0,0
Pune,18.0,35700.0,230.0,130.0,0
Delhi,25.0,89100.0,510.0,300.0,2
Hyderabad,19.0,84300.0,540.0,90.0,2
Pune,37.0,67900.0,270.0,300.0,0
Surat,24.0,9100.0,230.0,90.0,0
Pune,47.0,12000.0,170.0,300.0,0
Delhi,29.0,40500.0,640.0,130.0,0
Mumbai,36.0,33400.0,550.0,130.0,0
Mumbai,42.0,43300.0,640.0,450.0,1
Indore,20.0,65800.0,970.0,300.0,2
Coimbatore,28.0,13900.0,250.0,300.0,0
Visakhapatnam,34.0,88300.0,750.0,130.0,2
Coimbatore,18.0,17800.0,780.0,300.0,0
Pune,32.0,25300.0,570.0,130.0,0
Lucknow,18.0,15500.0,580.0,130.0,0
Pune,29.0,79500.0,520.0,90.0,2
Jaipur,24.0,63200.0,280.0,450.0,1
Bengaluru,18.0,66200.0,260.0,700.0,1
Bengaluru,27.0,8400.0,520.0,450.0,1
Mumbai,21.0,64400.0,540.0,300.0,2
Chennai,26.0,80500.0,590.0,130.0,2
Pune,28.0,64700.0,240.0,130.0,0
Kochi,18.0,43200.0,370.0,300.0,0
Hyderabad,39.0,49700.0,1470.0,90.0,2
Hyderabad,21.0,75000.0,390.0,130.0,0
Hyderabad,18.0,85500.0,770.0,90.0,2
Bengaluru,29.0,11600.0,580.0,90.0,0
Hyderabad,27.0,11500.0,690.0,300.0,0
Mumbai,47.0,40600.0,430.0,90.0,0
Mumbai,35.0,47900.0,350.0,130.0,0
Nagpur,28.0,6600.0,540.0,300.0,0
Delhi,27.0,46700.0,290.0,300.0,0
Lucknow,35.0,11700.0,420.0,450.0,1
Chennai,26.0,38500.0,340.0,450.0,1
Kolkata,38.0,55700.0,190.0,300.0,0
Pune,46.0,82600.0,250.0,450.0,1
Visakhapatnam,36.0,55600.0,910.0,300.0,2
Mumbai,32.0,50900.0,380.0,130.0,0
Patna,33.0,43900.0,1210.0,90.0,2
Lucknow,23.0,10700.0,230.0,450.0,1
Mumbai,34.0,53900.0,670.0,130.0,0
Mumbai,29.0,64000.0,860.0,130.0,2
Hyderabad,40.0,67700.0,1370.0,300.0,2
Indore,37.0,65100.0,600.0,130.0,2
Pune,22.0,77200.0,550.0,90.0,2
Delhi,18.0,40800.0,450.0,90.0,0
Ahmedabad,43.0,53600.0,400.0,90.0,0
Coimbatore,24.0,52400.0,380.0,90.0,0
Kolkata,38.0,64400.0,1060.0,300.0,2
Mumbai,32.0,61800.0,300.0,450.0,1
Bhubaneswar,38.0,76900.0,460.0,300.0,2
Ahmedabad,18.0,63500.0,640.0,300.0,2
Patna,21.0,28200.0,440.0,300.0,0
Pune,35.0,10700.0,170.0,90.0,0
Ahmedabad,33.0,62700.0,190.0,300.0,0
Chennai,44.0,14400.0,530.0,130.0,0
Delhi,43.0,64200.0,300.0,300.0,0
Chennai,23.0,11200.0,610.0,130.0,0
Chandigarh,18.0,38500.0,530.0,300.0,0
Mumbai,34.0,85100.0,350.0,130.0,2
Lucknow,34.0,28600.0,780.0,130.0,0
Hyderabad,36.0,12200.0,350.0,300.0,0
Lucknow,47.0,64200.0,270.0,130.0,0
Pune,44.0,100600.0,200.0,300.0,2
Bengaluru,28.0,76200.0,850.0,300.0,2
Pune,24.0,69000.0,1450.0,300.0,2
Jaipur,27.0,41400.0,710.0,450.0,1
Kolkata,24.0,27500.0,660.0,300.0,0
Mumbai,29.0,7600.0,680.0,130.0,0
Surat,27.0,25400.0,120.0,130.0,0
Indore,30.0,70500.0,1170.0,130.0,2
Mumbai,22.0,52300.0,400.0,300.0,0
Pune,26.0,14500.0,140.0,130.0,0
Bengaluru,33.0,73900.0,580.0,300.0,2
Ahmedabad,28.0,46600.0,950.0,450.0,1
Hyderabad,18.0,46800.0,900.0,450.0,1
Ahmedabad,37.0,41100.0,290.0,700.0,1
Patna,27.0,38000.0,470.0,90.0,0
Ahmedabad,20.0,24800.0,890.0,130.0,0
Delhi,33.0,61300.0,230.0,90.0,0
Mumbai,25.0,30300.0,300.0,300.0,0
Nagpur,38.0,31900.0,530.0,450.0,1
Hyderabad,18.0,49300.0,850.0,450.0,1
Chandigarh,29.0,96500.0,1360.0,300.0,2
Kochi,29.0,7100.0,190.0,300.0,0
Pune,36.0,31600.0,700.0,450.0,1
Hyderabad,26.0,10500.0,390.0,130.0,0
Visakhapatnam,46.0,52900.0,1240.0,450.0,2
Mumbai,18.0,27800.0,690.0,700.0,1
Lucknow,36.0,80000.0,670.0,300.0,2
Mumbai,30.0,36800.0,230.0,130.0,0
Mumbai,33.0,71400.0,580.0,130.0,2
Ahmedabad,44.0,65300.0,1040.0,300.0,2
Bhopal,30.0,60600.0,330.0,90.0,0
Kolkata,18.0,92100.0,390.0,300.0,2
Patna,28.0,41800.0,290.0,450.0,1
Chennai,27.0,48500.0,610.0,90.0,0
Pune,29.0,53700.0,430.0,130.0,0
Mumbai,26.0,106400.0,1060.0,90.0,2
Kochi,25.0,6600.0,100.0,300.0,0
Delhi,30.0,76500.0,960.0,130.0,2
Lucknow,41.0,64200.0,820.0,90.0,2
Kochi,19.0,8200.0,180.0,130.0,0
Nagpur,30.0,41700.0,770.0,130.0,0
Mumbai,30.0,63900.0,710.0,130.0,2
Delhi,49.0,60200.0,780.0,130.0,2
Nagpur,28.0,21800.0,300.0,700.0,1
Indore,18.0,35000.0,400.0,450.0,1
Pune,22.0,12700.0,200.0,130.0,0
Bhopal,38.0,83100.0,780.0,130.0,2
Chennai,20.0,7900.0,390.0,130.0,0
Delhi,37.0,82500.0,320.0,130.0,2
Chennai,19.0,85300.0,1110.0,130.0,2
Kolkata,38.0,13500.0,980.0,90.0,0
Kochi,46.0,51500.0,580.0,130.0,0
Pune,23.0,40100.0,480.0,700.0,1
Nagpur,31.0,51900.0,610.0,130.0,0
Bhopal,28.0,71400.0,870.0,450.0,2
Kolkata,41.0,10600.0,640.0,700.0,1
Kolkata,27.0,43700.0,1260.0,300.0,2
Chennai,35.0,57000.0,290.0,300.0,0
Ahmedabad,33.0,49900.0,630.0,90.0,0
Hyderabad,35.0,82000.0,860.0,300.0,2
Delhi,39.0,43000.0,320.0,90.0,0
Kolkata,23.0,19200.0,300.0,300.0,0
Bengaluru,20.0,19200.0,320.0,300.0,0
Hyderabad,43.0,46100.0,440.0,450.0,1
Visakhapatnam,34.0,40900.0,370.0,300.0,0
Hyderabad,18.0,46800.0,900.0,300.0,2
Kolkata,30.0,9300.0,940.0,130.0,0
Kochi,33.0,59200.0,270.0,90.0,0
Chennai,33.0,56200.0,720.0,700.0,1
Jaipur,21.0,77200.0,870.0,450.0,2
Chennai,18.0,10600.0,220.0,300.0,0
Chennai,30.0,22600.0,950.0,450.0,1
Chandigarh,36.0,32100.0,540.0,130.0,0
Mumbai,24.0,42400.0,300.0,300.0,0
Kochi,26.0,17000.0,370.0,700.0,1
Jaipur,35.0,13200.0,100.0,300.0,0
Kochi,46.0,109900.0,440.0,130.0,2
Hyderabad,26.0,54700.0,1240.0,300.0,2
Bhubaneswar,26.0,46700.0,420.0,90.0,0
Ahmedabad,25.0,29000.0,260.0,450.0,1
Delhi,25.0,68800.0,890.0,130.0,2
Bhubaneswar,20.0,54600.0,570.0,90.0,0
Jaipur,45.0,35000.0,610.0,300.0,0
Lucknow,18.0,38800.0,300.0,450.0,1
Bengaluru,46.0,10800.0,360.0,300.0,0
Pune,18.0,78000.0,640.0,130.0,2
Kochi,34.0,60800.0,690.0,130.0,2
Bengaluru,34.0,65700.0,420.0,90.0,0
Nagpur,23.0,78700.0,870.0,300.0,2
Pune,24.0,31600.0,460.0,300.0,0
Mumbai,28.0,21600.0,650.0,90.0,0
Surat,28.0,63200.0,430.0,130.0,0
Kolkata,42.0,62800.0,790.0,300.0,2
Mumbai,36.0,33700.0,480.0,90.0,0
Kolkata,22.0,58000.0,830.0,90.0,2
Mumbai,32.0,85400.0,740.0,300.0,2
Chandigarh,27.0,43100.0,220.0,450.0,1
Jaipur,18.0,66100.0,520.0,90.0,0
Bhubaneswar,33.0,72200.0,590.0,130.0,2
Delhi,31.0,45800.0,380.0,130.0,0
Patna,35.0,53000.0,680.0,130.0,0
Bengaluru,18.0,70900.0,910.0,700.0,1
Nagpur,28.0,92900.0,1070.0,300.0,2
Coimbatore,36.0,63100.0,1040.0,130.0,2
Kolkata,21.0,43600.0,250.0,700.0,1
Ahmedabad,30.0,10000.0,310.0,130.0,0
Kolkata,46.0,61500.0,920.0,90.0,2
Bengaluru,37.0,82500.0,600.0,90.0,2
Patna,38.0,8000.0,330.0,700.0,1
Chennai,22.0,35400.0,430.0,300.0,0
Jaipur,27.0,40800.0,540.0,300.0,0
Jaipur,32.0,44400.0,680.0,90.0,0
Lucknow,37.0,47900.0,1190.0,450.0,2
Lucknow,22.0,33000.0,620.0,450.0,1
Chennai,31.0,36400.0,440.0,130.0,0
Jaipur,23.0,7600.0,180.0,90.0,0
Pune,34.0,45600.0,710.0,700.0,1
Delhi,24.0,9900.0,370.0,450.0,1
Mumbai,22.0,72700.0,490.0,130.0,2
Hyderabad,38.0,35600.0,430.0,300.0,0
Kochi,30.0,60500.0,590.0,300.0,2
Hyderabad,48.0,65500.0,480.0,450.0,1
Hyderabad,18.0,27500.0,220.0,130.0,0
Lucknow,24.0,20800.0,220.0,300.0,0
Lucknow,31.0,62100.0,550.0,300.0,2
Hyderabad,18.0,40600.0,330.0,130.0,0
Bengaluru,18.0,18300.0,270.0,90.0,0
Bengaluru,22.0,27500.0,120.0,300.0,0
Nagpur,18.0,57500.0,210.0,300.0,0
Hyderabad,31.0,79200.0,180.0,90.0,0
Lucknow,35.0,60700.0,490.0,300.0,0
Kolkata,33.0,99600.0,590.0,130.0,2
Jaipur,40.0,61000.0,660.0,450.0,1
Chennai,18.0,39400.0,560.0,90.0,0
Pune,39.0,49700.0,400.0,90.0,0
Patna,18.0,27500.0,100.0,450.0,1
Patna,18.0,6600.0,420.0,130.0,0
Kolkata,33.0,9700.0,560.0,90.0,0
Chennai,32.0,10600.0,420.0,300.0,0
Jaipur,38.0,66700.0,640.0,90.0,2
Mumbai,26.0,6600.0,380.0,130.0,0
Delhi,37.0,29300.0,540.0,130.0,0
Hyderabad,18.0,7500.0,240.0,130.0,0
Jaipur,29.0,61500.0,1120.0,450.0,2
Delhi,18.0,38500.0,290.0,90.0,0
Delhi,25.0,46800.0,780.0,300.0,2
Lucknow,37.0,66200.0,350.0,450.0,1
Hyderabad,26.0,46800.0,360.0,130.0,0
Delhi,27.0,6800.0,340.0,130.0,0
Jaipur,18.0,11800.0,320.0,130.0,0
Jaipur,19.0,32100.0,510.0,300.0,0
Jaipur,35.0,30000.0,370.0,130.0,0
Lucknow,35.0,13900.0,520.0,90.0,0
Delhi,18.0,11100.0,220.0,300.0,0
Indore,22.0,84800.0,490.0,300.0,2
Delhi,32.0,45700.0,530.0,130.0,0
Bengaluru,28.0,41000.0,610.0,90.0,0
Delhi,29.0,67700.0,560.0,130.0,2
Mumbai,22.0,29500.0,270.0,300.0,0
Mumbai,43.0,13100.0,430.0,300.0,0
Pune,38.0,31400.0,700.0,300.0,0
Mumbai,29.0,7800.0,240.0,130.0,0
Chandigarh,27.0,38400.0,520.0,130.0,0
Chandigarh,22.0,38400.0,390.0,300.0,0
Delhi,27.0,41300.0,400.0,90.0,0
Ahmedabad,26.0,42000.0,470.0,130.0,0
Pune,26.0,88200.0,500.0,450.0,1
Jaipur,27.0,36400.0,660.0,450.0,1
Patna,37.0,54900.0,560.0,450.0,1
Bhopal,25.0,8300.0,500.0,300.0,0
Hyderabad,26.0,47600.0,180.0,300.0,0
Nagpur,55.0,116100.0,780.0,300.0,2
Bengaluru,57.0,94400.0,910.0,130.0,2
Kochi,24.0,68300.0,640.0,130.0,2
Delhi,43.0,26900.0,400.0,450.0,1
Delhi,22.0,84200.0,1180.0,450.0,2
Chandigarh,43.0,15400.0,420.0,300.0,0
Surat,25.0,12100.0,760.0,130.0,0
Chennai,18.0,37100.0,590.0,450.0,1
Jaipur,49.0,8900.0,160.0,300.0,0
Mumbai,18.0,47900.0,530.0,90.0,0
Nagpur,20.0,22100.0,820.0,130.0,0
Pune,33.0,28700.0,810.0,300.0,0
Coimbatore,35.0,40400.0,390.0,300.0,0
Chandigarh,33.0,72100.0,310.0,300.0,0
Ahmedabad,30.0,116700.0,840.0,700.0,1
Surat,27.0,11800.0,420.0,130.0,0
Delhi,44.0,46400.0,770.0,300.0,2
Coimbatore,33.0,46800.0,750.0,450.0,1
Mumbai,33.0,12300.0,290.0,300.0,0
Hyderabad,31.0,42600.0,570.0,130.0,0
Nagpur,37.0,72200.0,1250.0,90.0,2
Kolkata,44.0,107600.0,350.0,130.0,2
Ahmedabad,18.0,8900.0,360.0,130.0,0
Bhubaneswar,31.0,91000.0,620.0,130.0,2
Kolkata,18.0,46800.0,550.0,90.0,0
Delhi,34.0,50000.0,400.0,130.0,0
Surat,32.0,10600.0,360.0,450.0,1
Bengaluru,40.0,59300.0,250.0,130.0,0
Lucknow,30.0,35200.0,510.0,450.0,1
Bhopal,33.0,37800.0,1000.0,300.0,2
Coimbatore,28.0,7300.0,220.0,130.0,0
Nagpur,20.0,39200.0,580.0,450.0,1
Bhopal,24.0,59200.0,560.0,130.0,0
Patna,38.0,25600.0,420.0,130.0,0
Bhubaneswar,41.0,35800.0,390.0,300.0,0
Delhi,36.0,46400.0,360.0,90.0,0
Mumbai,19.0,39600.0,570.0,90.0,0
Hyderabad,19.0,34400.0,480.0,700.0,1
Hyderabad,36.0,55000.0,430.0,130.0,0
Mumbai,41.0,11600.0,1320.0,450.0,1
Nagpur,28.0,45200.0,950.0,450.0,1
Bengaluru,42.0,55200.0,900.0,130.0,2
Indore,37.0,46800.0,1070.0,90.0,2
Indore,26.0,28200.0,760.0,90.0,0
Mumbai,36.0,52600.0,640.0,130.0,0
Lucknow,34.0,13500.0,570.0,130.0,0
Mumbai,18.0,35700.0,670.0,90.0,0
Ahmedabad,23.0,41400.0,230.0,130.0,0
Indore,33.0,80600.0,500.0,90.0,2
Patna,36.0,84100.0,310.0,450.0,1
Bengaluru,23.0,19200.0,390.0,300.0,0
Chennai,29.0,43400.0,560.0,130.0,0
Mumbai,30.0,32900.0,690.0,300.0,0
Indore,37.0,52600.0,430.0,130.0,0
Bhubaneswar,33.0,60600.0,280.0,700.0,1
Mumbai,43.0,60000.0,980.0,130.0,2
Mumbai,33.0,63300.0,1290.0,90.0,2
Mumbai,54.0,69400.0,580.0,450.0,1
Delhi,18.0,36300.0,720.0,700.0,1
Surat,18.0,50300.0,600.0,90.0,0
Bhubaneswar,31.0,10900.0,510.0,130.0,0
Mumbai,28.0,51700.0,990.0,300.0,2
Kolkata,27.0,64600.0,160.0,300.0,0
Bengaluru,19.0,61500.0,340.0,130.0,0
Coimbatore,33.0,51500.0,690.0,300.0,2
Pune,40.0,32300.0,150.0,300.0,0
Bengaluru,37.0,43800.0,1250.0,300.0,2
Bengaluru,19.0,46800.0,570.0,300.0,0
Ahmedabad,42.0,29500.0,610.0,90.0,0
Delhi,18.0,42800.0,320.0,300.0,0
Bengaluru,42.0,12500.0,410.0,300.0,0
Nagpur,37.0,39100.0,400.0,90.0,0
Chennai,24.0,49300.0,770.0,90.0,2
Pune,40.0,49700.0,290.0,450.0,1
Delhi,26.0,9300.0,410.0,90.0,0
Jaipur,25.0,87000.0,720.0,130.0,2
Coimbatore,31.0,54400.0,530.0,90.0,0
Surat,36.0,14600.0,430.0,450.0,1
Patna,30.0,38100.0,680.0,130.0,0
Jaipur,18.0,72700.0,520.0,300.0,2
Kochi,18.0,28000.0,350.0,90.0,0
Coimbatore,24.0,47400.0,670.0,450.0,1
Kolkata,27.0,56100.0,540.0,130.0,0
Surat,22.0,6600.0,230.0,300.0,0
Visakhapatnam,48.0,39200.0,450.0,300.0,0
Nagpur,44.0,51600.0,210.0,130.0,0
Jaipur,31.0,45500.0,430.0,450.0,1
Lucknow,34.0,24800.0,210.0,90.0,0
Ahmedabad,20.0,73700.0,1060.0,700.0,1
Indore,48.0,86700.0,630.0,300.0,2
Bhopal,37.0,87500.0,350.0,700.0,1
Bengaluru,18.0,30800.0,280.0,300.0,0
Chennai,21.0,48700.0,370.0,450.0,1
Chennai,51.0,47500.0,1130.0,300.0,2
Coimbatore,23.0,86200.0,650.0,130.0,2
Hyderabad,29.0,83600.0,590.0,130.0,2
Mumbai,28.0,68100.0,990.0,130.0,2
Coimbatore,33.0,32000.0,550.0,90.0,0
Kolkata,25.0,89200.0,510.0,300.0,2
Lucknow,37.0,48800.0,420.0,300.0,0
Jaipur,36.0,110300.0,850.0,300.0,2
Visakhapatnam,39.0,13000.0,180.0,450.0,1
Pune,31.0,44500.0,300.0,300.0,0
Kolkata,29.0,102800.0,210.0,90.0,2
Jaipur,41.0,29100.0,470.0,700.0,1
Kolkata,18.0,57300.0,380.0,130.0,0
Kochi,23.0,64800.0,500.0,300.0,2
Hyderabad,39.0,66400.0,430.0,130.0,0
Indore,21.0,50700.0,330.0,300.0,0
Bengaluru,20.0,46800.0,170.0,130.0,0
Delhi,40.0,33500.0,860.0,300.0,0
Indore,28.0,94200.0,640.0,130.0,2
Chandigarh,28.0,37500.0,210.0,300.0,0
Nagpur,37.0,26800.0,500.0,90.0,0
Bengaluru,35.0,49800.0,180.0,450.0,1
Coimbatore,18.0,68900.0,350.0,450.0,1
Indore,18.0,58900.0,580.0,300.0,2
Delhi,28.0,49400.0,930.0,300.0,2
Indore,39.0,58400.0,900.0,300.0,2
Kolkata,29.0,40000.0,1170.0,90.0,2
Nagpur,18.0,10800.0,290.0,700.0,1
Lucknow,35.0,73400.0,970.0,300.0,2
Hyderabad,34.0,41100.0,1040.0,300.0,2
Chandigarh,30.0,85900.0,400.0,130.0,2
Surat,39.0,12900.0,200.0,90.0,0
Delhi,25.0,34800.0,730.0,130.0,0
Kolkata,36.0,12900.0,320.0,130.0,0
Jaipur,23.0,17600.0,470.0,450.0,1
Ahmedabad,45.0,101800.0,370.0,90.0,2
Mumbai,18.0,71400.0,440.0,450.0,1
Jaipur,30.0,46800.0,310.0,130.0,0
Kolkata,31.0,18300.0,460.0,300.0,0
Indore,38.0,69000.0,370.0,700.0,1
Kochi,20.0,82400.0,300.0,300.0,2
Ahmedabad,21.0,23300.0,260.0,90.0,0
Bengaluru,30.0,15300.0,340.0,130.0,0
Delhi,22.0,50000.0,310.0,700.0,1
Hyderabad,34.0,49000.0,610.0,300.0,0
Bhubaneswar,28.0,91500.0,900.0,300.0,2
Visakhapatnam,45.0,45600.0,570.0,130.0,0
Pune,23.0,14000.0,310.0,450.0,1
Hyderabad,20.0,72000.0,320.0,450.0,1
Lucknow,35.0,70000.0,190.0,130.0,0
Bengaluru,25.0,32900.0,920.0,700.0,1
Delhi,29.0,56300.0,300.0,450.0,1
Ahmedabad,34.0,79600.0,890.0,450.0,2
Delhi,34.0,12500.0,630.0,90.0,0
Hyderabad,38.0,49400.0,480.0,130.0,0
Surat,34.0,28500.0,1080.0,130.0,2
Mumbai,18.0,46800.0,310.0,700.0,1
Bengaluru,35.0,55300.0,580.0,130.0,0
Bhubaneswar,21.0,43900.0,860.0,130.0,2
Kolkata,26.0,9900.0,370.0,90.0,0
Hyderabad,31.0,46800.0,570.0,450.0,1
Hyderabad,26.0,35800.0,250.0,130.0,0
Kolkata,33.0,13600.0,650.0,300.0,0
Jaipur,37.0,74000.0,300.0,90.0,0
Mumbai,20.0,70700.0,570.0,90.0,2
Delhi,43.0,47900.0,310.0,130.0,0
Mumbai,18.0,40200.0,860.0,700.0,1
Chandigarh,33.0,9600.0,470.0,450.0,1
Ahmedabad,50.0,69100.0,360.0,130.0,0
Hyderabad,42.0,54300.0,440.0,130.0,0
Nagpur,26.0,8200.0,320.0,300.0,0
Jaipur,31.0,10600.0,220.0,300.0,0
Bengaluru,43.0,79200.0,600.0,130.0,2
Kochi,27.0,68300.0,670.0,90.0,2
Visakhapatnam,22.0,37700.0,860.0,130.0,0
Coimbatore,30.0,51400.0,310.0,130.0,0
Hyderabad,30.0,58100.0,540.0,130.0,0
Kolkata,18.0,47100.0,540.0,300.0,0
Bengaluru,33.0,38800.0,560.0,130.0,0
Patna,47.0,13600.0,460.0,130.0,0
Jaipur,25.0,46800.0,430.0,130.0,0
Chandigarh,33.0,38500.0,280.0,300.0,0
Hyderabad,25.0,65200.0,910.0,300.0,2
Chandigarh,31.0,42800.0,470.0,130.0,0
Kochi,19.0,6600.0,220.0,450.0,1
Chandigarh,31.0,87800.0,560.0,130.0,2
Delhi,32.0,52100.0,490.0,90.0,0
Kolkata,32.0,102100.0,620.0,90.0,2
Lucknow,45.0,111500.0,840.0,300.0,2
Surat,21.0,8400.0,380.0,300.0,0
Ahmedabad,33.0,10100.0,530.0,90.0,0
Kolkata,22.0,52500.0,290.0,300.0,0
Chandigarh,24.0,72100.0,210.0,130.0,0
Mumbai,36.0,21400.0,210.0,700.0,1
Bengaluru,48.0,65600.0,510.0,300.0,2
Bengaluru,18.0,110800.0,410.0,90.0,2
Hyderabad,28.0,52200.0,190.0,130.0,0
Ahmedabad,44.0,38900.0,560.0,450.0,1
Bhubaneswar,31.0,8500.0,220.0,450.0,1
Delhi,31.0,11000.0,100.0,90.0,0
Bengaluru,29.0,37900.0,330.0,300.0,0
Delhi,24.0,74200.0,650.0,450.0,1
Kolkata,23.0,46200.0,250.0,130.0,0
Hyderabad,35.0,84500.0,1330.0,300.0,2
Chandigarh,31.0,47800.0,690.0,450.0,1
Chennai,39.0,63300.0,650.0,130.0,2
Nagpur,25.0,11200.0,400.0,300.0,0
Hyderabad,54.0,81700.0,980.0,300.0,2
Pune,26.0,99300.0,1110.0,300.0,2
Bhubaneswar,26.0,89300.0,610.0,300.0,2
Jaipur,42.0,80600.0,900.0,300.0,2
Kochi,46.0,14000.0,290.0,300.0,0
Chennai,31.0,74100.0,470.0,300.0,2
Indore,22.0,62500.0,540.0,450.0,1
Pune,26.0,29000.0,490.0,130.0,0
Patna,36.0,32200.0,710.0,450.0,1
Pune,18.0,63100.0,260.0,130.0,0
Jaipur,28.0,12400.0,620.0,130.0,0
Kolkata,21.0,42100.0,810.0,130.0,0
Mumbai,30.0,7900.0,380.0,130.0,0
Kochi,41.0,74500.0,370.0,130.0,0
Jaipur,30.0,70300.0,520.0,90.0,2
Bengaluru,33.0,28300.0,1160.0,450.0,1
Kochi,39.0,45400.0,290.0,300.0,0
Bengaluru,36.0,46200.0,440.0,300.0,0
Bengaluru,26.0,43200.0,920.0,700.0,1
Nagpur,36.0,62600.0,260.0,700.0,1
Chennai,23.0,12800.0,190.0,300.0,0
Patna,37.0,11300.0,280.0,450.0,1
Hyderabad,26.0,43000.0,620.0,450.0,1
Mumbai,35.0,13700.0,440.0,300.0,0
Ahmedabad,24.0,76700.0,680.0,300.0,2
Kolkata,48.0,48300.0,280.0,450.0,1
Chandigarh,26.0,87100.0,690.0,300.0,2
Bhopal,26.0,27700.0,310.0,450.0,1
Kochi,24.0,38700.0,710.0,130.0,0
Jaipur,36.0,67800.0,860.0,450.0,2
Coimbatore,28.0,32000.0,450.0,300.0,0
Hyderabad,28.0,46100.0,1030.0,300.0,2
Visakhapatnam,46.0,71000.0,560.0,450.0,1
Bengaluru,22.0,9200.0,430.0,130.0,0
Hyderabad,26.0,63100.0,660.0,300.0,2
Bhopal,36.0,52300.0,300.0,450.0,1
Mumbai,28.0,72200.0,750.0,130.0,2
Coimbatore,26.0,84100.0,170.0,700.0,1
Bengaluru,21.0,54400.0,640.0,450.0,1
Hyderabad,36.0,55500.0,1140.0,130.0,2
Surat,27.0,69500.0,930.0,90.0,2
Lucknow,39.0,89600.0,490.0,130.0,2
Chennai,18.0,87700.0,960.0,90.0,2
Ahmedabad,49.0,104500.0,1020.0,130.0,2
Indore,18.0,34000.0,220.0,300.0,0
Surat,31.0,82000.0,1300.0,450.0,2
Mumbai,27.0,80000.0,680.0,450.0,2
Lucknow,30.0,44500.0,1040.0,700.0,1
Bengaluru,34.0,28000.0,360.0,300.0,0
Ahmedabad,36.0,54200.0,130.0,90.0,0
Mumbai,30.0,14000.0,640.0,450.0,1
Nagpur,45.0,78000.0,530.0,300.0,2
Lucknow,18.0,10000.0,320.0,90.0,0
Delhi,40.0,50100.0,740.0,90.0,0
Mumbai,35.0,50300.0,480.0,130.0,0
Mumbai,49.0,68200.0,630.0,300.0,2
Coimbatore,25.0,33500.0,240.0,300.0,0
Delhi,18.0,91500.0,1190.0,90.0,2
Coimbatore,28.0,71200.0,730.0,130.0,2
Bhopal,46.0,37900.0,140.0,450.0,1
Bengaluru,34.0,30400.0,400.0,450.0,1
Bengaluru,33.0,44700.0,550.0,130.0,0
Mumbai,19.0,33800.0,270.0,300.0,0
Lucknow,34.0,93600.0,510.0,90.0,2
Chandigarh,42.0,84900.0,670.0,300.0,2
Mumbai,33.0,11000.0,450.0,90.0,0
Bengaluru,27.0,49400.0,290.0,450.0,1
Chennai,26.0,52300.0,370.0,300.0,0
Pune,23.0,13600.0,650.0,90.0,0
Pune,34.0,50400.0,1060.0,300.0,2
Bengaluru,56.0,79100.0,560.0,90.0,2
Mumbai,27.0,77600.0,690.0,90.0,2
Ahmedabad,28.0,44700.0,340.0,300.0,0
Pune,32.0,76500.0,1220.0,300.0,2
Pune,35.0,94500.0,880.0,300.0,2
Kolkata,32.0,7900.0,720.0,300.0,0
Pune,33.0,64000.0,330.0,130.0,0
Pune,34.0,31200.0,1140.0,300.0,2
Delhi,36.0,9900.0,540.0,130.0,0
Delhi,38.0,62600.0,360.0,90.0,0
Bengaluru,21.0,7600.0,340.0,300.0,0
Delhi,31.0,92900.0,610.0,130.0,2
Bhubaneswar,42.0,6600.0,260.0,90.0,0
Pune,27.0,51100.0,420.0,300.0,0
Mumbai,18.0,33500.0,430.0,300.0,0
Hyderabad,46.0,49900.0,260.0,300.0,0
Coimbatore,25.0,27500.0,610.0,90.0,0
Chandigarh,35.0,92700.0,410.0,130.0,2
Bengaluru,40.0,13200.0,180.0,130.0,0
Kolkata,47.0,12400.0,350.0,90.0,0
Bhubaneswar,29.0,84900.0,340.0,90.0,2
Delhi,23.0,12700.0,350.0,130.0,0
Patna,21.0,48300.0,460.0,450.0,1
Lucknow,24.0,27600.0,380.0,130.0,0
Mumbai,56.0,93100.0,560.0,130.0,2
Pune,27.0,47700.0,510.0,700.0,1
Mumbai,18.0,58500.0,140.0,130.0,0
Bengaluru,46.0,60000.0,910.0,130.0,2
Bhopal,26.0,68100.0,650.0,450.0,1
Hyderabad,30.0,92200.0,630.0,700.0,1
Nagpur,31.0,79800.0,740.0,450.0,2
Jaipur,31.0,84100.0,720.0,130.0,2
Jaipur,19.0,25400.0,310.0,300.0,0
Mumbai,40.0,90600.0,1000.0,90.0,2
Bengaluru,25.0,27500.0,350.0,300.0,0
Chandigarh,27.0,108600.0,670.0,130.0,2
Bhopal,35.0,12900.0,470.0,130.0,0
Kolkata,28.0,64300.0,550.0,90.0,0
Bhubaneswar,24.0,6600.0,150.0,90.0,0
Mumbai,24.0,67800.0,580.0,300.0,2
Lucknow,53.0,44900.0,460.0,300.0,0
Ahmedabad,36.0,59100.0,160.0,300.0,0
Kochi,25.0,98500.0,730.0,130.0,2
Chandigarh,26.0,9200.0,330.0,90.0,0
Ahmedabad,21.0,105500.0,670.0,130.0,2
Jaipur,26.0,41600.0,620.0,300.0,0
Surat,24.0,27500.0,490.0,90.0,0
Mumbai,33.0,44700.0,740.0,130.0,0
Delhi,25.0,38400.0,490.0,130.0,0
Bengaluru,27.0,48500.0,610.0,130.0,0
Bhubaneswar,31.0,14600.0,370.0,130.0,0
Bhopal,37.0,52800.0,300.0,300.0,0
Bengaluru,32.0,68400.0,690.0,300.0,2
Mumbai,25.0,41100.0,910.0,130.0,2
Delhi,37.0,71700.0,240.0,130.0,0
Mumbai,39.0,56700.0,630.0,130.0,0
Nagpur,31.0,40900.0,720.0,450.0,1
Pune,40.0,67300.0,290.0,300.0,0
Bengaluru,45.0,15200.0,500.0,130.0,0
Patna,27.0,53900.0,400.0,450.0,1
Kolkata,26.0,20200.0,210.0,700.0,1
Delhi,22.0,50000.0,600.0,450.0,1
Mumbai,25.0,38700.0,1130.0,300.0,2
Nagpur,25.0,45200.0,450.0,130.0,0
Nagpur,43.0,36400.0,350.0,130.0,0
Bhopal,32.0,65500.0,630.0,90.0,2
Hyderabad,23.0,46800.0,1190.0,300.0,2
Indore,21.0,11400.0,100.0,130.0,0
Delhi,24.0,56900.0,670.0,300.0,2
Surat,52.0,51300.0,380.0,130.0,0
Bhopal,34.0,63600.0,420.0,130.0,0
Coimbatore,28.0,57000.0,1520.0,130.0,2
Ahmedabad,41.0,86900.0,1160.0,450.0,2
Chandigarh,36.0,98700.0,220.0,300.0,2
Kochi,33.0,12100.0,260.0,130.0,0
Jaipur,29.0,30300.0,200.0,300.0,0
Chennai,43.0,88400.0,750.0,300.0,2
Surat,25.0,41300.0,630.0,300.0,0
Jaipur,52.0,51900.0,580.0,300.0,0
Chennai,25.0,39300.0,560.0,130.0,0
Patna,32.0,34300.0,470.0,450.0,1
Kochi,38.0,34900.0,190.0,450.0,1
Kolkata,35.0,46100.0,500.0,300.0,0
Kochi,51.0,89500.0,580.0,450.0,2
Bengaluru,19.0,76100.0,700.0,700.0,1
Chennai,46.0,11700.0,360.0,90.0,0
Bhopal,30.0,34100.0,130.0,90.0,0
Mumbai,37.0,9500.0,420.0,300.0,0
Bengaluru,18.0,63800.0,550.0,450.0,1
Delhi,48.0,104200.0,490.0,300.0,2
Chandigarh,21.0,13200.0,380.0,450.0,1
Nagpur,34.0,78900.0,570.0,700.0,1
Hyderabad,23.0,83400.0,390.0,130.0,2
Delhi,33.0,52400.0,640.0,450.0,1
Pune,53.0,16800.0,500.0,300.0,0
Lucknow,40.0,57400.0,510.0,90.0,0
Bengaluru,32.0,9700.0,650.0,300.0,0
Jaipur,34.0,35900.0,450.0,130.0,0
Pune,36.0,29300.0,310.0,300.0,0
Delhi,25.0,38300.0,330.0,130.0,0
Lucknow,18.0,46200.0,630.0,300.0,0
Coimbatore,21.0,10900.0,390.0,300.0,0
Delhi,28.0,13600.0,210.0,130.0,0
Bhopal,25.0,27500.0,540.0,300.0,0
Delhi,32.0,27500.0,690.0,90.0,0
Bengaluru,41.0,86500.0,1090.0,300.0,2
Mumbai,44.0,12600.0,230.0,300.0,0
Nagpur,31.0,70700.0,630.0,300.0,2
Mumbai,32.0,49000.0,970.0,300.0,2
Bhubaneswar,44.0,85700.0,490.0,130.0,2
Kochi,26.0,49400.0,830.0,130.0,2
Jaipur,26.0,97500.0,1860.0,700.0,2
Kolkata,30.0,36500.0,550.0,130.0,0
Ahmedabad,31.0,48900.0,580.0,450.0,1
Hyderabad,25.0,31400.0,650.0,130.0,0
Mumbai,41.0,107000.0,850.0,700.0,1
Bhubaneswar,46.0,13300.0,350.0,300.0,0
Kochi,35.0,83500.0,490.0,700.0,1
Delhi,20.0,9900.0,370.0,700.0,1
Jaipur,37.0,94300.0,400.0,90.0,2
Hyderabad,32.0,72300.0,570.0,130.0,2
Coimbatore,19.0,104000.0,620.0,700.0,1
Bengaluru,23.0,49600.0,450.0,130.0,0
Bengaluru,19.0,77000.0,590.0,90.0,2
Chandigarh,46.0,39700.0,250.0,130.0,0
Patna,33.0,91100.0,290.0,450.0,1
Nagpur,30.0,50500.0,260.0,90.0,0
Patna,36.0,49100.0,180.0,450.0,1
Coimbatore,37.0,96700.0,830.0,130.0,2
Jaipur,30.0,90100.0,720.0,90.0,2
Bengaluru,30.0,43000.0,540.0,450.0,1
Lucknow,42.0,39500.0,1260.0,300.0,2
Chennai,32.0,12000.0,580.0,130.0,0
Delhi,24.0,45200.0,390.0,450.0,1
Jaipur,31.0,12900.0,130.0,130.0,0
Lucknow,37.0,95500.0,1160.0,450.0,2
Pune,20.0,49500.0,1020.0,130.0,2
Kolkata,28.0,48500.0,650.0,450.0,1
Kolkata,18.0,52300.0,490.0,130.0,0
Nagpur,34.0,80000.0,990.0,450.0,2
Pune,34.0,33000.0,140.0,300.0,0
Ahmedabad,54.0,116900.0,630.0,130.0,2
Mumbai,31.0,60100.0,290.0,450.0,1
Delhi,26.0,60100.0,690.0,90.0,2
Hyderabad,22.0,34900.0,510.0,700.0,1
Hyderabad,31.0,43300.0,240.0,130.0,0
Hyderabad,18.0,8600.0,350.0,90.0,0
Bengaluru,36.0,76700.0,1080.0,300.0,2
Lucknow,30.0,49300.0,910.0,130.0,2
Hyderabad,36.0,54800.0,720.0,90.0,2
Bengaluru,32.0,69800.0,500.0,300.0,2
Mumbai,18.0,35200.0,540.0,300.0,0
Chandigarh,40.0,9400.0,120.0,90.0,0
Chandigarh,46.0,128600.0,890.0,90.0,2
Delhi,18.0,10200.0,230.0,130.0,0
Mumbai,18.0,27500.0,850.0,130.0,0
Kochi,27.0,46100.0,310.0,300.0,0
Pune,18.0,54300.0,170.0,90.0,0
Chennai,21.0,77600.0,670.0,130.0,2
Bengaluru,27.0,27500.0,490.0,90.0,0
Patna,21.0,67900.0,960.0,130.0,2
Bengaluru,41.0,91400.0,650.0,300.0,2
Indore,23.0,80400.0,850.0,130.0,2
Bhopal,25.0,34700.0,180.0,300.0,0
Chennai,30.0,77000.0,290.0,300.0,0
Nagpur,34.0,12100.0,100.0,130.0,0
Jaipur,30.0,89600.0,530.0,130.0,2
Delhi,49.0,119100.0,530.0,450.0,2
Delhi,41.0,44300.0,470.0,90.0,0
Delhi,18.0,73500.0,1080.0,90.0,2
Pune,34.0,33500.0,290.0,700.0,1
Bhopal,25.0,53600.0,910.0,450.0,1
Kochi,43.0,70700.0,770.0,300.0,2
Lucknow,30.0,96900.0,910.0,130.0,2
Ahmedabad,40.0,36600.0,710.0,300.0,0
Lucknow,30.0,70600.0,840.0,130.0,2
Kolkata,19.0,11000.0,230.0,450.0,1
Kolkata,18.0,30100.0,380.0,130.0,0
Bhubaneswar,36.0,88900.0,850.0,130.0,2
Bengaluru,33.0,61400.0,500.0,130.0,0
Kolkata,35.0,53600.0,260.0,90.0,0
Ahmedabad,41.0,115100.0,1500.0,130.0,2
Bhopal,55.0,66400.0,260.0,130.0,0
Mumbai,18.0,33000.0,390.0,90.0,0
Mumbai,34.0,105100.0,770.0,90.0,2
Mumbai,32.0,13400.0,240.0,130.0,0
Kochi,30.0,41800.0,130.0,130.0,0
Delhi,26.0,9600.0,250.0,130.0,0
Mumbai,32.0,26800.0,620.0,130.0,0
Kolkata,35.0,41100.0,600.0,90.0,0
Bengaluru,48.0,66400.0,460.0,450.0,1
Pune,52.0,101600.0,530.0,450.0,2
Delhi,37.0,29100.0,590.0,700.0,1
Nagpur,34.0,59900.0,300.0,130.0,0
Chennai,35.0,23200.0,320.0,300.0,0
Mumbai,31.0,12800.0,120.0,300.0,0
Pune,38.0,10500.0,280.0,130.0,0
Visakhapatnam,25.0,81400.0,1470.0,300.0,2
Ahmedabad,21.0,6800.0,280.0,130.0,0
Surat,28.0,45500.0,350.0,300.0,0
Delhi,35.0,35200.0,730.0,130.0,0
Nagpur,18.0,46800.0,880.0,300.0,2
Kolkata,29.0,32800.0,810.0,450.0,1
Mumbai,18.0,81800.0,540.0,700.0,1
Hyderabad,19.0,10300.0,610.0,300.0,0
Surat,22.0,16600.0,280.0,450.0,1
Bhopal,38.0,73700.0,320.0,300.0,0
Delhi,45.0,46200.0,860.0,130.0,2
Hyderabad,36.0,75300.0,440.0,300.0,2
Delhi,18.0,7100.0,470.0,90.0,0
Bengaluru,36.0,34200.0,830.0,130.0,0
Delhi,26.0,32900.0,750.0,450.0,1
Nagpur,18.0,10600.0,160.0,450.0,1
Hyderabad,54.0,46600.0,340.0,300.0,0
Pune,22.0,43800.0,770.0,130.0,0
Delhi,30.0,73200.0,440.0,300.0,2
Delhi,42.0,88600.0,650.0,90.0,2
Kolkata,19.0,37400.0,410.0,700.0,1
Bengaluru,51.0,66500.0,350.0,130.0,0
Chennai,36.0,55600.0,630.0,700.0,1
Kochi,24.0,80000.0,390.0,130.0,2
Bengaluru,26.0,69100.0,690.0,130.0,2
Mumbai,21.0,36100.0,610.0,130.0,0
Kochi,35.0,41300.0,730.0,300.0,0
Kolkata,32.0,12500.0,420.0,130.0,0
Mumbai,24.0,9400.0,160.0,450.0,1
Kolkata,27.0,27900.0,520.0,300.0,0
Mumbai,28.0,46800.0,510.0,300.0,0
Patna,40.0,59300.0,500.0,300.0,0
Mumbai,41.0,87100.0,740.0,700.0,1
Coimbatore,34.0,66800.0,580.0,90.0,2
Hyderabad,28.0,53600.0,600.0,700.0,1
Indore,29.0,11200.0,600.0,300.0,0
Ahmedabad,30.0,95300.0,220.0,450.0,1
Delhi,45.0,48100.0,650.0,450.0,1
Mumbai,22.0,86500.0,240.0,90.0,0
Jaipur,27.0,8900.0,130.0,450.0,1
Kolkata,31.0,71200.0,180.0,300.0,0
Bhubaneswar,28.0,9500.0,1170.0,450.0,1
Hyderabad,35.0,94800.0,610.0,130.0,2
Mumbai,65.0,58500.0,940.0,300.0,2
Ahmedabad,26.0,128200.0,2500.0,300.0,2
Delhi,23.0,57800.0,1060.0,300.0,2
Kochi,20.0,67100.0,980.0,90.0,2
Mumbai,32.0,64400.0,760.0,130.0,2
Chennai,40.0,12900.0,510.0,90.0,0
Kolkata,18.0,57300.0,580.0,300.0,0
Surat,41.0,48600.0,510.0,130.0,0
Indore,31.0,64200.0,530.0,130.0,0
Hyderabad,18.0,52300.0,290.0,700.0,1
Bengaluru,30.0,46700.0,460.0,300.0,0
Mumbai,18.0,73400.0,500.0,450.0,1
Pune,26.0,25400.0,460.0,90.0,0
Bengaluru,29.0,11000.0,520.0,450.0,1
Bengaluru,35.0,57700.0,730.0,450.0,1
Hyderabad,36.0,31700.0,410.0,130.0,0
Mumbai,45.0,54200.0,180.0,300.0,0
Indore,41.0,46600.0,1380.0,130.0,2
Hyderabad,37.0,90200.0,720.0,300.0,2
Nagpur,22.0,7100.0,420.0,450.0,1
Delhi,29.0,48500.0,670.0,450.0,1
Indore,22.0,9700.0,370.0,130.0,0
Delhi,31.0,58500.0,620.0,450.0,1
Mumbai,23.0,42800.0,530.0,130.0,0
Indore,43.0,65900.0,580.0,450.0,1
Hyderabad,40.0,89200.0,360.0,700.0,1
Hyderabad,26.0,66600.0,480.0,130.0,0
Pune,25.0,92500.0,1130.0,300.0,2
Jaipur,25.0,9100.0,410.0,130.0,0
Nagpur,20.0,52500.0,410.0,90.0,0
Lucknow,34.0,27500.0,760.0,700.0,1
Pune,18.0,65600.0,420.0,90.0,0
Delhi,42.0,47000.0,870.0,130.0,2
Kolkata,21.0,37800.0,510.0,300.0,0
Kochi,26.0,66900.0,560.0,300.0,2
Hyderabad,19.0,47500.0,880.0,300.0,2
Ahmedabad,32.0,67700.0,820.0,130.0,2
Chandigarh,48.0,104200.0,660.0,300.0,2
Kolkata,37.0,32400.0,720.0,450.0,1
Indore,18.0,7600.0,310.0,300.0,0
Ahmedabad,27.0,27100.0,250.0,130.0,0
Delhi,40.0,65400.0,1100.0,450.0,2
Pune,31.0,47000.0,1090.0,300.0,2
Kochi,25.0,46300.0,360.0,130.0,0
Pune,28.0,55700.0,310.0,130.0,0
Bengaluru,47.0,45400.0,260.0,90.0,0
Patna,44.0,22900.0,570.0,450.0,1
Mumbai,27.0,10700.0,370.0,300.0,0
Nagpur,18.0,27500.0,260.0,90.0,0
Jaipur,32.0,92800.0,1200.0,300.0,2
Pune,33.0,59000.0,1010.0,450.0,2
Ahmedabad,32.0,36700.0,560.0,450.0,1
Indore,39.0,81400.0,1000.0,130.0,2
Delhi,23.0,46500.0,300.0,300.0,0
Patna,35.0,47600.0,270.0,90.0,0
Jaipur,22.0,37900.0,410.0,130.0,0
Pune,40.0,53700.0,300.0,130.0,0
Visakhapatnam,28.0,55100.0,890.0,450.0,1
Ahmedabad,18.0,54400.0,360.0,130.0,0
Nagpur,18.0,40900.0,280.0,300.0,0
Bengaluru,28.0,91300.0,600.0,130.0,2
Lucknow,32.0,25000.0,440.0,450.0,1
Bhopal,32.0,11200.0,160.0,90.0,0
Mumbai,25.0,9500.0,430.0,700.0,1
Lucknow,32.0,8500.0,570.0,130.0,0
Chennai,21.0,24800.0,490.0,130.0,0
Delhi,23.0,33700.0,420.0,130.0,0
Delhi,40.0,51000.0,420.0,700.0,1
Patna,31.0,24800.0,480.0,450.0,1
Delhi,30.0,46300.0,530.0,130.0,0
Mumbai,31.0,50700.0,430.0,300.0,0
Chandigarh,22.0,27500.0,860.0,450.0,1
Bengaluru,39.0,68600.0,390.0,450.0,1
Chennai,27.0,52700.0,550.0,300.0,0
Jaipur,24.0,36700.0,1100.0,450.0,1
Ahmedabad,31.0,45800.0,570.0,300.0,0
Bhubaneswar,29.0,26700.0,450.0,300.0,0
Coimbatore,46.0,111000.0,1230.0,450.0,2
Hyderabad,40.0,53500.0,620.0,300.0,0
Jaipur,18.0,42700.0,530.0,90.0,0
Jaipur,34.0,38200.0,520.0,130.0,0
Delhi,34.0,58700.0,1110.0,130.0,2
Kochi,34.0,44400.0,270.0,300.0,0
Chennai,23.0,84000.0,1450.0,300.0,2
Delhi,26.0,91100.0,1080.0,300.0,2
Nagpur,37.0,94200.0,600.0,130.0,2
Pune,32.0,49900.0,700.0,300.0,2
Lucknow,28.0,62000.0,680.0,450.0,1
Chennai,29.0,43600.0,520.0,300.0,0
Pune,21.0,37100.0,720.0,450.0,1
Mumbai,38.0,63800.0,630.0,300.0,2
Delhi,36.0,62700.0,470.0,90.0,0
Jaipur,34.0,10600.0,140.0,300.0,0
Delhi,31.0,7100.0,350.0,300.0,0
Nagpur,31.0,39100.0,320.0,130.0,0
Mumbai,35.0,39700.0,310.0,300.0,0
Delhi,23.0,38900.0,840.0,90.0,0
Surat,18.0,54800.0,400.0,300.0,0
Jaipur,38.0,62000.0,430.0,300.0,0
Delhi,26.0,75200.0,980.0,130.0,2
Bengaluru,32.0,73900.0,710.0,130.0,2
Bengaluru,18.0,39700.0,300.0,300.0,0
Pune,18.0,7400.0,120.0,450.0,1
Mumbai,20.0,12600.0,210.0,450.0,1
Indore,47.0,10900.0,210.0,90.0,0
Mumbai,20.0,46800.0,380.0,300.0,0
Kolkata,40.0,83100.0,550.0,300.0,2
Indore,18.0,48200.0,220.0,90.0,0
Hyderabad,34.0,112600.0,1810.0,130.0,2
Kolkata,19.0,27700.0,420.0,300.0,0
Indore,18.0,33100.0,680.0,90.0,0
Delhi,39.0,14500.0,640.0,130.0,0
Ahmedabad,26.0,40800.0,1190.0,700.0,1
Hyderabad,37.0,76300.0,520.0,130.0,2
Visakhapatnam,29.0,43700.0,540.0,130.0,0
Jaipur,27.0,52300.0,300.0,450.0,1
Patna,26.0,25600.0,720.0,90.0,0
Bengaluru,24.0,86800.0,610.0,300.0,2
Kolkata,44.0,55900.0,650.0,90.0,0
Chennai,33.0,45200.0,850.0,130.0,2
Indore,32.0,31100.0,400.0,300.0,0
Kochi,35.0,15700.0,1170.0,450.0,1
Lucknow,34.0,50200.0,1190.0,90.0,2
Bengaluru,41.0,13800.0,560.0,300.0,0
Bengaluru,29.0,42100.0,380.0,130.0,0
Bengaluru,35.0,67600.0,510.0,700.0,1
Indore,19.0,63900.0,430.0,300.0,0
Nagpur,36.0,11100.0,570.0,450.0,1
Delhi,29.0,10400.0,400.0,130.0,0
Delhi,38.0,64100.0,1160.0,300.0,2
Indore,32.0,118900.0,600.0,300.0,2
Mumbai,25.0,12900.0,390.0,300.0,0
Jaipur,22.0,66500.0,1070.0,90.0,2
Hyderabad,22.0,75700.0,490.0,130.0,2
Mumbai,37.0,65100.0,520.0,700.0,1
Jaipur,28.0,77500.0,340.0,130.0,0
Visakhapatnam,34.0,83800.0,240.0,90.0,0
Jaipur,22.0,45300.0,470.0,130.0,0
Delhi,34.0,28000.0,790.0,300.0,0
Bengaluru,29.0,42900.0,470.0,300.0,0
Nagpur,34.0,72600.0,720.0,130.0,2
Mumbai,27.0,77500.0,510.0,90.0,2
Delhi,28.0,96600.0,490.0,700.0,1
Mumbai,26.0,75500.0,810.0,450.0,2
Mumbai,28.0,37300.0,250.0,450.0,1
Nagpur,48.0,14800.0,1250.0,130.0,2
Kochi,32.0,63100.0,300.0,300.0,0
Surat,32.0,17100.0,270.0,90.0,0
Coimbatore,54.0,101100.0,1080.0,300.0,2
Chandigarh,34.0,6600.0,170.0,450.0,1
Lucknow,33.0,31700.0,270.0,300.0,0
Patna,33.0,36400.0,730.0,130.0,0
Ahmedabad,39.0,8900.0,370.0,300.0,0
Nagpur,32.0,54800.0,990.0,130.0,2
Nagpur,18.0,6600.0,560.0,300.0,0
Chennai,25.0,54000.0,290.0,130.0,0
Coimbatore,36.0,60400.0,300.0,300.0,0
Visakhapatnam,20.0,8500.0,630.0,450.0,1
Chandigarh,20.0,69300.0,780.0,450.0,2
Delhi,29.0,100600.0,250.0,700.0,1
Jaipur,39.0,49500.0,820.0,130.0,2
Mumbai,22.0,50400.0,400.0,300.0,0
Bhubaneswar,33.0,11800.0,300.0,450.0,1
Ahmedabad,18.0,48300.0,620.0,300.0,0
Jaipur,32.0,44800.0,470.0,90.0,0
Bengaluru,36.0,89300.0,910.0,130.0,2
Ahmedabad,33.0,66200.0,510.0,450.0,1
Kolkata,42.0,110400.0,620.0,300.0,2
Bhopal,28.0,7900.0,410.0,450.0,1
Chennai,32.0,46200.0,190.0,90.0,0
Lucknow,19.0,48200.0,360.0,130.0,0
Bengaluru,39.0,53700.0,360.0,450.0,1
Kolkata,38.0,8400.0,120.0,300.0,0
Kochi,39.0,86700.0,770.0,300.0,2
Delhi,40.0,32800.0,480.0,450.0,1
Surat,29.0,12200.0,290.0,700.0,1
Delhi,38.0,82300.0,430.0,130.0,2
Ahmedabad,32.0,89600.0,520.0,300.0,2
Mumbai,28.0,10800.0,630.0,450.0,1
Kolkata,26.0,22500.0,560.0,700.0,1
Indore,22.0,8300.0,610.0,130.0,0
Coimbatore,28.0,71000.0,330.0,300.0,0
Delhi,26.0,85600.0,720.0,130.0,2
Ahmedabad,30.0,26400.0,1260.0,450.0,1
Bengaluru,37.0,93800.0,720.0,130.0,2
Bengaluru,40.0,75800.0,760.0,300.0,2
Mumbai,27.0,27200.0,390.0,130.0,0
Surat,41.0,60400.0,580.0,700.0,1
Hyderabad,23.0,76700.0,760.0,450.0,2
Bengaluru,30.0,59700.0,440.0,300.0,0
Bengaluru,41.0,14900.0,210.0,130.0,0
Mumbai,20.0,30700.0,320.0,130.0,0
Pune,39.0,42500.0,800.0,130.0,0
Bengaluru,31.0,13300.0,170.0,130.0,0
Visakhapatnam,31.0,42200.0,670.0,130.0,0
Nagpur,18.0,61500.0,210.0,90.0,0
Bhopal,25.0,63300.0,1200.0,300.0,2
Bengaluru,24.0,104000.0,480.0,130.0,2
Delhi,18.0,93400.0,730.0,130.0,2
Bhopal,40.0,50600.0,590.0,300.0,0
Bengaluru,40.0,64600.0,540.0,130.0,0
Bengaluru,18.0,9400.0,610.0,90.0,0
Ahmedabad,19.0,12900.0,490.0,300.0,0
Patna,30.0,6600.0,330.0,300.0,0
Patna,18.0,47800.0,1550.0,90.0,2
Hyderabad,33.0,11700.0,180.0,130.0,0
Jaipur,32.0,31300.0,410.0,300.0,0
Nagpur,42.0,70300.0,170.0,130.0,0
Chennai,32.0,12700.0,700.0,130.0,0
Lucknow,32.0,104400.0,1590.0,130.0,2
Kolkata,23.0,74700.0,360.0,130.0,0
Delhi,46.0,45500.0,640.0,130.0,0
Visakhapatnam,30.0,69100.0,1320.0,130.0,2
Nagpur,18.0,11000.0,410.0,90.0,0
Bengaluru,48.0,61400.0,750.0,300.0,2
Delhi,18.0,36500.0,1170.0,130.0,2
Bhubaneswar,32.0,90000.0,750.0,130.0,2
Chandigarh,40.0,51000.0,490.0,130.0,0
Chandigarh,33.0,50200.0,770.0,130.0,2
Mumbai,21.0,94800.0,200.0,300.0,2
Pune,32.0,63600.0,470.0,130.0,0
Chennai,21.0,29400.0,470.0,700.0,1
Delhi,34.0,27200.0,750.0,130.0,0
Ahmedabad,22.0,11200.0,170.0,700.0,1
Mumbai,40.0,12000.0,530.0,130.0,0
Jaipur,32.0,59400.0,400.0,130.0,0
Jaipur,46.0,93700.0,1000.0,450.0,2
Surat,45.0,59400.0,350.0,700.0,1
Hyderabad,20.0,11000.0,610.0,300.0,0
Chandigarh,36.0,44900.0,210.0,300.0,0
Surat,40.0,11900.0,990.0,300.0,0
Bengaluru,31.0,23100.0,320.0,90.0,0
Pune,18.0,102000.0,1250.0,90.0,2
Chennai,18.0,57600.0,870.0,450.0,1
Nagpur,22.0,52300.0,750.0,130.0,2
Nagpur,29.0,52900.0,650.0,700.0,1
Nagpur,50.0,102500.0,830.0,300.0,2
Ahmedabad,18.0,49000.0,330.0,90.0,0
Jaipur,26.0,40100.0,280.0,130.0,0
Kolkata,34.0,24000.0,470.0,130.0,0
Mumbai,34.0,56400.0,370.0,90.0,0
Kochi,30.0,35900.0,340.0,130.0,0
Coimbatore,18.0,64500.0,940.0,90.0,2
Lucknow,40.0,59600.0,560.0,300.0,2
Bhopal,36.0,64800.0,200.0,300.0,0
Chennai,24.0,79600.0,550.0,130.0,2
Kolkata,43.0,119900.0,1140.0,700.0,2
Mumbai,19.0,53300.0,800.0,450.0,1
Bengaluru,32.0,73500.0,550.0,700.0,1
Kolkata,30.0,11700.0,490.0,130.0,0
Ahmedabad,25.0,62800.0,260.0,300.0,0
Bengaluru,33.0,64400.0,520.0,450.0,1
Indore,26.0,12000.0,450.0,300.0,0
Surat,25.0,41100.0,940.0,450.0,1
Bhubaneswar,22.0,11700.0,280.0,130.0,0
Coimbatore,30.0,41400.0,300.0,130.0,0
Kochi,29.0,87400.0,470.0,90.0,2
Bengaluru,39.0,119500.0,1210.0,130.0,2
Kolkata,22.0,11100.0,200.0,90.0,0
Lucknow,32.0,8700.0,310.0,300.0,0
Jaipur,40.0,53700.0,380.0,130.0,0
Bengaluru,42.0,66800.0,680.0,130.0,2
Mumbai,36.0,69300.0,970.0,90.0,2
Delhi,18.0,72400.0,1280.0,130.0,2
Coimbatore,37.0,77100.0,900.0,450.0,2
Bhopal,26.0,53000.0,450.0,300.0,0
Mumbai,35.0,97600.0,1280.0,130.0,2
Bengaluru,37.0,39100.0,410.0,130.0,0
Bengaluru,26.0,59000.0,840.0,300.0,2
Chennai,37.0,8300.0,250.0,700.0,1
Mumbai,19.0,58600.0,420.0,300.0,0
Visakhapatnam,31.0,8900.0,160.0,130.0,0
Ahmedabad,27.0,66900.0,1540.0,90.0,2
Bengaluru,20.0,86300.0,600.0,300.0,2
Kolkata,33.0,34300.0,290.0,130.0,0
Chennai,39.0,113800.0,670.0,300.0,2
Chennai,31.0,31200.0,610.0,300.0,0
Pune,32.0,99500.0,360.0,130.0,2
Ahmedabad,21.0,17600.0,680.0,90.0,0
Coimbatore,18.0,32800.0,630.0,130.0,0
Pune,25.0,8300.0,720.0,130.0,0
Chandigarh,35.0,11800.0,410.0,700.0,1
Delhi,48.0,53900.0,410.0,130.0,0
Chandigarh,30.0,47000.0,430.0,130.0,0
Kochi,18.0,73000.0,660.0,90.0,2
Hyderabad,39.0,90300.0,580.0,130.0,2
Bengaluru,27.0,68500.0,590.0,300.0,2
Mumbai,18.0,57200.0,1040.0,90.0,2
Patna,28.0,17400.0,320.0,300.0,0
Lucknow,44.0,126700.0,840.0,700.0,2
Indore,46.0,60800.0,490.0,300.0,0
Pune,27.0,21700.0,480.0,300.0,0
Kolkata,32.0,95500.0,1090.0,130.0,2
Patna,43.0,12500.0,510.0,450.0,1
Bhubaneswar,25.0,22200.0,270.0,450.0,1
Delhi,22.0,50200.0,700.0,130.0,0
Indore,27.0,101100.0,690.0,300.0,2
Chennai,34.0,75500.0,580.0,700.0,1
Bhopal,41.0,79800.0,500.0,300.0,2
Pune,46.0,14400.0,750.0,300.0,0
Delhi,37.0,32900.0,520.0,130.0,0
Coimbatore,25.0,51400.0,460.0,130.0,0
Chennai,28.0,53300.0,560.0,300.0,0
Hyderabad,22.0,68300.0,310.0,90.0,0
Chandigarh,18.0,34200.0,270.0,130.0,0
Mumbai,29.0,9100.0,800.0,130.0,0
Ahmedabad,32.0,11200.0,630.0,90.0,0
Lucknow,42.0,12100.0,190.0,300.0,0
Bengaluru,20.0,37900.0,490.0,300.0,0
Jaipur,40.0,59300.0,490.0,300.0,0
Kochi,22.0,51900.0,520.0,90.0,0
Hyderabad,37.0,54500.0,300.0,130.0,0
Bhubaneswar,27.0,35900.0,700.0,450.0,1
Indore,41.0,57700.0,930.0,300.0,2
Hyderabad,47.0,12700.0,180.0,130.0,0
Nagpur,31.0,44900.0,540.0,130.0,0
Ahmedabad,49.0,66900.0,520.0,450.0,1
Kochi,33.0,39300.0,1080.0,450.0,1
Bengaluru,18.0,54000.0,360.0,300.0,0
Jaipur,36.0,63600.0,420.0,90.0,0
Nagpur,18.0,34900.0,790.0,90.0,0
Kochi,24.0,63500.0,1040.0,130.0,2
Mumbai,29.0,66800.0,1400.0,90.0,2
Pune,20.0,27500.0,590.0,300.0,0
Surat,34.0,118400.0,270.0,90.0,2
Surat,49.0,18000.0,220.0,450.0,1
Hyderabad,20.0,27500.0,510.0,90.0,0
Patna,36.0,48100.0,370.0,700.0,1
Kolkata,34.0,38400.0,880.0,300.0,2
Lucknow,41.0,62500.0,730.0,700.0,1
Kochi,27.0,70400.0,640.0,130.0,2
Hyderabad,32.0,12900.0,230.0,130.0,0
Delhi,29.0,24800.0,480.0,90.0,0
Ahmedabad,22.0,42200.0,550.0,130.0,0
Delhi,46.0,68300.0,620.0,300.0,2
Surat,36.0,63200.0,580.0,300.0,2
Hyderabad,36.0,16800.0,390.0,130.0,0
Visakhapatnam,43.0,53200.0,610.0,130.0,0
Pune,21.0,8300.0,390.0,300.0,0
Chennai,19.0,47600.0,960.0,90.0,2
Mumbai,18.0,8500.0,390.0,300.0,0
Kolkata,39.0,54900.0,160.0,130.0,0
Ahmedabad,42.0,77400.0,1160.0,130.0,2
Mumbai,37.0,112700.0,930.0,90.0,2
Visakhapatnam,33.0,14000.0,100.0,90.0,0
Bengaluru,20.0,64000.0,730.0,300.0,2
Kochi,23.0,6900.0,440.0,300.0,0
Pune,34.0,80300.0,990.0,130.0,2
Mumbai,37.0,90800.0,570.0,450.0,2
Hyderabad,44.0,47300.0,530.0,300.0,0
Hyderabad,49.0,13100.0,250.0,130.0,0
Chennai,47.0,52900.0,580.0,90.0,0
Mumbai,24.0,91800.0,670.0,90.0,2
Mumbai,26.0,37800.0,140.0,300.0,0
Lucknow,18.0,10300.0,640.0,90.0,0
Jaipur,42.0,13100.0,510.0,90.0,0
Bhubaneswar,26.0,90400.0,660.0,90.0,2
Delhi,24.0,10500.0,260.0,450.0,1
Ahmedabad,46.0,99800.0,950.0,300.0,2
Coimbatore,31.0,9800.0,750.0,700.0,1
Surat,35.0,27700.0,170.0,90.0,0
Hyderabad,38.0,68800.0,490.0,130.0,0
Delhi,47.0,103900.0,930.0,90.0,2
Mumbai,30.0,15700.0,380.0,300.0,0
Delhi,26.0,7800.0,340.0,130.0,0
Delhi,43.0,38500.0,350.0,130.0,0
Patna,33.0,53400.0,780.0,130.0,2
Indore,49.0,33700.0,530.0,300.0,0
Ahmedabad,27.0,44000.0,750.0,300.0,0
Surat,34.0,34500.0,190.0,130.0,0
Delhi,28.0,78200.0,310.0,300.0,0
Coimbatore,18.0,73700.0,290.0,130.0,0
Pune,30.0,11900.0,410.0,130.0,0
Kochi,28.0,54500.0,410.0,130.0,0
Delhi,27.0,31000.0,670.0,130.0,0
Pune,32.0,47600.0,800.0,450.0,1
Delhi,19.0,10200.0,430.0,300.0,0
Nagpur,42.0,31200.0,810.0,450.0,1
Mumbai,27.0,48400.0,450.0,300.0,0
Bengaluru,27.0,43200.0,910.0,300.0,2
Bengaluru,29.0,41800.0,340.0,300.0,0
Pune,39.0,7500.0,400.0,90.0,0
Ahmedabad,25.0,33900.0,510.0,300.0,0
Jaipur,26.0,97200.0,860.0,700.0,1
Nagpur,47.0,82600.0,790.0,90.0,2
Nagpur,35.0,12000.0,370.0,300.0,0
Coimbatore,39.0,50600.0,640.0,300.0,0
Bhubaneswar,19.0,35500.0,1070.0,130.0,2
Hyderabad,39.0,10400.0,180.0,300.0,0
Delhi,34.0,42700.0,520.0,300.0,0
Jaipur,48.0,11500.0,100.0,90.0,0
Pune,45.0,82500.0,690.0,450.0,2
Delhi,34.0,10000.0,150.0,300.0,0
Visakhapatnam,40.0,8500.0,390.0,90.0,0
Pune,23.0,49700.0,300.0,450.0,1
Pune,33.0,48200.0,860.0,300.0,2
Hyderabad,32.0,51500.0,240.0,700.0,1
Indore,41.0,53300.0,410.0,130.0,0
Hyderabad,24.0,57100.0,410.0,450.0,1
Chandigarh,29.0,37700.0,180.0,300.0,0
Bengaluru,40.0,101200.0,790.0,700.0,1
Bhubaneswar,23.0,38700.0,590.0,130.0,0
Kolkata,18.0,26100.0,200.0,130.0,0
Hyderabad,18.0,30100.0,1020.0,130.0,2
Surat,44.0,74500.0,310.0,300.0,0
Lucknow,45.0,61400.0,940.0,130.0,2
Kolkata,29.0,66200.0,540.0,700.0,1
Delhi,33.0,51700.0,620.0,90.0,0
Lucknow,33.0,98600.0,1400.0,130.0,2
Kochi,23.0,30700.0,420.0,300.0,0
Kolkata,34.0,54700.0,770.0,300.0,2
Chennai,27.0,58400.0,320.0,300.0,0
Bengaluru,18.0,11500.0,690.0,300.0,0
Pune,18.0,10100.0,640.0,700.0,1
Mumbai,31.0,72200.0,460.0,130.0,2
Kochi,28.0,92000.0,660.0,300.0,2
Chandigarh,36.0,51400.0,500.0,450.0,1
Coimbatore,48.0,104700.0,1090.0,90.0,2
Ahmedabad,22.0,7700.0,490.0,450.0,1
Bengaluru,36.0,58600.0,390.0,450.0,1
Jaipur,30.0,13800.0,290.0,90.0,0
Hyderabad,35.0,58200.0,550.0,450.0,1
Pune,33.0,79300.0,960.0,450.0,2
Nagpur,35.0,102100.0,1260.0,130.0,2
Pune,65.0,107900.0,820.0,300.0,2
Mumbai,32.0,102200.0,930.0,300.0,2
Lucknow,36.0,109300.0,250.0,90.0,2
Kolkata,22.0,61100.0,300.0,300.0,0
Visakhapatnam,33.0,70200.0,380.0,130.0,0
Hyderabad,36.0,11000.0,420.0,90.0,0
Surat,24.0,43700.0,470.0,130.0,0
Hyderabad,60.0,9900.0,450.0,130.0,0
Bengaluru,34.0,48100.0,600.0,300.0,0
Coimbatore,23.0,11700.0,230.0,300.0,0
Indore,44.0,57900.0,1540.0,130.0,2
Surat,31.0,9000.0,120.0,450.0,1
Ahmedabad,19.0,46700.0,500.0,90.0,0
Chennai,31.0,10900.0,630.0,130.0,0
Mumbai,28.0,66300.0,460.0,130.0,0
Chandigarh,36.0,44900.0,670.0,300.0,0
Hyderabad,18.0,7600.0,290.0,130.0,0
Surat,32.0,53700.0,260.0,130.0,0
Hyderabad,23.0,50400.0,840.0,300.0,2
Mumbai,18.0,7500.0,150.0,300.0,0
Nagpur,33.0,27500.0,350.0,90.0,0
Delhi,30.0,62100.0,650.0,130.0,2
Lucknow,18.0,10300.0,360.0,130.0,0
Bhopal,32.0,33700.0,680.0,90.0,0
Surat,41.0,79700.0,500.0,130.0,2
Bengaluru,33.0,72100.0,800.0,90.0,2
Indore,18.0,27500.0,610.0,300.0,0
Indore,35.0,91400.0,730.0,130.0,2
Mumbai,52.0,33900.0,360.0,130.0,0
Pune,21.0,44200.0,570.0,300.0,0
Hyderabad,38.0,44500.0,150.0,300.0,0
Pune,18.0,6600.0,370.0,130.0,0
Chennai,33.0,55800.0,850.0,130.0,2
Delhi,29.0,10300.0,330.0,130.0,0
Chennai,46.0,55800.0,710.0,300.0,2
Ahmedabad,52.0,111000.0,1070.0,300.0,2
Coimbatore,22.0,29500.0,350.0,130.0,0
Jaipur,18.0,83800.0,680.0,300.0,2
Delhi,39.0,12200.0,410.0,90.0,0
Pune,33.0,49100.0,180.0,90.0,0
Bhopal,23.0,85800.0,690.0,300.0,2
Indore,30.0,12700.0,190.0,130.0,0
Patna,32.0,100300.0,230.0,300.0,2
Lucknow,45.0,81900.0,1550.0,130.0,2
Bengaluru,49.0,15600.0,490.0,300.0,0
Bhopal,37.0,41200.0,520.0,450.0,1
Mumbai,36.0,65400.0,170.0,90.0,0
Delhi,18.0,27500.0,380.0,450.0,1
Hyderabad,29.0,46800.0,1450.0,130.0,2
Bengaluru,21.0,69200.0,470.0,300.0,2
Jaipur,30.0,49500.0,850.0,300.0,2
Delhi,25.0,31700.0,500.0,130.0,0
Patna,25.0,35100.0,490.0,130.0,0
Delhi,30.0,39200.0,960.0,90.0,2
Bengaluru,18.0,77200.0,790.0,90.0,2
Indore,30.0,50900.0,480.0,300.0,0
Delhi,59.0,43200.0,760.0,130.0,0
Kolkata,44.0,13600.0,1100.0,300.0,0
Nagpur,24.0,37900.0,460.0,450.0,1
Hyderabad,35.0,6600.0,450.0,300.0,0
Kochi,21.0,51700.0,680.0,90.0,0
Indore,23.0,30500.0,610.0,90.0,0
Bengaluru,18.0,8800.0,260.0,130.0,0
Ahmedabad,29.0,12900.0,400.0,300.0,0
Bhopal,26.0,22100.0,420.0,450.0,1
Hyderabad,28.0,29000.0,250.0,300.0,0
Mumbai,37.0,47600.0,240.0,300.0,0
Bengaluru,40.0,88600.0,670.0,90.0,2
Ahmedabad,36.0,110300.0,1280.0,90.0,2
Kolkata,31.0,62100.0,960.0,130.0,2
Pune,38.0,98400.0,1040.0,130.0,2
Pune,32.0,38500.0,260.0,130.0,0
Hyderabad,30.0,88600.0,730.0,450.0,2
Mumbai,22.0,70400.0,670.0,130.0,2
Pune,47.0,98500.0,1090.0,130.0,2
Delhi,22.0,36500.0,520.0,700.0,1
Pune,24.0,45400.0,400.0,300.0,0
Bengaluru,21.0,49900.0,1130.0,450.0,2
Nagpur,18.0,55100.0,280.0,300.0,0
Bengaluru,25.0,26200.0,420.0,90.0,0
Indore,35.0,66500.0,590.0,90.0,2
Nagpur,40.0,15400.0,370.0,300.0,0
Delhi,34.0,83200.0,470.0,300.0,2
Mumbai,44.0,60300.0,1330.0,300.0,2
Bengaluru,24.0,62900.0,300.0,90.0,0
Pune,21.0,49800.0,1190.0,130.0,2
Hyderabad,40.0,93300.0,960.0,450.0,2
Patna,26.0,48400.0,630.0,300.0,0
Patna,38.0,69900.0,660.0,130.0,2
Bengaluru,31.0,82500.0,550.0,300.0,2
Mumbai,29.0,79400.0,1060.0,300.0,2
Kochi,22.0,84500.0,400.0,130.0,2
Indore,33.0,43400.0,700.0,130.0,0
Mumbai,28.0,44400.0,480.0,450.0,1
Kolkata,29.0,75300.0,590.0,300.0,2
Delhi,27.0,13700.0,350.0,450.0,1
Coimbatore,52.0,64100.0,1060.0,130.0,2
Nagpur,28.0,56800.0,450.0,130.0,0
Visakhapatnam,35.0,89000.0,510.0,300.0,2
Pune,27.0,39800.0,620.0,130.0,0
Kochi,40.0,12500.0,200.0,90.0,0
Kolkata,18.0,37400.0,370.0,130.0,0
Mumbai,31.0,50500.0,860.0,450.0,1
Bhopal,24.0,51500.0,610.0,300.0,0
Mumbai,47.0,61600.0,700.0,300.0,2
Pune,29.0,81900.0,900.0,300.0,2
Bengaluru,45.0,12300.0,460.0,300.0,0
Delhi,33.0,28300.0,400.0,130.0,0
Jaipur,39.0,11300.0,160.0,130.0,0
Kolkata,34.0,12400.0,180.0,700.0,1
Hyderabad,31.0,79300.0,430.0,130.0,2
Delhi,34.0,11200.0,210.0,130.0,0
Ahmedabad,23.0,42700.0,1040.0,300.0,2
Kochi,28.0,8300.0,620.0,130.0,0
Surat,19.0,35400.0,450.0,450.0,1
Pune,29.0,10500.0,260.0,130.0,0
Ahmedabad,18.0,36500.0,860.0,300.0,2
Visakhapatnam,18.0,40700.0,750.0,300.0,0
Pune,27.0,37700.0,470.0,300.0,0
Bengaluru,32.0,48900.0,160.0,300.0,0
Nagpur,37.0,107900.0,780.0,130.0,2
Jaipur,33.0,48700.0,1230.0,450.0,2
Pune,39.0,79500.0,1050.0,300.0,2
Coimbatore,18.0,36300.0,530.0,300.0,0
Delhi,52.0,14500.0,220.0,90.0,0
Delhi,30.0,24800.0,780.0,130.0,0
Mumbai,18.0,33500.0,730.0,130.0,0
Delhi,18.0,64300.0,640.0,130.0,2
Bengaluru,21.0,58400.0,830.0,450.0,1
Mumbai,37.0,9000.0,290.0,300.0,0
Mumbai,18.0,57900.0,410.0,300.0,0
Kolkata,34.0,52600.0,570.0,300.0,0
Kolkata,26.0,8000.0,530.0,130.0,0
Bhopal,50.0,68800.0,1000.0,130.0,2
Bhopal,33.0,33400.0,760.0,130.0,0
Patna,18.0,7200.0,310.0,130.0,0
Pune,38.0,48900.0,920.0,300.0,2
Bengaluru,38.0,9500.0,370.0,700.0,1
Bengaluru,27.0,53800.0,830.0,450.0,1
Mumbai,40.0,38200.0,1510.0,300.0,2
Bhubaneswar,25.0,59600.0,750.0,300.0,2
Delhi,18.0,61400.0,740.0,300.0,2
Ahmedabad,42.0,58100.0,1110.0,450.0,2
Mumbai,32.0,42500.0,570.0,450.0,1
Bengaluru,35.0,9600.0,240.0,300.0,0
Delhi,19.0,40700.0,310.0,300.0,0
Ahmedabad,31.0,10600.0,390.0,90.0,0
Ahmedabad,24.0,10100.0,570.0,130.0,0
Kochi,18.0,55500.0,960.0,130.0,2
Coimbatore,44.0,49800.0,510.0,450.0,1
Pune,25.0,8900.0,180.0,130.0,0
Chennai,19.0,10000.0,450.0,450.0,1
Nagpur,24.0,6600.0,370.0,450.0,1
Coimbatore,34.0,11600.0,250.0,300.0,0
Jaipur,43.0,78500.0,610.0,90.0,2
Indore,40.0,44800.0,650.0,450.0,1
Nagpur,42.0,104100.0,950.0,130.0,2
Coimbatore,19.0,45000.0,1120.0,700.0,1
Hyderabad,27.0,76100.0,860.0,450.0,2
Kochi,31.0,50600.0,710.0,450.0,1
Hyderabad,36.0,41700.0,810.0,300.0,2
Pune,44.0,83800.0,1280.0,300.0,2
Patna,39.0,89300.0,1090.0,450.0,2
Delhi,30.0,35700.0,1010.0,300.0,2
Bengaluru,40.0,28600.0,330.0,90.0,0
Kochi,39.0,80900.0,590.0,90.0,2
Nagpur,41.0,46200.0,270.0,130.0,0
Patna,26.0,35100.0,700.0,450.0,1
Pune,41.0,86900.0,780.0,90.0,2
Mumbai,30.0,96900.0,410.0,130.0,2
Bhopal,26.0,9400.0,490.0,450.0,1
Ahmedabad,18.0,9700.0,190.0,130.0,0
Nagpur,37.0,22900.0,230.0,450.0,1
Bengaluru,26.0,51000.0,300.0,450.0,1
Kochi,37.0,89600.0,1840.0,300.0,2
Bengaluru,42.0,42300.0,490.0,90.0,0
Kolkata,35.0,73800.0,970.0,300.0,2
Delhi,34.0,71700.0,500.0,300.0,2
Hyderabad,29.0,13100.0,480.0,130.0,0
Chandigarh,31.0,89100.0,770.0,90.0,2
Jaipur,46.0,86200.0,1180.0,130.0,2
Chennai,38.0,69900.0,890.0,90.0,2
Nagpur,32.0,55000.0,530.0,130.0,0
Patna,42.0,60700.0,160.0,130.0,0
Hyderabad,18.0,6600.0,450.0,130.0,0
Delhi,22.0,30000.0,450.0,450.0,1
Chennai,45.0,57800.0,610.0,130.0,0
Surat,29.0,11400.0,420.0,300.0,0
Surat,46.0,72800.0,350.0,130.0,0
Bengaluru,20.0,55400.0,300.0,450.0,1
Chennai,34.0,44600.0,430.0,130.0,0
Bengaluru,31.0,10900.0,540.0,300.0,0
Bengaluru,21.0,64900.0,710.0,300.0,2
Delhi,18.0,9800.0,340.0,300.0,0
Kochi,25.0,38500.0,220.0,90.0,0
Jaipur,32.0,12100.0,290.0,130.0,0
Coimbatore,36.0,41900.0,430.0,90.0,0
Kochi,30.0,32900.0,1040.0,130.0,2
Mumbai,23.0,13800.0,100.0,130.0,0
Lucknow,18.0,79100.0,500.0,300.0,2
Surat,40.0,37300.0,1060.0,90.0,2
Chennai,28.0,9200.0,310.0,700.0,1
Coimbatore,22.0,11900.0,270.0,700.0,1
Delhi,18.0,86500.0,340.0,90.0,2
Jaipur,25.0,59600.0,780.0,90.0,2
Mumbai,31.0,7200.0,380.0,90.0,0
Chennai,18.0,64300.0,610.0,300.0,2
Mumbai,32.0,63100.0,270.0,700.0,1
Jaipur,22.0,39000.0,590.0,450.0,1
Delhi,49.0,61800.0,870.0,700.0,1
Chandigarh,41.0,46400.0,1120.0,450.0,2
Bengaluru,18.0,31900.0,1030.0,300.0,2
Ahmedabad,37.0,51100.0,230.0,300.0,0
Kochi,26.0,53500.0,440.0,450.0,1
Mumbai,22.0,27500.0,670.0,90.0,0
Patna,33.0,56500.0,480.0,130.0,0
Indore,25.0,6600.0,590.0,300.0,0
Bengaluru,29.0,83000.0,1240.0,300.0,2
Kochi,24.0,96700.0,1130.0,90.0,2
Bengaluru,32.0,93900.0,720.0,130.0,2
Mumbai,47.0,32000.0,900.0,300.0,0
Kolkata,39.0,79400.0,540.0,300.0,2
Patna,24.0,8700.0,340.0,300.0,0
Indore,43.0,13000.0,330.0,450.0,1
Ahmedabad,35.0,55400.0,1110.0,450.0,2
Hyderabad,33.0,44400.0,980.0,300.0,2
Lucknow,25.0,15400.0,340.0,130.0,0
Surat,25.0,36500.0,440.0,130.0,0
Delhi,54.0,17200.0,520.0,300.0,0
Delhi,35.0,14800.0,860.0,90.0,0
Delhi,28.0,46600.0,520.0,130.0,0
Hyderabad,25.0,45500.0,470.0,450.0,1
Nagpur,24.0,42300.0,460.0,130.0,0
Nagpur,40.0,42900.0,200.0,300.0,0
Delhi,18.0,7600.0,470.0,130.0,0
Bengaluru,21.0,11800.0,320.0,300.0,0
Indore,38.0,29400.0,580.0,130.0,0
Delhi,36.0,109800.0,660.0,300.0,2
Pune,25.0,11900.0,230.0,300.0,0
Kolkata,23.0,74400.0,200.0,130.0,0
Kolkata,40.0,10300.0,380.0,130.0,0
Jaipur,51.0,14100.0,510.0,90.0,0
Surat,37.0,10100.0,340.0,130.0,0
Delhi,20.0,74600.0,370.0,130.0,0
Chandigarh,33.0,11100.0,290.0,130.0,0
Lucknow,27.0,131800.0,830.0,130.0,2
Ahmedabad,25.0,84000.0,530.0,130.0,2
Bhubaneswar,18.0,19200.0,130.0,130.0,0
Delhi,36.0,44300.0,350.0,300.0,0
Bengaluru,34.0,12400.0,600.0,130.0,0
Mumbai,18.0,6600.0,390.0,90.0,0
Delhi,18.0,68900.0,360.0,300.0,0
Patna,24.0,60600.0,370.0,300.0,0
Jaipur,36.0,49300.0,1050.0,130.0,2
Kolkata,18.0,96900.0,320.0,90.0,2
Chennai,28.0,59500.0,1300.0,300.0,2
Kolkata,46.0,19300.0,340.0,450.0,1
Lucknow,25.0,37000.0,340.0,700.0,1
Patna,34.0,53900.0,250.0,300.0,0
Surat,39.0,32400.0,420.0,90.0,0
Chandigarh,47.0,64600.0,370.0,300.0,0
Patna,46.0,70700.0,470.0,300.0,2
Delhi,24.0,73100.0,650.0,130.0,2
Jaipur,39.0,24800.0,610.0,300.0,0
Surat,33.0,22100.0,690.0,130.0,0
Nagpur,22.0,7800.0,400.0,130.0,0
Jaipur,43.0,13000.0,120.0,700.0,1
Bengaluru,41.0,104600.0,1110.0,300.0,2
Mumbai,42.0,94600.0,760.0,130.0,2
Pune,32.0,110600.0,730.0,130.0,2
Chandigarh,37.0,47500.0,860.0,300.0,2
Chandigarh,29.0,79700.0,720.0,300.0,2
Kolkata,36.0,39800.0,940.0,130.0,2
Pune,33.0,10900.0,290.0,300.0,0
Indore,42.0,44800.0,500.0,300.0,0
Mumbai,32.0,47600.0,740.0,300.0,2
Mumbai,25.0,57900.0,580.0,450.0,1
Bengaluru,39.0,41300.0,430.0,90.0,0
Lucknow,20.0,69800.0,980.0,700.0,1
Delhi,21.0,46800.0,220.0,130.0,0
Mumbai,33.0,48100.0,620.0,90.0,0
Bengaluru,18.0,49400.0,450.0,300.0,0
Surat,23.0,61200.0,730.0,450.0,1
Bengaluru,34.0,85200.0,1170.0,450.0,2
Pune,33.0,85500.0,1300.0,90.0,2
Pune,27.0,53900.0,520.0,130.0,0
Mumbai,23.0,24600.0,370.0,300.0,0
Hyderabad,44.0,52300.0,680.0,300.0,2
Coimbatore,31.0,70100.0,1190.0,300.0,2
Delhi,37.0,42900.0,910.0,300.0,2
Mumbai,18.0,8100.0,330.0,130.0,0
Chennai,28.0,6600.0,150.0,300.0,0
Mumbai,42.0,54500.0,1120.0,300.0,2
Ahmedabad,26.0,11700.0,440.0,300.0,0
Pune,25.0,114600.0,960.0,700.0,2
Mumbai,31.0,42600.0,280.0,130.0,0
Hyderabad,35.0,13200.0,360.0,300.0,0
Kochi,22.0,76100.0,630.0,300.0,2
Hyderabad,38.0,10000.0,800.0,130.0,0
Hyderabad,27.0,11300.0,430.0,130.0,0
Chennai,47.0,91900.0,730.0,90.0,2
Mumbai,35.0,97800.0,590.0,90.0,2
Mumbai,38.0,11700.0,210.0,130.0,0
Mumbai,41.0,12400.0,330.0,90.0,0
Delhi,19.0,19200.0,930.0,130.0,0
Visakhapatnam,22.0,56400.0,460.0,450.0,1
Chennai,38.0,99800.0,530.0,300.0,2
Coimbatore,27.0,50000.0,650.0,700.0,1
Bhopal,37.0,47800.0,790.0,90.0,2
Pune,45.0,53800.0,780.0,300.0,2
Mumbai,28.0,11200.0,270.0,300.0,0
Hyderabad,20.0,44600.0,550.0,130.0,0
Jaipur,29.0,98300.0,690.0,130.0,2
Mumbai,18.0,59300.0,440.0,450.0,1
Nagpur,18.0,11200.0,160.0,300.0,0
Visakhapatnam,28.0,57300.0,850.0,300.0,2
Kochi,43.0,13100.0,490.0,300.0,0
Bengaluru,25.0,71100.0,1370.0,300.0,2
Mumbai,45.0,18300.0,210.0,300.0,0
Hyderabad,18.0,13400.0,360.0,300.0,0
Coimbatore,23.0,58900.0,420.0,450.0,1
Patna,35.0,39700.0,550.0,450.0,1
Jaipur,30.0,45500.0,590.0,700.0,1
Ahmedabad,34.0,52200.0,990.0,300.0,2
Bhopal,22.0,82400.0,550.0,130.0,2
Kolkata,42.0,14500.0,540.0,90.0,0
Lucknow,34.0,11800.0,500.0,130.0,0
Bhubaneswar,31.0,38800.0,370.0,450.0,1
Delhi,28.0,57400.0,280.0,300.0,0
Indore,27.0,55500.0,230.0,450.0,1
Hyderabad,31.0,40000.0,460.0,450.0,1
Mumbai,30.0,87400.0,550.0,300.0,2
Kolkata,38.0,66200.0,1050.0,300.0,2
Bhubaneswar,24.0,46700.0,250.0,130.0,0
Indore,28.0,20800.0,470.0,700.0,1
Mumbai,23.0,32700.0,1060.0,300.0,2
Ahmedabad,38.0,64000.0,470.0,300.0,0
Ahmedabad,39.0,66500.0,1070.0,130.0,2
Jaipur,22.0,32300.0,360.0,300.0,0
Bhopal,18.0,8900.0,360.0,700.0,1
Chandigarh,25.0,43500.0,420.0,450.0,1
Chennai,35.0,69700.0,850.0,300.0,2
Lucknow,22.0,6600.0,390.0,130.0,0
Bengaluru,23.0,55300.0,920.0,90.0,2
Indore,24.0,45400.0,250.0,450.0,1
Chennai,33.0,73600.0,900.0,130.0,2
Bengaluru,40.0,12800.0,510.0,450.0,1
Kolkata,37.0,14000.0,420.0,450.0,1
Ahmedabad,23.0,6600.0,550.0,450.0,1
Bengaluru,30.0,29200.0,260.0,130.0,0
Chennai,19.0,52300.0,680.0,130.0,0
Patna,25.0,64400.0,700.0,450.0,1
Hyderabad,27.0,30900.0,320.0,700.0,1
Chennai,29.0,43600.0,560.0,130.0,0
Delhi,22.0,28900.0,190.0,300.0,0
Bengaluru,34.0,62900.0,1070.0,300.0,2
Bhubaneswar,36.0,111100.0,980.0,300.0,2
Bengaluru,18.0,52300.0,740.0,90.0,2
Kolkata,36.0,83000.0,1920.0,450.0,2
Delhi,22.0,10400.0,730.0,90.0,0
Lucknow,23.0,9400.0,190.0,700.0,1
Nagpur,30.0,68500.0,190.0,300.0,0
Kolkata,23.0,57600.0,890.0,300.0,2
Coimbatore,22.0,67300.0,850.0,130.0,2
Pune,31.0,19800.0,150.0,300.0,0
Kolkata,26.0,27500.0,420.0,300.0,0
Indore,21.0,41900.0,520.0,90.0,0
Pune,26.0,113400.0,1330.0,300.0,2
Lucknow,20.0,67800.0,1320.0,300.0,2
Ahmedabad,35.0,76400.0,440.0,700.0,1
Mumbai,28.0,47600.0,420.0,300.0,0
Coimbatore,20.0,6600.0,440.0,450.0,1
Nagpur,44.0,89200.0,800.0,300.0,2
Ahmedabad,34.0,102500.0,570.0,450.0,2
Pune,34.0,33000.0,130.0,300.0,0
Bengaluru,18.0,92100.0,530.0,130.0,2
Delhi,32.0,45000.0,310.0,700.0,1
Delhi,28.0,29400.0,510.0,90.0,0
Nagpur,18.0,27500.0,610.0,300.0,0
Chennai,19.0,47600.0,830.0,450.0,1
Kolkata,34.0,9300.0,270.0,130.0,0
Bhubaneswar,45.0,40100.0,460.0,130.0,0
Delhi,29.0,54500.0,890.0,130.0,2
Patna,33.0,7600.0,400.0,130.0,0
Kolkata,31.0,55700.0,910.0,300.0,2
Mumbai,28.0,42600.0,530.0,130.0,0
Surat,25.0,10400.0,220.0,300.0,0
Kolkata,25.0,44400.0,410.0,300.0,0
Patna,18.0,8000.0,300.0,130.0,0
Coimbatore,34.0,20800.0,240.0,450.0,1
Patna,30.0,9800.0,250.0,300.0,0
Surat,22.0,80200.0,980.0,130.0,2
Ahmedabad,37.0,51200.0,890.0,300.0,2
Coimbatore,36.0,10700.0,310.0,450.0,1
Bengaluru,27.0,63000.0,670.0,90.0,2
Mumbai,40.0,65200.0,510.0,700.0,1
Delhi,45.0,93300.0,320.0,450.0,1
Pune,34.0,82400.0,750.0,450.0,2
Delhi,31.0,42400.0,440.0,450.0,1
Surat,34.0,106500.0,570.0,90.0,2
Bhopal,29.0,75400.0,270.0,90.0,0
Kochi,27.0,93000.0,390.0,90.0,2
Patna,33.0,20600.0,470.0,300.0,0
Kolkata,19.0,55400.0,530.0,90.0,0
Surat,40.0,6600.0,490.0,450.0,1
Mumbai,36.0,52200.0,410.0,90.0,0
Chennai,34.0,14600.0,250.0,450.0,1
Kochi,31.0,10700.0,130.0,130.0,0
Kolkata,40.0,66400.0,1030.0,450.0,2
Mumbai,23.0,46500.0,330.0,450.0,1
Mumbai,29.0,72100.0,350.0,130.0,0
Kochi,28.0,9600.0,510.0,300.0,0
Lucknow,25.0,64000.0,530.0,450.0,1
Pune,26.0,11500.0,460.0,300.0,0
Bengaluru,33.0,56700.0,1080.0,130.0,2
Ahmedabad,19.0,90200.0,1460.0,450.0,2
Kochi,36.0,48800.0,690.0,90.0,0
Chandigarh,32.0,38000.0,1010.0,130.0,2
Nagpur,18.0,28400.0,350.0,450.0,1
Nagpur,30.0,28900.0,350.0,130.0,0
Pune,29.0,74200.0,360.0,300.0,0
Jaipur,22.0,42700.0,300.0,90.0,0
Lucknow,24.0,47000.0,810.0,300.0,2
Bhubaneswar,31.0,28100.0,300.0,130.0,0
Coimbatore,25.0,82900.0,780.0,300.0,2
Kochi,42.0,111500.0,350.0,130.0,2
Lucknow,35.0,62400.0,510.0,130.0,0
Visakhapatnam,22.0,31700.0,1030.0,450.0,1
Ahmedabad,44.0,105900.0,400.0,130.0,2
Kolkata,32.0,102900.0,820.0,130.0,2
Chennai,32.0,12800.0,610.0,90.0,0
Lucknow,23.0,6600.0,200.0,90.0,0
Lucknow,27.0,41100.0,520.0,90.0,0
Kochi,27.0,86600.0,950.0,700.0,1
Coimbatore,31.0,11700.0,310.0,130.0,0
Chennai,37.0,13200.0,150.0,300.0,0
Pune,25.0,57800.0,340.0,130.0,0
Delhi,18.0,47800.0,270.0,300.0,0
Ahmedabad,21.0,70000.0,1150.0,130.0,2
Kolkata,29.0,74500.0,760.0,300.0,2
Mumbai,18.0,9600.0,210.0,450.0,1
Ahmedabad,18.0,28200.0,430.0,300.0,0
Lucknow,40.0,8000.0,510.0,130.0,0
Delhi,20.0,36900.0,890.0,450.0,1
Bengaluru,33.0,86900.0,260.0,130.0,0
Mumbai,21.0,47400.0,400.0,130.0,0
Mumbai,37.0,101300.0,1320.0,450.0,2
Kolkata,24.0,33500.0,310.0,450.0,1
Lucknow,26.0,54600.0,660.0,90.0,0
Bengaluru,39.0,10400.0,210.0,300.0,0
Mumbai,38.0,53200.0,850.0,130.0,2
Hyderabad,29.0,55200.0,630.0,300.0,2
Jaipur,36.0,103200.0,800.0,450.0,2
Mumbai,33.0,15200.0,490.0,300.0,0
Mumbai,30.0,10700.0,130.0,130.0,0
Kolkata,25.0,29200.0,250.0,300.0,0
Nagpur,27.0,33200.0,540.0,90.0,0
Mumbai,33.0,42900.0,220.0,130.0,0
Indore,30.0,74900.0,910.0,90.0,2
Kolkata,34.0,67200.0,180.0,130.0,0
Delhi,29.0,30500.0,540.0,700.0,1
Chennai,18.0,27500.0,280.0,90.0,0
Pune,22.0,67300.0,480.0,300.0,2
Mumbai,29.0,33400.0,1080.0,130.0,2
Mumbai,29.0,7400.0,150.0,300.0,0
Surat,36.0,24000.0,680.0,700.0,1
Ahmedabad,36.0,78600.0,380.0,300.0,2
Mumbai,25.0,69000.0,460.0,300.0,2
Lucknow,21.0,9900.0,300.0,90.0,0
Bengaluru,20.0,28100.0,460.0,300.0,0
Mumbai,18.0,17800.0,340.0,130.0,0
Jaipur,24.0,95900.0,1150.0,130.0,2
Pune,21.0,54300.0,550.0,300.0,0
Chandigarh,32.0,8300.0,450.0,90.0,0
Delhi,28.0,89500.0,520.0,90.0,2
Hyderabad,28.0,44000.0,720.0,90.0,0
Visakhapatnam,20.0,36800.0,370.0,300.0,0
Surat,50.0,97600.0,370.0,300.0,2
Nagpur,45.0,87100.0,480.0,450.0,1
Bhubaneswar,24.0,69000.0,570.0,700.0,1
Delhi,27.0,7700.0,200.0,300.0,0
Coimbatore,36.0,16700.0,810.0,700.0,1
Chennai,25.0,100300.0,220.0,300.0,2
Ahmedabad,31.0,42900.0,460.0,300.0,0
Chandigarh,35.0,28900.0,850.0,450.0,1
Kochi,30.0,53300.0,560.0,130.0,0
Hyderabad,28.0,44200.0,240.0,90.0,0
Chandigarh,33.0,118500.0,610.0,700.0,1
Chennai,37.0,52500.0,1430.0,90.0,2
Bhubaneswar,19.0,63100.0,440.0,130.0,0
Chennai,22.0,34600.0,230.0,450.0,1
Bengaluru,24.0,77700.0,260.0,90.0,0
Nagpur,26.0,27200.0,230.0,90.0,0
Bengaluru,42.0,25600.0,490.0,300.0,0
Pune,40.0,91700.0,470.0,130.0,2
Pune,42.0,104400.0,1310.0,130.0,2
Lucknow,22.0,27500.0,360.0,300.0,0
Mumbai,30.0,57800.0,340.0,90.0,0
Mumbai,38.0,87700.0,1190.0,90.0,2
Chennai,36.0,11600.0,200.0,300.0,0
Mumbai,36.0,14400.0,1000.0,130.0,0
Delhi,34.0,82000.0,540.0,130.0,2
Bengaluru,21.0,94100.0,650.0,300.0,2
Mumbai,30.0,10000.0,570.0,300.0,0
Bhubaneswar,39.0,53500.0,460.0,90.0,0
Chandigarh,30.0,40600.0,830.0,300.0,2
Bengaluru,28.0,91700.0,230.0,450.0,1
Nagpur,19.0,27500.0,250.0,300.0,0
Coimbatore,21.0,36600.0,280.0,90.0,0
Visakhapatnam,39.0,16600.0,580.0,90.0,0
Bhubaneswar,25.0,11500.0,160.0,450.0,1
Chandigarh,38.0,67000.0,1090.0,130.0,2
Ahmedabad,43.0,40800.0,690.0,90.0,0
Pune,37.0,34800.0,420.0,700.0,1
Hyderabad,18.0,42600.0,510.0,450.0,1
Lucknow,33.0,48300.0,300.0,130.0,0
Nagpur,44.0,37700.0,750.0,300.0,0
Bhubaneswar,33.0,68100.0,200.0,130.0,0
Bengaluru,33.0,46000.0,530.0,300.0,0
Kolkata,31.0,40900.0,370.0,450.0,1
Bengaluru,26.0,33900.0,720.0,300.0,0
Surat,25.0,15400.0,210.0,300.0,0
Surat,33.0,40000.0,240.0,130.0,0
Bengaluru,37.0,19600.0,1000.0,300.0,0
Visakhapatnam,31.0,86800.0,420.0,130.0,2
Mumbai,46.0,37400.0,580.0,130.0,0
Nagpur,26.0,57800.0,950.0,700.0,1
Kolkata,31.0,7700.0,340.0,130.0,0
Delhi,22.0,93600.0,210.0,130.0,2
Bhopal,25.0,40800.0,360.0,130.0,0
Bengaluru,40.0,77100.0,810.0,700.0,1
Indore,28.0,55400.0,860.0,450.0,1
Pune,39.0,49000.0,130.0,300.0,0
Indore,24.0,27500.0,150.0,130.0,0
Delhi,33.0,11100.0,160.0,130.0,0
Patna,43.0,55000.0,480.0,450.0,1
Bhubaneswar,29.0,65400.0,1060.0,130.0,2
Chandigarh,20.0,46800.0,660.0,300.0,0
Ahmedabad,27.0,11700.0,470.0,130.0,0
Pune,29.0,89800.0,1130.0,300.0,2
Bhubaneswar,23.0,50300.0,230.0,300.0,0
Delhi,45.0,28900.0,310.0,300.0,0
Bengaluru,22.0,27500.0,460.0,300.0,0
Mumbai,30.0,40600.0,480.0,130.0,0
Nagpur,36.0,78300.0,750.0,300.0,2
Bhopal,24.0,38800.0,570.0,130.0,0
Bhubaneswar,31.0,43000.0,260.0,300.0,0
Hyderabad,49.0,68800.0,380.0,300.0,0
Bengaluru,26.0,8000.0,160.0,130.0,0
Kolkata,32.0,27500.0,640.0,450.0,1
Delhi,28.0,34600.0,390.0,700.0,1
Lucknow,34.0,61700.0,300.0,130.0,0
Kochi,35.0,44500.0,660.0,130.0,0
Nagpur,36.0,61900.0,1130.0,90.0,2
Surat,26.0,40500.0,700.0,90.0,0
Coimbatore,28.0,90700.0,750.0,130.0,2
Kochi,24.0,43400.0,1010.0,130.0,2
Lucknow,35.0,34500.0,490.0,450.0,1
Delhi,31.0,81200.0,540.0,300.0,2
Nagpur,33.0,87900.0,2000.0,130.0,2
Coimbatore,18.0,7100.0,570.0,90.0,0
Nagpur,25.0,75600.0,520.0,130.0,2
Pune,20.0,24800.0,440.0,90.0,0
Chennai,38.0,11300.0,460.0,450.0,1
Chennai,28.0,35900.0,290.0,130.0,0
Visakhapatnam,43.0,55200.0,340.0,300.0,0
Mumbai,26.0,12300.0,560.0,130.0,0
Patna,24.0,56500.0,790.0,300.0,2
Mumbai,36.0,15200.0,530.0,90.0,0
Coimbatore,23.0,79600.0,1130.0,90.0,2
Coimbatore,36.0,35200.0,280.0,130.0,0
Bengaluru,38.0,40400.0,420.0,300.0,0
Indore,29.0,49500.0,800.0,300.0,2
Bhubaneswar,24.0,83200.0,500.0,700.0,1
Indore,41.0,91700.0,310.0,300.0,2
Hyderabad,19.0,66900.0,360.0,130.0,0
Bengaluru,31.0,45100.0,320.0,300.0,0
Pune,18.0,109200.0,340.0,300.0,2
Nagpur,29.0,10300.0,200.0,300.0,0
Mumbai,24.0,23100.0,500.0,130.0,0
Chennai,23.0,27500.0,210.0,90.0,0
Lucknow,22.0,15400.0,700.0,90.0,0
Jaipur,18.0,59000.0,460.0,300.0,0
Indore,18.0,6600.0,790.0,130.0,0
Bengaluru,22.0,33600.0,410.0,300.0,0
Kolkata,39.0,39100.0,980.0,300.0,2
Indore,32.0,14000.0,180.0,300.0,0
Lucknow,33.0,42700.0,1020.0,300.0,2
Nagpur,29.0,61700.0,420.0,90.0,0
Nagpur,26.0,56900.0,670.0,700.0,1
Kolkata,25.0,47900.0,310.0,300.0,0
Kochi,20.0,87800.0,550.0,90.0,2
Coimbatore,18.0,32400.0,280.0,90.0,0
Surat,31.0,9900.0,300.0,300.0,0
Delhi,46.0,104100.0,1030.0,300.0,2
Delhi,27.0,48300.0,290.0,130.0,0
Hyderabad,18.0,6600.0,310.0,300.0,0
Indore,31.0,98300.0,610.0,700.0,1
Bengaluru,33.0,36700.0,520.0,300.0,0
Indore,18.0,64200.0,320.0,130.0,0
Chennai,30.0,11000.0,480.0,300.0,0
Surat,35.0,102400.0,1000.0,300.0,2
Coimbatore,34.0,31200.0,190.0,300.0,0
Kolkata,37.0,69200.0,710.0,130.0,2
Lucknow,40.0,13700.0,480.0,130.0,0
Kochi,19.0,9300.0,360.0,130.0,0
Nagpur,45.0,14000.0,320.0,450.0,1
Jaipur,37.0,75300.0,350.0,300.0,0
Pune,46.0,11300.0,340.0,130.0,0
Kolkata,41.0,76100.0,170.0,130.0,0
Bengaluru,29.0,11100.0,190.0,90.0,0
Bengaluru,30.0,38000.0,580.0,130.0,0
Indore,23.0,33400.0,610.0,300.0,0
Mumbai,25.0,27500.0,320.0,300.0,0
Kochi,38.0,74700.0,1120.0,130.0,2
Nagpur,38.0,85300.0,170.0,300.0,0
Delhi,37.0,111700.0,1220.0,130.0,2
Surat,30.0,47800.0,200.0,130.0,0
Delhi,28.0,86000.0,310.0,90.0,2
Bhubaneswar,33.0,102100.0,1050.0,300.0,2
Kolkata,18.0,11300.0,940.0,90.0,0
Bhubaneswar,20.0,99100.0,510.0,300.0,2
Bengaluru,23.0,7500.0,550.0,130.0,0
Kochi,33.0,86500.0,510.0,450.0,1
Indore,20.0,88100.0,770.0,450.0,2
Jaipur,33.0,96200.0,390.0,130.0,2
Mumbai,31.0,92100.0,580.0,300.0,2
Visakhapatnam,24.0,40700.0,1000.0,130.0,2
Hyderabad,32.0,72000.0,850.0,450.0,2
Nagpur,32.0,60400.0,410.0,130.0,0
Bhopal,18.0,8100.0,190.0,130.0,0
Delhi,34.0,48100.0,410.0,130.0,0
Hyderabad,18.0,8300.0,300.0,300.0,0
Bengaluru,18.0,11200.0,610.0,450.0,1
Hyderabad,31.0,95500.0,610.0,300.0,2
Jaipur,25.0,45100.0,280.0,450.0,1
Lucknow,27.0,24300.0,450.0,450.0,1
Visakhapatnam,40.0,14100.0,750.0,300.0,0
Bengaluru,22.0,59500.0,240.0,90.0,0
Bengaluru,25.0,61400.0,1420.0,450.0,2
Nagpur,18.0,27500.0,680.0,130.0,0
Mumbai,18.0,31900.0,170.0,300.0,0
Bhopal,20.0,63000.0,860.0,130.0,2
Indore,29.0,44900.0,140.0,90.0,0
Jaipur,18.0,33000.0,360.0,450.0,1
Delhi,41.0,81200.0,360.0,450.0,1
Chandigarh,19.0,28200.0,330.0,450.0,1
Hyderabad,21.0,31300.0,1010.0,450.0,1
Nagpur,28.0,9400.0,450.0,130.0,0
Kolkata,44.0,72600.0,370.0,450.0,1
Hyderabad,24.0,30200.0,410.0,130.0,0
Jaipur,36.0,39500.0,530.0,130.0,0
Visakhapatnam,19.0,33000.0,860.0,130.0,0
Mumbai,47.0,62600.0,570.0,130.0,0
Mumbai,40.0,44800.0,580.0,130.0,0
Bhopal,32.0,30600.0,550.0,300.0,0
Delhi,39.0,81100.0,680.0,300.0,2
Coimbatore,41.0,65700.0,320.0,700.0,1
Delhi,31.0,49000.0,580.0,90.0,0
Chennai,35.0,42600.0,490.0,90.0,0
Bengaluru,41.0,52700.0,850.0,450.0,1
Bhubaneswar,29.0,65900.0,590.0,130.0,2
Pune,33.0,45500.0,180.0,130.0,0
Patna,35.0,89400.0,550.0,300.0,2
Bhopal,20.0,10900.0,530.0,90.0,0
Indore,43.0,25900.0,510.0,90.0,0
Surat,45.0,7500.0,630.0,130.0,0
Pune,18.0,44300.0,1110.0,130.0,2
Indore,35.0,76800.0,450.0,300.0,2
Bengaluru,42.0,73700.0,930.0,450.0,2
Hyderabad,19.0,31800.0,760.0,130.0,0
Patna,40.0,58800.0,720.0,300.0,2
Bengaluru,35.0,25000.0,430.0,300.0,0
Kolkata,47.0,37100.0,480.0,90.0,0
Indore,25.0,67100.0,270.0,130.0,0
Bhopal,25.0,96900.0,1310.0,300.0,2
Indore,30.0,10500.0,530.0,130.0,0
Lucknow,26.0,40300.0,170.0,130.0,0
Delhi,49.0,87800.0,660.0,130.0,2
Jaipur,43.0,43300.0,230.0,450.0,1
Delhi,37.0,10100.0,370.0,300.0,0
Hyderabad,21.0,64200.0,510.0,300.0,2
Kochi,28.0,53000.0,180.0,90.0,0
Ahmedabad,21.0,7700.0,720.0,450.0,1
Mumbai,29.0,40500.0,830.0,450.0,1
Nagpur,18.0,45000.0,1030.0,450.0,1
Bengaluru,36.0,12400.0,860.0,90.0,0
Ahmedabad,32.0,69800.0,800.0,300.0,2
Nagpur,28.0,53300.0,560.0,130.0,0
Surat,18.0,79800.0,360.0,130.0,2
Hyderabad,25.0,31600.0,790.0,300.0,0
Patna,22.0,50900.0,270.0,300.0,0
Hyderabad,20.0,27500.0,710.0,300.0,0
Nagpur,28.0,33000.0,240.0,130.0,0
Kolkata,27.0,25700.0,220.0,450.0,1
Mumbai,37.0,65000.0,430.0,130.0,0
Bengaluru,38.0,38500.0,730.0,450.0,1
Lucknow,38.0,23300.0,720.0,130.0,0
Coimbatore,41.0,115800.0,2410.0,300.0,2
Mumbai,47.0,52300.0,580.0,130.0,0
Jaipur,22.0,38700.0,220.0,130.0,0
Patna,39.0,40800.0,490.0,300.0,0
Nagpur,30.0,39700.0,330.0,130.0,0
Ahmedabad,35.0,49100.0,490.0,130.0,0
Bengaluru,18.0,30700.0,210.0,90.0,0
Jaipur,20.0,60900.0,630.0,450.0,1
Visakhapatnam,18.0,8100.0,630.0,450.0,1
Delhi,34.0,11100.0,310.0,90.0,0
Chandigarh,43.0,28700.0,140.0,300.0,0
Patna,27.0,48800.0,390.0,300.0,0
Hyderabad,42.0,30700.0,320.0,300.0,0
Visakhapatnam,28.0,54400.0,930.0,130.0,2
Coimbatore,27.0,57700.0,400.0,700.0,1
Jaipur,43.0,49500.0,470.0,130.0,0
Pune,18.0,10600.0,150.0,300.0,0
Ahmedabad,44.0,35000.0,400.0,300.0,0
Jaipur,47.0,104000.0,400.0,300.0,2
Delhi,24.0,36200.0,450.0,700.0,1
Ahmedabad,35.0,97400.0,1490.0,130.0,2
Nagpur,18.0,47200.0,510.0,90.0,0
Nagpur,29.0,10800.0,1030.0,450.0,1
Delhi,38.0,49800.0,620.0,130.0,0
Ahmedabad,18.0,33000.0,790.0,130.0,0
Jaipur,48.0,123900.0,1480.0,130.0,2
Chandigarh,25.0,92500.0,330.0,300.0,2
Chandigarh,18.0,43100.0,400.0,700.0,1
Chandigarh,32.0,49400.0,140.0,700.0,1
Delhi,33.0,9200.0,370.0,300.0,0
Chandigarh,37.0,49300.0,710.0,300.0,2
Bengaluru,35.0,38800.0,430.0,300.0,0
Surat,31.0,59500.0,770.0,300.0,2
Hyderabad,36.0,44900.0,840.0,90.0,2
Kolkata,27.0,23600.0,330.0,300.0,0
Chennai,21.0,55700.0,730.0,300.0,2
Surat,31.0,39900.0,450.0,90.0,0
Mumbai,27.0,89800.0,300.0,130.0,2
Kochi,32.0,9700.0,500.0,450.0,1
Pune,43.0,49300.0,420.0,300.0,0
Hyderabad,33.0,61000.0,500.0,300.0,0
Bhopal,29.0,37100.0,850.0,300.0,2
Ahmedabad,24.0,33700.0,280.0,90.0,0
Bengaluru,27.0,7100.0,390.0,300.0,0
Bhubaneswar,42.0,60900.0,590.0,700.0,1
Delhi,29.0,11000.0,290.0,90.0,0
Bhopal,40.0,67500.0,380.0,450.0,1
Hyderabad,28.0,46900.0,720.0,130.0,0
Ahmedabad,21.0,9100.0,550.0,130.0,0
Lucknow,38.0,60400.0,380.0,90.0,0
Coimbatore,34.0,110100.0,360.0,300.0,2
Ahmedabad,40.0,35600.0,710.0,700.0,1
Mumbai,34.0,17500.0,330.0,130.0,0
Nagpur,27.0,34600.0,430.0,130.0,0
Coimbatore,31.0,50400.0,500.0,300.0,0
Bhopal,30.0,100800.0,520.0,300.0,2
Coimbatore,30.0,57200.0,430.0,300.0,0
Chandigarh,43.0,11100.0,260.0,300.0,0
Chandigarh,32.0,70100.0,1140.0,450.0,2
Mumbai,48.0,46700.0,590.0,300.0,0
Kolkata,24.0,48500.0,520.0,90.0,0
Indore,36.0,94000.0,240.0,300.0,2
Mumbai,23.0,91600.0,1530.0,130.0,2
Ahmedabad,41.0,36200.0,660.0,130.0,0
Chandigarh,25.0,10400.0,420.0,90.0,0
Pune,33.0,46800.0,490.0,130.0,0
Hyderabad,18.0,6600.0,380.0,450.0,1
Pune,27.0,82600.0,300.0,90.0,0
Chennai,34.0,56900.0,420.0,450.0,1
Coimbatore,35.0,8200.0,870.0,130.0,0
Indore,37.0,51100.0,150.0,130.0,0
Delhi,28.0,13700.0,430.0,450.0,1
Bhubaneswar,21.0,43700.0,780.0,450.0,1
Bhubaneswar,30.0,41500.0,250.0,130.0,0
Mumbai,49.0,115900.0,600.0,90.0,2
Kolkata,18.0,11200.0,180.0,90.0,0
Pune,36.0,10000.0,500.0,300.0,0
Nagpur,48.0,19800.0,650.0,300.0,0
Mumbai,23.0,72800.0,490.0,300.0,2
Bhubaneswar,21.0,50800.0,980.0,90.0,2
Nagpur,26.0,112100.0,670.0,130.0,2
Mumbai,29.0,45400.0,520.0,300.0,0
Patna,34.0,58900.0,530.0,300.0,0
Patna,28.0,63400.0,390.0,450.0,1
Chandigarh,51.0,79300.0,200.0,300.0,0
Indore,35.0,48500.0,610.0,300.0,0
Kochi,35.0,90900.0,1010.0,450.0,2
Delhi,19.0,43600.0,720.0,300.0,0
Coimbatore,28.0,30100.0,280.0,90.0,0
Indore,22.0,44300.0,440.0,130.0,0
Delhi,33.0,36700.0,710.0,130.0,0
Bengaluru,43.0,37000.0,330.0,300.0,0
Nagpur,26.0,59300.0,250.0,130.0,0
Bengaluru,44.0,61200.0,670.0,300.0,2
Jaipur,40.0,63100.0,440.0,300.0,0
Ahmedabad,52.0,51400.0,500.0,90.0,0
Nagpur,44.0,87800.0,750.0,90.0,2
Delhi,40.0,70400.0,360.0,130.0,0
Mumbai,35.0,100500.0,350.0,90.0,2
Bengaluru,52.0,73700.0,530.0,450.0,1
Surat,35.0,83500.0,1140.0,130.0,2
Bengaluru,36.0,44000.0,410.0,130.0,0
Jaipur,35.0,46900.0,180.0,130.0,0
Delhi,37.0,39600.0,470.0,130.0,0
Bhopal,33.0,30600.0,440.0,450.0,1
Bhopal,18.0,6600.0,550.0,90.0,0
Delhi,23.0,76300.0,820.0,90.0,2
Nagpur,26.0,90300.0,670.0,450.0,2
Chennai,34.0,28900.0,230.0,130.0,0
Kolkata,18.0,46700.0,840.0,450.0,1
Delhi,25.0,37100.0,600.0,300.0,0
Indore,18.0,70600.0,290.0,130.0,0
Pune,47.0,15900.0,360.0,450.0,1
Visakhapatnam,28.0,12900.0,100.0,300.0,0
Delhi,35.0,10900.0,500.0,300.0,0
Kolkata,55.0,18600.0,720.0,130.0,0
Bhopal,26.0,94800.0,910.0,300.0,2
Indore,29.0,11800.0,490.0,300.0,0
Chennai,18.0,6600.0,980.0,300.0,0
Surat,32.0,45400.0,770.0,130.0,0
Delhi,19.0,100600.0,1220.0,450.0,2
Bhubaneswar,28.0,67400.0,540.0,300.0,2
Coimbatore,38.0,8900.0,710.0,130.0,0
Pune,28.0,44600.0,520.0,130.0,0
Kochi,25.0,49700.0,790.0,130.0,2
Kolkata,39.0,7400.0,1190.0,450.0,1
Hyderabad,22.0,27500.0,210.0,300.0,0
Delhi,36.0,60000.0,560.0,90.0,0
Pune,19.0,76900.0,670.0,450.0,2
Jaipur,24.0,83700.0,610.0,450.0,2
Bengaluru,33.0,92700.0,480.0,300.0,2
Coimbatore,18.0,40800.0,330.0,300.0,0
Ahmedabad,52.0,88100.0,420.0,700.0,1
Delhi,31.0,81500.0,790.0,90.0,2
Lucknow,23.0,8100.0,370.0,300.0,0
Coimbatore,18.0,27500.0,470.0,300.0,0
Coimbatore,45.0,16000.0,310.0,90.0,0
Chennai,35.0,27100.0,970.0,90.0,0
Pune,18.0,40300.0,400.0,90.0,0
Jaipur,39.0,83300.0,280.0,300.0,2
Bhubaneswar,26.0,31200.0,560.0,130.0,0
Bengaluru,22.0,7700.0,240.0,300.0,0
Chennai,25.0,52900.0,230.0,450.0,1
Mumbai,37.0,36500.0,470.0,300.0,0
Bhopal,18.0,42900.0,260.0,300.0,0
Bengaluru,29.0,41200.0,720.0,450.0,1
Indore,36.0,46600.0,930.0,90.0,2
Mumbai,30.0,76800.0,460.0,300.0,2
Bengaluru,26.0,75300.0,740.0,300.0,2
Mumbai,32.0,48500.0,800.0,130.0,2
Jaipur,32.0,10800.0,210.0,90.0,0
Bengaluru,42.0,108400.0,850.0,90.0,2
Kolkata,25.0,44200.0,410.0,130.0,0
Hyderabad,34.0,64900.0,860.0,300.0,2
Surat,38.0,87600.0,530.0,300.0,2
Bengaluru,27.0,78200.0,910.0,700.0,1
Ahmedabad,32.0,99900.0,450.0,90.0,2
Delhi,48.0,85200.0,560.0,300.0,2
Chennai,41.0,72400.0,790.0,300.0,2
Lucknow,28.0,54500.0,320.0,300.0,0
Bengaluru,25.0,91500.0,800.0,130.0,2
Bengaluru,27.0,9800.0,160.0,300.0,0
Surat,31.0,41800.0,350.0,90.0,0
Ahmedabad,18.0,57500.0,360.0,300.0,0
Hyderabad,29.0,10400.0,280.0,300.0,0
Nagpur,36.0,118100.0,1410.0,450.0,2
Chandigarh,35.0,12000.0,180.0,300.0,0
Chandigarh,29.0,41300.0,1010.0,130.0,2
Bhopal,32.0,69900.0,490.0,300.0,2
Kochi,23.0,79500.0,670.0,130.0,2
Chandigarh,31.0,88100.0,360.0,130.0,2
Patna,24.0,19200.0,450.0,90.0,0
Delhi,25.0,35600.0,200.0,700.0,1
Coimbatore,24.0,106300.0,630.0,130.0,2
Bengaluru,19.0,66700.0,180.0,130.0,0
Chandigarh,26.0,33800.0,790.0,450.0,1
Bhopal,35.0,81600.0,1380.0,130.0,2
Chandigarh,20.0,27500.0,570.0,130.0,0
Bengaluru,32.0,10000.0,380.0,300.0,0
Hyderabad,21.0,53300.0,360.0,90.0,0
Mumbai,34.0,64000.0,700.0,700.0,1
Chennai,44.0,31100.0,420.0,130.0,0
Bengaluru,34.0,12300.0,150.0,300.0,0
Hyderabad,30.0,78300.0,350.0,700.0,1
Mumbai,32.0,33400.0,400.0,450.0,1
Kolkata,33.0,102600.0,580.0,90.0,2
Kolkata,22.0,74300.0,810.0,700.0,1
Kolkata,24.0,38700.0,580.0,300.0,0
Lucknow,18.0,66500.0,330.0,700.0,1
Ahmedabad,48.0,93500.0,410.0,90.0,2
Patna,40.0,37100.0,670.0,130.0,0
Surat,18.0,53700.0,760.0,130.0,2
Mumbai,33.0,41300.0,530.0,450.0,1
Kochi,29.0,37300.0,420.0,450.0,1
Bengaluru,26.0,42700.0,530.0,300.0,0
Hyderabad,29.0,11200.0,420.0,90.0,0
Mumbai,22.0,50700.0,630.0,130.0,0
Kolkata,34.0,117100.0,500.0,130.0,2
Chennai,26.0,82600.0,750.0,300.0,2
Coimbatore,32.0,32400.0,350.0,90.0,0
Kochi,32.0,10700.0,610.0,700.0,1
Delhi,24.0,33500.0,270.0,300.0,0
Chennai,52.0,52600.0,580.0,300.0,0
Pune,51.0,55500.0,420.0,300.0,0
Bhopal,38.0,51900.0,430.0,130.0,0
Kolkata,18.0,19300.0,550.0,300.0,0
Kochi,38.0,12400.0,720.0,300.0,0
Nagpur,37.0,12800.0,260.0,130.0,0
Hyderabad,28.0,53900.0,540.0,130.0,0
Chennai,18.0,31800.0,340.0,300.0,0
Delhi,36.0,58300.0,390.0,130.0,0
Bengaluru,29.0,46800.0,730.0,300.0,2
Pune,30.0,53700.0,210.0,450.0,1
Mumbai,37.0,25700.0,770.0,300.0,0
Delhi,36.0,74200.0,530.0,130.0,2
Mumbai,20.0,33000.0,130.0,90.0,0
Surat,35.0,75600.0,820.0,90.0,2
Nagpur,42.0,124000.0,740.0,130.0,2
Nagpur,23.0,70900.0,850.0,130.0,2
Bengaluru,33.0,35300.0,510.0,700.0,1
Mumbai,42.0,10700.0,300.0,300.0,0
Pune,26.0,98400.0,770.0,300.0,2
Surat,44.0,62600.0,360.0,300.0,0
Bengaluru,23.0,46900.0,430.0,130.0,0
Chandigarh,26.0,55200.0,510.0,90.0,0
Jaipur,29.0,17500.0,170.0,130.0,0
Visakhapatnam,30.0,52000.0,550.0,450.0,1
Delhi,32.0,128100.0,920.0,300.0,2
Bengaluru,25.0,37600.0,200.0,130.0,0
Patna,33.0,27000.0,280.0,90.0,0
Chennai,19.0,76100.0,350.0,300.0,2
Hyderabad,21.0,34300.0,440.0,300.0,0
Jaipur,25.0,11400.0,190.0,90.0,0
Chandigarh,34.0,42600.0,690.0,300.0,0
Bhubaneswar,37.0,40100.0,180.0,130.0,0
Jaipur,36.0,41800.0,920.0,300.0,2
Lucknow,26.0,77000.0,910.0,90.0,2
Chandigarh,30.0,70300.0,480.0,300.0,2
Bengaluru,43.0,12800.0,430.0,130.0,0
Kolkata,18.0,59800.0,620.0,700.0,1
Surat,44.0,31000.0,500.0,700.0,1
Hyderabad,36.0,50200.0,440.0,300.0,0
Bengaluru,39.0,15000.0,340.0,450.0,1
Nagpur,23.0,47400.0,300.0,300.0,0
Chennai,18.0,10000.0,530.0,90.0,0
Nagpur,34.0,83400.0,630.0,130.0,2
Kochi,35.0,58000.0,520.0,300.0,0
Lucknow,27.0,68200.0,640.0,450.0,1
Mumbai,26.0,62300.0,850.0,300.0,2
Ahmedabad,36.0,84500.0,930.0,90.0,2
Jaipur,32.0,15200.0,210.0,300.0,0
Kolkata,28.0,39300.0,720.0,90.0,0
Bengaluru,40.0,56700.0,600.0,300.0,2
Coimbatore,37.0,103000.0,490.0,130.0,2
Lucknow,34.0,88900.0,370.0,90.0,2
Mumbai,29.0,66700.0,790.0,300.0,2
Hyderabad,30.0,101500.0,760.0,300.0,2
Surat,26.0,32900.0,470.0,700.0,1
Kochi,22.0,59200.0,540.0,90.0,0
Jaipur,45.0,66000.0,620.0,450.0,1
Chandigarh,36.0,6800.0,270.0,130.0,0
Patna,28.0,23600.0,260.0,300.0,0
Mumbai,26.0,27500.0,360.0,300.0,0
Delhi,41.0,49300.0,220.0,130.0,0
Chandigarh,18.0,32800.0,1040.0,90.0,2
Bengaluru,28.0,67800.0,1360.0,130.0,2
Lucknow,26.0,48500.0,260.0,90.0,0
Surat,21.0,105200.0,650.0,130.0,2
Chennai,36.0,101900.0,1140.0,130.0,2
Delhi,32.0,27500.0,280.0,300.0,0
Delhi,44.0,89500.0,640.0,300.0,2
Bhubaneswar,36.0,14300.0,680.0,450.0,1
Pune,24.0,21500.0,420.0,450.0,1
Chandigarh,38.0,77100.0,1140.0,450.0,2
Kolkata,30.0,53400.0,560.0,130.0,0
Nagpur,18.0,45900.0,730.0,300.0,0
Kochi,47.0,89400.0,1080.0,130.0,2
Bengaluru,54.0,40600.0,480.0,450.0,1
Delhi,29.0,87900.0,740.0,300.0,2
Nagpur,34.0,10600.0,300.0,450.0,1
Kolkata,24.0,54700.0,140.0,90.0,0
Kolkata,33.0,71700.0,820.0,300.0,2
Surat,28.0,9300.0,390.0,130.0,0
Ahmedabad,31.0,11400.0,540.0,300.0,0
Delhi,31.0,44700.0,630.0,700.0,1
Delhi,41.0,69200.0,540.0,130.0,2
Delhi,28.0,72000.0,350.0,130.0,0
Hyderabad,24.0,27500.0,590.0,450.0,1
Bhopal,29.0,63000.0,1040.0,700.0,1
Hyderabad,20.0,75900.0,340.0,300.0,0
Pune,40.0,26100.0,310.0,450.0,1
Ahmedabad,19.0,75500.0,760.0,90.0,2
Kolkata,32.0,28800.0,870.0,90.0,0
Lucknow,39.0,72800.0,580.0,300.0,2
Lucknow,34.0,94700.0,870.0,450.0,2
Nagpur,44.0,58300.0,1010.0,90.0,2
Bhubaneswar,29.0,36000.0,860.0,450.0,1
Patna,28.0,57200.0,800.0,130.0,2
Bengaluru,18.0,18500.0,670.0,450.0,1
Pune,37.0,12200.0,220.0,130.0,0
Nagpur,40.0,11600.0,160.0,90.0,0
Bengaluru,31.0,69300.0,350.0,90.0,0
Ahmedabad,22.0,94300.0,1910.0,130.0,2
Chandigarh,24.0,7400.0,420.0,700.0,1
Chennai,45.0,30600.0,210.0,700.0,1
Pune,21.0,57600.0,650.0,130.0,2
Bengaluru,25.0,36800.0,390.0,700.0,1
Mumbai,18.0,40500.0,690.0,130.0,0
Indore,37.0,51300.0,890.0,450.0,1
Bengaluru,43.0,43400.0,760.0,450.0,1
Nagpur,36.0,55400.0,890.0,130.0,2
Jaipur,18.0,41500.0,480.0,300.0,0
Ahmedabad,24.0,43800.0,430.0,300.0,0
Patna,20.0,55400.0,450.0,130.0,0
Delhi,24.0,69400.0,650.0,90.0,2
Delhi,46.0,18300.0,550.0,450.0,1
Jaipur,18.0,44100.0,670.0,300.0,0
Indore,20.0,6600.0,190.0,90.0,0
Bengaluru,29.0,63400.0,1540.0,130.0,2
Hyderabad,37.0,36900.0,870.0,300.0,2
Chandigarh,25.0,68800.0,520.0,300.0,2
Delhi,24.0,41600.0,490.0,130.0,0
Kochi,18.0,34200.0,600.0,300.0,0
Delhi,57.0,51200.0,290.0,130.0,0
Indore,32.0,53100.0,1100.0,300.0,2
Bengaluru,27.0,95900.0,1050.0,130.0,2
Chennai,32.0,59400.0,470.0,130.0,0
Bengaluru,23.0,76700.0,980.0,300.0,2
Kochi,18.0,10000.0,690.0,300.0,0
Patna,19.0,64100.0,560.0,450.0,1
Lucknow,31.0,60100.0,390.0,300.0,0
Nagpur,21.0,65600.0,530.0,300.0,2
Coimbatore,51.0,13800.0,300.0,300.0,0
Hyderabad,18.0,48100.0,670.0,90.0,0
Chennai,44.0,57300.0,300.0,130.0,0
Kolkata,30.0,51500.0,850.0,300.0,2
Delhi,25.0,39800.0,400.0,300.0,0
Ahmedabad,23.0,27500.0,190.0,300.0,0
Lucknow,52.0,59100.0,880.0,90.0,2
Patna,26.0,29000.0,550.0,130.0,0
Ahmedabad,33.0,66400.0,1120.0,450.0,2
Bengaluru,27.0,27500.0,540.0,300.0,0
Visakhapatnam,35.0,12500.0,340.0,90.0,0
Bengaluru,32.0,9000.0,300.0,130.0,0
Bengaluru,29.0,46800.0,960.0,300.0,2
Chennai,28.0,13200.0,250.0,300.0,0
Surat,26.0,48600.0,1000.0,130.0,2
Nagpur,18.0,67900.0,340.0,130.0,0
Chennai,23.0,8900.0,360.0,90.0,0
Hyderabad,44.0,54900.0,1070.0,450.0,2
Chennai,32.0,10100.0,100.0,450.0,1
Delhi,27.0,10500.0,480.0,450.0,1
Delhi,29.0,32200.0,330.0,300.0,0
Bengaluru,18.0,86200.0,200.0,90.0,0
Pune,36.0,92600.0,1160.0,90.0,2
Bhubaneswar,18.0,59500.0,880.0,450.0,2
Pune,22.0,33900.0,260.0,130.0,0
Hyderabad,25.0,9300.0,270.0,700.0,1
Chandigarh,21.0,46800.0,400.0,130.0,0
Delhi,31.0,48700.0,330.0,300.0,0
Delhi,18.0,65000.0,1050.0,450.0,2
Ahmedabad,45.0,32500.0,890.0,700.0,1
Surat,24.0,66200.0,1510.0,130.0,2
Chennai,35.0,76300.0,690.0,130.0,2
Kolkata,31.0,82600.0,690.0,90.0,2
Mumbai,26.0,46500.0,510.0,130.0,0
Delhi,49.0,39800.0,320.0,130.0,0
Bengaluru,43.0,86500.0,580.0,300.0,2
Pune,26.0,11900.0,370.0,130.0,0
Kochi,23.0,8600.0,170.0,300.0,0
Mumbai,18.0,37800.0,230.0,300.0,0
Bengaluru,18.0,44200.0,400.0,90.0,0
Mumbai,32.0,6600.0,290.0,130.0,0
Hyderabad,18.0,72300.0,400.0,300.0,2
Patna,35.0,41500.0,450.0,300.0,0
Chennai,53.0,16200.0,420.0,90.0,0
Ahmedabad,24.0,9000.0,210.0,130.0,0
Bengaluru,36.0,64900.0,400.0,130.0,0
Chandigarh,26.0,25500.0,190.0,130.0,0
Delhi,43.0,53300.0,180.0,130.0,0
Bengaluru,32.0,76600.0,1270.0,130.0,2
Mumbai,31.0,11100.0,770.0,450.0,1
Pune,27.0,42200.0,550.0,450.0,1
Chandigarh,25.0,52300.0,160.0,130.0,0
Ahmedabad,38.0,9800.0,240.0,130.0,0
Pune,26.0,8200.0,150.0,90.0,0
Bhubaneswar,42.0,16900.0,760.0,300.0,0
Delhi,37.0,58000.0,220.0,450.0,1
Indore,28.0,62700.0,270.0,300.0,0
Chennai,34.0,12800.0,480.0,90.0,0
Kolkata,32.0,52200.0,250.0,90.0,0
Visakhapatnam,24.0,27500.0,260.0,130.0,0
Kochi,26.0,39700.0,380.0,300.0,0
Visakhapatnam,34.0,22300.0,280.0,300.0,0
Kolkata,34.0,15600.0,350.0,130.0,0
Ahmedabad,25.0,9600.0,160.0,90.0,0
Visakhapatnam,28.0,84500.0,390.0,300.0,2
Kochi,24.0,65000.0,680.0,300.0,2
Bengaluru,41.0,49700.0,550.0,130.0,0
Bengaluru,43.0,56200.0,580.0,300.0,0
Chennai,34.0,98000.0,360.0,450.0,1
Lucknow,40.0,34900.0,1140.0,130.0,2
Kolkata,39.0,56100.0,820.0,130.0,2
Jaipur,33.0,10600.0,370.0,130.0,0
Surat,33.0,70700.0,540.0,450.0,1
Jaipur,41.0,63600.0,320.0,90.0,0
Nagpur,31.0,56900.0,740.0,130.0,2
Visakhapatnam,32.0,42900.0,200.0,130.0,0
Chandigarh,18.0,97400.0,610.0,130.0,2
Pune,33.0,12700.0,880.0,130.0,0
Nagpur,18.0,53700.0,470.0,300.0,0
Visakhapatnam,18.0,48300.0,360.0,130.0,0
Mumbai,40.0,29300.0,880.0,450.0,1
Bengaluru,28.0,24000.0,320.0,300.0,0
Coimbatore,37.0,14300.0,470.0,130.0,0
Kolkata,21.0,7300.0,560.0,130.0,0
Chandigarh,21.0,60400.0,480.0,90.0,0
Visakhapatnam,27.0,6600.0,230.0,700.0,1
Surat,35.0,37500.0,710.0,90.0,0
Coimbatore,18.0,8900.0,900.0,130.0,0
Hyderabad,37.0,96100.0,780.0,130.0,2
Surat,35.0,58500.0,600.0,300.0,2
Bengaluru,22.0,6600.0,270.0,300.0,0
Pune,52.0,48400.0,790.0,130.0,2
Hyderabad,33.0,77200.0,400.0,130.0,2
Jaipur,31.0,48500.0,430.0,130.0,0
Bengaluru,30.0,12500.0,260.0,300.0,0
Kolkata,27.0,51800.0,910.0,700.0,1
Lucknow,33.0,81400.0,610.0,450.0,2
Nagpur,26.0,46800.0,970.0,300.0,2
Hyderabad,30.0,60900.0,590.0,300.0,2
Bengaluru,23.0,48900.0,830.0,130.0,2
Kochi,38.0,101800.0,610.0,130.0,2
Bhopal,25.0,43300.0,390.0,130.0,0
Mumbai,30.0,7200.0,190.0,450.0,1
Coimbatore,25.0,43300.0,210.0,90.0,0
Hyderabad,28.0,51400.0,540.0,130.0,0
Hyderabad,31.0,20400.0,920.0,90.0,0
Ahmedabad,42.0,34800.0,1040.0,300.0,2
Kolkata,18.0,36800.0,730.0,130.0,0
Indore,49.0,9800.0,220.0,300.0,0
Patna,27.0,45100.0,260.0,700.0,1
Nagpur,41.0,57800.0,470.0,130.0,0
Hyderabad,52.0,15500.0,310.0,130.0,0
Surat,46.0,77100.0,710.0,90.0,2
Kochi,27.0,57900.0,230.0,300.0,0
Mumbai,31.0,79500.0,740.0,450.0,2
Hyderabad,21.0,34600.0,350.0,300.0,0
Kochi,29.0,14000.0,290.0,90.0,0
Ahmedabad,38.0,99400.0,1060.0,450.0,2
Bengaluru,30.0,62900.0,1170.0,300.0,2
Lucknow,24.0,75300.0,650.0,90.0,2
Lucknow,30.0,41600.0,1100.0,300.0,2
Nagpur,25.0,31500.0,870.0,450.0,1
Coimbatore,24.0,66900.0,1370.0,300.0,2
Bengaluru,18.0,52300.0,640.0,90.0,0
Chandigarh,23.0,27500.0,270.0,300.0,0
Delhi,19.0,22700.0,210.0,300.0,0
Coimbatore,37.0,47200.0,720.0,130.0,0
Surat,30.0,77100.0,320.0,300.0,0
Patna,29.0,10900.0,410.0,300.0,0
Chennai,38.0,78800.0,1020.0,130.0,2
Chandigarh,34.0,53800.0,710.0,130.0,2
Ahmedabad,18.0,75100.0,1280.0,300.0,2
Pune,34.0,10900.0,210.0,130.0,0
Jaipur,37.0,56600.0,1130.0,130.0,2
Patna,18.0,41400.0,520.0,450.0,1
Delhi,37.0,50300.0,630.0,300.0,0
Ahmedabad,31.0,8900.0,530.0,300.0,0
Delhi,18.0,48700.0,460.0,300.0,0
Bhopal,36.0,43300.0,870.0,450.0,1
Kolkata,33.0,63400.0,870.0,450.0,2
Indore,18.0,55200.0,1440.0,130.0,2
Mumbai,28.0,36700.0,150.0,130.0,0
Bengaluru,33.0,34200.0,280.0,130.0,0
Chennai,29.0,47700.0,610.0,300.0,0
Hyderabad,40.0,59400.0,590.0,90.0,0
Nagpur,19.0,46500.0,240.0,130.0,0
Indore,21.0,30600.0,1010.0,450.0,1
Kochi,26.0,60500.0,640.0,450.0,1
Kochi,27.0,46100.0,1210.0,300.0,2
Pune,26.0,12500.0,290.0,300.0,0
Chennai,29.0,20000.0,550.0,90.0,0
Visakhapatnam,24.0,90000.0,660.0,450.0,2
Hyderabad,35.0,54200.0,350.0,300.0,0
Chennai,30.0,54500.0,250.0,450.0,1
Bengaluru,20.0,7700.0,180.0,130.0,0
Delhi,40.0,81000.0,380.0,300.0,2
Ahmedabad,28.0,13000.0,260.0,130.0,0
Bengaluru,18.0,10200.0,460.0,450.0,1
Mumbai,44.0,9600.0,600.0,130.0,0
Kolkata,21.0,34300.0,450.0,300.0,0
Patna,36.0,88400.0,540.0,300.0,2
Delhi,30.0,9000.0,270.0,130.0,0
Delhi,32.0,41000.0,920.0,700.0,1
Ahmedabad,34.0,53800.0,1540.0,130.0,2
Kolkata,34.0,57400.0,320.0,90.0,0
Kochi,24.0,37300.0,500.0,300.0,0
Mumbai,30.0,19300.0,580.0,90.0,0
Delhi,29.0,10700.0,430.0,130.0,0
Lucknow,38.0,95300.0,1070.0,130.0,2
Lucknow,48.0,92500.0,1110.0,90.0,2
Indore,31.0,23700.0,180.0,300.0,0
Patna,31.0,37400.0,340.0,130.0,0
Kolkata,30.0,56500.0,610.0,130.0,0
Chandigarh,32.0,69600.0,650.0,300.0,2
Delhi,29.0,77000.0,290.0,130.0,0
Surat,30.0,53000.0,510.0,130.0,0
Chandigarh,27.0,12500.0,420.0,700.0,1
Chandigarh,41.0,44500.0,270.0,450.0,1
Jaipur,27.0,60100.0,220.0,130.0,0
Lucknow,28.0,48600.0,470.0,300.0,0
Hyderabad,37.0,90800.0,280.0,700.0,1
Nagpur,41.0,40200.0,500.0,130.0,0
Pune,18.0,72600.0,1250.0,300.0,2
Chennai,24.0,91400.0,510.0,130.0,2
Chennai,26.0,76000.0,560.0,300.0,2
Jaipur,35.0,109200.0,1250.0,130.0,2
Hyderabad,23.0,60400.0,680.0,90.0,2
Ahmedabad,33.0,97300.0,730.0,130.0,2
Delhi,22.0,67400.0,520.0,90.0,0
Chennai,24.0,50000.0,670.0,130.0,0
Mumbai,29.0,69700.0,610.0,130.0,2
Delhi,24.0,54900.0,1230.0,450.0,2
Mumbai,25.0,40900.0,520.0,90.0,0
Delhi,33.0,48200.0,750.0,300.0,2
Kolkata,21.0,21200.0,470.0,90.0,0
Mumbai,35.0,72300.0,700.0,450.0,1
Patna,30.0,48600.0,1030.0,130.0,2
Surat,38.0,35700.0,330.0,300.0,0
Ahmedabad,28.0,94100.0,200.0,130.0,2
Ahmedabad,32.0,65800.0,1130.0,130.0,2
Chandigarh,35.0,48300.0,670.0,300.0,0
Kolkata,21.0,38800.0,430.0,300.0,0
Delhi,35.0,42600.0,560.0,300.0,0
Delhi,38.0,36600.0,420.0,90.0,0
Jaipur,32.0,45700.0,760.0,450.0,1
Patna,18.0,60300.0,310.0,300.0,0
Bengaluru,36.0,68300.0,530.0,300.0,2
Bengaluru,42.0,12200.0,360.0,450.0,1
Hyderabad,34.0,11100.0,340.0,700.0,1
Lucknow,34.0,27500.0,360.0,450.0,1
Kochi,32.0,19200.0,680.0,300.0,0
Nagpur,25.0,52300.0,1140.0,130.0,2
Pune,36.0,60000.0,730.0,130.0,2
Pune,37.0,69400.0,500.0,700.0,1
Bengaluru,20.0,7100.0,390.0,700.0,1
Kolkata,46.0,42100.0,880.0,130.0,2
Hyderabad,27.0,24800.0,100.0,130.0,0
Ahmedabad,29.0,40100.0,300.0,130.0,0
Surat,35.0,48900.0,800.0,90.0,2
Delhi,18.0,11500.0,340.0,450.0,1
Mumbai,24.0,38100.0,620.0,300.0,0
Pune,18.0,19200.0,100.0,90.0,0
Ahmedabad,32.0,40200.0,860.0,130.0,0
Kochi,25.0,9500.0,290.0,90.0,0
Chennai,43.0,110300.0,660.0,300.0,2
Kolkata,19.0,10100.0,260.0,300.0,0
Bengaluru,18.0,65100.0,710.0,450.0,1
Hyderabad,34.0,47700.0,140.0,130.0,0
Chandigarh,21.0,65800.0,1150.0,300.0,2
Delhi,22.0,6800.0,100.0,300.0,0
Indore,27.0,84700.0,880.0,90.0,2
Chennai,32.0,43500.0,520.0,300.0,0
Delhi,36.0,10900.0,460.0,90.0,0
Chandigarh,18.0,11400.0,650.0,130.0,0
Chennai,22.0,8500.0,450.0,300.0,0
Kochi,36.0,13600.0,300.0,130.0,0
Chennai,28.0,67600.0,520.0,90.0,0
Lucknow,54.0,77000.0,1200.0,300.0,2
Mumbai,29.0,54700.0,800.0,300.0,2
Bengaluru,23.0,46800.0,1050.0,300.0,2
Delhi,27.0,31200.0,680.0,130.0,0
Jaipur,32.0,95800.0,650.0,300.0,2
Bengaluru,37.0,96600.0,770.0,700.0,1
Bengaluru,26.0,39200.0,260.0,450.0,1
Bengaluru,39.0,78700.0,360.0,300.0,2
Ahmedabad,27.0,9400.0,200.0,450.0,1
Surat,23.0,41800.0,240.0,300.0,0
Nagpur,31.0,24800.0,500.0,300.0,0
Mumbai,38.0,44000.0,350.0,450.0,1
Delhi,49.0,98500.0,680.0,700.0,1
Kochi,24.0,52200.0,480.0,300.0,0
Hyderabad,21.0,78400.0,860.0,300.0,2
Indore,30.0,41800.0,710.0,90.0,0
Pune,54.0,58200.0,750.0,300.0,2
Ahmedabad,18.0,61200.0,1020.0,130.0,2
Chennai,30.0,53100.0,470.0,700.0,1
Lucknow,26.0,46100.0,540.0,130.0,0
Mumbai,21.0,33000.0,560.0,300.0,0
Pune,26.0,35600.0,320.0,300.0,0
Delhi,20.0,50000.0,160.0,700.0,1
Delhi,44.0,74100.0,240.0,450.0,1
Kolkata,18.0,33700.0,320.0,450.0,1
Mumbai,23.0,10000.0,580.0,130.0,0
Coimbatore,28.0,10800.0,220.0,450.0,1
Kolkata,39.0,47400.0,750.0,130.0,0
Surat,30.0,52400.0,570.0,300.0,0
Patna,18.0,95300.0,1650.0,300.0,2
Delhi,28.0,67400.0,800.0,450.0,2
Chennai,29.0,38300.0,200.0,90.0,0
Chennai,31.0,41300.0,470.0,300.0,0
Hyderabad,40.0,122100.0,2280.0,130.0,2
Pune,43.0,110500.0,990.0,90.0,2
Pune,23.0,6600.0,450.0,130.0,0
Mumbai,51.0,89700.0,180.0,130.0,0
Visakhapatnam,18.0,57300.0,350.0,450.0,1
Pune,18.0,81700.0,310.0,300.0,2
Hyderabad,24.0,35400.0,720.0,90.0,0
Lucknow,18.0,11300.0,270.0,300.0,0
Ahmedabad,31.0,8100.0,270.0,300.0,0
Mumbai,24.0,8900.0,740.0,450.0,1
Coimbatore,39.0,11100.0,410.0,90.0,0
Hyderabad,21.0,53200.0,490.0,300.0,0
Pune,34.0,105900.0,540.0,90.0,2
Chennai,32.0,49000.0,250.0,300.0,0
Mumbai,18.0,39700.0,270.0,130.0,0
Hyderabad,29.0,8800.0,420.0,130.0,0
Patna,21.0,49600.0,500.0,300.0,0
Pune,37.0,90700.0,750.0,130.0,2
Surat,19.0,9800.0,260.0,700.0,1
Chandigarh,24.0,34800.0,440.0,90.0,0
Jaipur,41.0,75700.0,930.0,90.0,2
Mumbai,27.0,13900.0,420.0,450.0,1
Chennai,32.0,76300.0,860.0,300.0,2
Indore,29.0,10500.0,290.0,130.0,0
Kolkata,22.0,40800.0,410.0,130.0,0
Mumbai,27.0,74800.0,500.0,700.0,1
Mumbai,40.0,66700.0,830.0,300.0,2
Hyderabad,19.0,41400.0,430.0,130.0,0
Ahmedabad,27.0,48500.0,240.0,130.0,0
Mumbai,37.0,96900.0,540.0,90.0,2
Pune,21.0,6600.0,550.0,300.0,0
Hyderabad,32.0,9600.0,190.0,450.0,1
Mumbai,26.0,10700.0,520.0,450.0,1
Pune,34.0,61700.0,310.0,450.0,1
Ahmedabad,32.0,86600.0,610.0,300.0,2
Mumbai,23.0,43300.0,570.0,450.0,1
Pune,45.0,38600.0,550.0,450.0,1
Bengaluru,27.0,15800.0,240.0,300.0,0
Hyderabad,28.0,49500.0,360.0,130.0,0
Delhi,45.0,15000.0,550.0,130.0,0
Delhi,18.0,35500.0,680.0,300.0,0
Nagpur,22.0,61300.0,510.0,130.0,0
Delhi,22.0,12600.0,480.0,700.0,1
Delhi,27.0,14400.0,270.0,130.0,0
Kolkata,34.0,14200.0,130.0,130.0,0
Indore,41.0,57100.0,630.0,130.0,0
Delhi,22.0,47600.0,840.0,130.0,2
Jaipur,29.0,99200.0,480.0,90.0,2
Lucknow,37.0,12300.0,410.0,300.0,0
Chandigarh,31.0,34000.0,250.0,700.0,1
Hyderabad,33.0,43500.0,1270.0,130.0,2
Pune,42.0,78600.0,720.0,90.0,2
Ahmedabad,31.0,57300.0,580.0,130.0,0
Ahmedabad,39.0,59800.0,1180.0,300.0,2
Hyderabad,25.0,36400.0,210.0,450.0,1
Lucknow,39.0,36800.0,170.0,300.0,0
Surat,18.0,45300.0,150.0,130.0,0
Ahmedabad,30.0,47500.0,730.0,130.0,0
Delhi,43.0,15800.0,250.0,90.0,0
Ahmedabad,36.0,83500.0,1260.0,90.0,2
Delhi,27.0,59600.0,210.0,300.0,0
Coimbatore,28.0,12800.0,280.0,90.0,0
Bhubaneswar,24.0,84900.0,210.0,90.0,0
Surat,51.0,82900.0,710.0,130.0,2
Lucknow,36.0,12100.0,430.0,130.0,0
Hyderabad,21.0,11400.0,380.0,300.0,0
Indore,24.0,46800.0,170.0,700.0,1
Bengaluru,18.0,13400.0,170.0,130.0,0
Hyderabad,25.0,67400.0,700.0,300.0,2
Pune,36.0,72200.0,470.0,90.0,2
Chandigarh,37.0,66900.0,470.0,450.0,1
Hyderabad,27.0,84800.0,440.0,700.0,1
Hyderabad,49.0,14000.0,190.0,130.0,0
Hyderabad,18.0,27500.0,540.0,450.0,1
Jaipur,25.0,59300.0,610.0,90.0,0
Ahmedabad,35.0,35700.0,780.0,450.0,1
Patna,32.0,35200.0,300.0,300.0,0
Pune,25.0,47900.0,330.0,130.0,0
Lucknow,30.0,11400.0,550.0,450.0,1
Surat,19.0,91600.0,620.0,130.0,2
Lucknow,19.0,33100.0,380.0,90.0,0
Mumbai,25.0,62600.0,650.0,300.0,2
Nagpur,18.0,42800.0,130.0,700.0,1
Mumbai,45.0,104600.0,770.0,130.0,2
Chennai,27.0,66300.0,900.0,300.0,2
Indore,32.0,9600.0,220.0,90.0,0
Bengaluru,33.0,50600.0,640.0,300.0,0
Visakhapatnam,22.0,35700.0,360.0,300.0,0
Chennai,42.0,73300.0,650.0,300.0,2
Pune,45.0,13800.0,130.0,300.0,0
Bengaluru,22.0,86700.0,910.0,450.0,2
Patna,37.0,116200.0,1120.0,300.0,2
Lucknow,24.0,17200.0,530.0,130.0,0
Mumbai,51.0,70400.0,1150.0,300.0,2
Patna,33.0,59800.0,660.0,300.0,2
Delhi,36.0,42100.0,430.0,130.0,0
Delhi,28.0,60900.0,340.0,130.0,0
Patna,41.0,62100.0,700.0,130.0,2
Kochi,30.0,43700.0,330.0,130.0,0
Indore,20.0,43600.0,430.0,130.0,0
Mumbai,41.0,80200.0,370.0,90.0,2
Delhi,26.0,35000.0,490.0,130.0,0
Lucknow,38.0,65100.0,1340.0,300.0,2
Hyderabad,32.0,48300.0,300.0,700.0,1
Kolkata,34.0,15000.0,530.0,130.0,0
Bengaluru,19.0,30200.0,760.0,90.0,0
Chennai,37.0,57400.0,520.0,300.0,0
Hyderabad,19.0,6600.0,160.0,130.0,0
Chennai,33.0,33900.0,450.0,450.0,1
Lucknow,39.0,62000.0,1000.0,300.0,2
Visakhapatnam,26.0,95300.0,990.0,130.0,2
Delhi,18.0,57000.0,670.0,700.0,1
Surat,18.0,39500.0,340.0,90.0,0
Mumbai,36.0,115600.0,690.0,90.0,2
Chandigarh,24.0,49600.0,500.0,450.0,1
Mumbai,28.0,56900.0,520.0,700.0,1
Bengaluru,31.0,12000.0,330.0,90.0,0
Lucknow,36.0,27400.0,430.0,130.0,0
Nagpur,28.0,54700.0,480.0,700.0,1
Bengaluru,33.0,9700.0,340.0,90.0,0
Pune,18.0,9200.0,300.0,130.0,0
Pune,31.0,48100.0,210.0,450.0,1
Bengaluru,34.0,15000.0,320.0,450.0,1
Mumbai,35.0,91000.0,650.0,130.0,2
Bengaluru,32.0,54500.0,430.0,450.0,1
Mumbai,22.0,91300.0,930.0,300.0,2
Mumbai,32.0,28900.0,660.0,450.0,1
Coimbatore,34.0,38100.0,560.0,130.0,0
Nagpur,36.0,109900.0,790.0,450.0,2
Hyderabad,38.0,30000.0,390.0,300.0,0
Delhi,22.0,39800.0,330.0,450.0,1
Kolkata,23.0,34600.0,280.0,90.0,0
Hyderabad,31.0,47400.0,330.0,300.0,0
Hyderabad,36.0,9700.0,610.0,90.0,0
Bhubaneswar,18.0,38100.0,450.0,130.0,0
Nagpur,44.0,70800.0,510.0,130.0,2
Delhi,24.0,38300.0,1190.0,450.0,2
Hyderabad,36.0,93200.0,1680.0,300.0,2
Jaipur,48.0,14700.0,160.0,450.0,1
Mumbai,37.0,9400.0,510.0,90.0,0
Coimbatore,40.0,10800.0,530.0,300.0,0
Kochi,33.0,10000.0,310.0,130.0,0
Chandigarh,26.0,48900.0,280.0,130.0,0
Bengaluru,26.0,30100.0,480.0,300.0,0
Surat,29.0,27500.0,280.0,450.0,1
Nagpur,24.0,76800.0,1520.0,90.0,2
Surat,37.0,43400.0,500.0,130.0,0
Ahmedabad,25.0,117700.0,1080.0,700.0,2
Bhopal,20.0,67200.0,540.0,300.0,2
Delhi,18.0,30400.0,340.0,130.0,0
Delhi,33.0,51400.0,170.0,130.0,0
Coimbatore,36.0,44000.0,800.0,90.0,0
Ahmedabad,36.0,99100.0,690.0,300.0,2
Patna,21.0,46800.0,400.0,130.0,0
Chandigarh,33.0,73100.0,690.0,300.0,2
Pune,18.0,64500.0,660.0,130.0,2
Hyderabad,26.0,68900.0,420.0,130.0,0
Kolkata,30.0,62100.0,540.0,300.0,2
Bhopal,36.0,84000.0,900.0,300.0,2
Bengaluru,19.0,90500.0,740.0,90.0,2
Hyderabad,23.0,9000.0,220.0,300.0,0
Delhi,38.0,83000.0,570.0,90.0,2
Pune,34.0,77500.0,520.0,450.0,1
Mumbai,19.0,50400.0,560.0,130.0,0
Kolkata,20.0,34700.0,530.0,300.0,0
Kolkata,37.0,75600.0,1460.0,90.0,2
Kochi,38.0,77200.0,570.0,130.0,2
Coimbatore,40.0,65200.0,280.0,450.0,1
Chandigarh,22.0,8800.0,230.0,300.0,0
Lucknow,33.0,53800.0,590.0,300.0,0
Hyderabad,44.0,144000.0,240.0,130.0,2
Ahmedabad,28.0,18600.0,280.0,130.0,0
Jaipur,39.0,81700.0,1130.0,450.0,2
Delhi,33.0,55800.0,790.0,300.0,2
Lucknow,36.0,9600.0,470.0,300.0,0
Nagpur,28.0,42500.0,520.0,130.0,0
Jaipur,38.0,32400.0,710.0,90.0,0
Pune,36.0,105800.0,1890.0,300.0,2
Chandigarh,24.0,61400.0,310.0,450.0,1
Bhopal,18.0,47700.0,250.0,700.0,1
Pune,33.0,21700.0,990.0,300.0,0
Indore,41.0,85200.0,720.0,300.0,2
Nagpur,37.0,45100.0,490.0,130.0,0
Kochi,41.0,56400.0,610.0,90.0,0
Hyderabad,34.0,49100.0,1570.0,450.0,2
Ahmedabad,40.0,38400.0,770.0,300.0,0
Bengaluru,36.0,71300.0,920.0,130.0,2
Hyderabad,33.0,11500.0,510.0,300.0,0
Jaipur,30.0,7100.0,510.0,300.0,0
Chennai,29.0,89700.0,640.0,300.0,2
Lucknow,28.0,12500.0,310.0,300.0,0
Ahmedabad,34.0,42000.0,400.0,300.0,0
Surat,32.0,31900.0,580.0,130.0,0
Pune,31.0,15400.0,180.0,450.0,1
Pune,23.0,6600.0,300.0,700.0,1
Pune,26.0,36300.0,1090.0,130.0,2
Mumbai,40.0,68700.0,680.0,300.0,2
Chennai,35.0,68600.0,1040.0,130.0,2
Kolkata,30.0,7200.0,400.0,130.0,0
Jaipur,24.0,47900.0,390.0,130.0,0
Lucknow,21.0,77100.0,1370.0,450.0,2
Bengaluru,39.0,7600.0,300.0,130.0,0
Surat,21.0,27500.0,320.0,130.0,0
Nagpur,29.0,114800.0,420.0,130.0,2
Mumbai,37.0,29100.0,240.0,300.0,0
Kolkata,46.0,127500.0,1780.0,300.0,2
Mumbai,24.0,60400.0,930.0,130.0,2
Visakhapatnam,34.0,34900.0,660.0,450.0,1
Lucknow,36.0,72900.0,620.0,90.0,2
Mumbai,38.0,12400.0,500.0,300.0,0
Kolkata,23.0,49700.0,430.0,130.0,0
Ahmedabad,18.0,37300.0,430.0,450.0,1
Bhopal,36.0,53000.0,310.0,300.0,0
Patna,33.0,46300.0,300.0,130.0,0
Pune,18.0,52300.0,600.0,90.0,0
Hyderabad,18.0,8900.0,710.0,130.0,0
Hyderabad,21.0,11800.0,320.0,300.0,0
Bhubaneswar,21.0,47200.0,600.0,300.0,0
Hyderabad,35.0,47000.0,660.0,300.0,0
Pune,18.0,8100.0,500.0,130.0,0
Mumbai,22.0,52100.0,390.0,90.0,0
Indore,36.0,59300.0,300.0,300.0,0
Chennai,20.0,35400.0,730.0,130.0,0
Pune,29.0,32600.0,620.0,300.0,0
Coimbatore,35.0,14900.0,250.0,300.0,0
Chandigarh,33.0,9500.0,150.0,700.0,1
Patna,36.0,45000.0,270.0,300.0,0
Hyderabad,35.0,20600.0,590.0,300.0,0
Chandigarh,29.0,39700.0,540.0,130.0,0
Coimbatore,24.0,30700.0,550.0,300.0,0
Pune,42.0,99200.0,330.0,90.0,2
Pune,37.0,11900.0,120.0,300.0,0
Pune,23.0,25800.0,440.0,300.0,0
Delhi,33.0,87200.0,670.0,130.0,2
Pune,22.0,8500.0,540.0,130.0,0
Chandigarh,29.0,34700.0,340.0,130.0,0
Ahmedabad,37.0,7000.0,420.0,300.0,0
Kochi,23.0,36400.0,760.0,300.0,0
Bengaluru,28.0,60000.0,390.0,450.0,1
Delhi,31.0,11200.0,460.0,130.0,0
Mumbai,18.0,46800.0,230.0,130.0,0
Indore,30.0,49000.0,190.0,300.0,0
Chennai,32.0,32000.0,1340.0,300.0,2
Kochi,18.0,9100.0,300.0,450.0,1
Pune,43.0,33000.0,180.0,300.0,0
Delhi,43.0,48600.0,530.0,90.0,0
Pune,36.0,79000.0,1780.0,450.0,2
Pune,30.0,11000.0,470.0,300.0,0
Chennai,52.0,57300.0,720.0,300.0,2
Pune,28.0,31000.0,680.0,130.0,0
Mumbai,33.0,101000.0,380.0,90.0,2
Patna,32.0,36700.0,480.0,130.0,0
Pune,35.0,57000.0,290.0,450.0,1
Delhi,28.0,41900.0,420.0,300.0,0
Mumbai,32.0,44300.0,490.0,130.0,0
Nagpur,18.0,52300.0,920.0,130.0,2
Bengaluru,41.0,13400.0,230.0,130.0,0
Ahmedabad,37.0,46700.0,240.0,90.0,0
Hyderabad,19.0,23600.0,650.0,90.0,0
Kolkata,35.0,72600.0,320.0,300.0,0
Ahmedabad,33.0,30100.0,160.0,450.0,1
Kochi,26.0,84800.0,180.0,700.0,1
Ahmedabad,47.0,64100.0,1060.0,450.0,2
Lucknow,33.0,46800.0,270.0,130.0,0
Surat,29.0,98900.0,570.0,130.0,2
Kochi,46.0,13800.0,150.0,130.0,0
Indore,21.0,19800.0,1270.0,300.0,2
Indore,39.0,48700.0,430.0,700.0,1
Coimbatore,26.0,42100.0,630.0,300.0,0
Chennai,20.0,36500.0,510.0,300.0,0
Hyderabad,28.0,46700.0,490.0,90.0,0
Lucknow,25.0,40100.0,420.0,90.0,0
Pune,23.0,44200.0,630.0,450.0,1
Hyderabad,33.0,8900.0,100.0,130.0,0
Bhopal,36.0,74200.0,520.0,450.0,1
Surat,31.0,51100.0,1240.0,300.0,2
Patna,38.0,39200.0,660.0,300.0,0
Bengaluru,27.0,9400.0,310.0,300.0,0
Delhi,34.0,11900.0,420.0,300.0,0
Delhi,34.0,74100.0,390.0,450.0,1
Delhi,32.0,89500.0,430.0,90.0,2
Chennai,36.0,70600.0,990.0,300.0,2
Kolkata,37.0,54100.0,470.0,90.0,0
Mumbai,20.0,112900.0,930.0,130.0,2
Chandigarh,40.0,49400.0,460.0,450.0,1
Visakhapatnam,38.0,12000.0,440.0,130.0,0
Patna,29.0,70700.0,300.0,450.0,1
Ahmedabad,19.0,54000.0,830.0,300.0,2
Patna,46.0,12900.0,420.0,450.0,1
Delhi,18.0,11300.0,440.0,300.0,0
Kochi,32.0,47500.0,820.0,450.0,1
Jaipur,18.0,41400.0,170.0,300.0,0
Chandigarh,50.0,38000.0,380.0,130.0,0
Kolkata,25.0,10000.0,370.0,130.0,0
Chandigarh,35.0,139500.0,440.0,450.0,2
Patna,23.0,97400.0,530.0,90.0,2
Bengaluru,23.0,11500.0,730.0,450.0,1
Ahmedabad,25.0,27500.0,270.0,90.0,0
Patna,26.0,47600.0,600.0,700.0,1
Hyderabad,47.0,121800.0,680.0,130.0,2
Kochi,36.0,8600.0,570.0,130.0,0
Lucknow,30.0,97100.0,930.0,130.0,2
Mumbai,42.0,97100.0,190.0,130.0,2
Lucknow,18.0,61900.0,780.0,130.0,2
Ahmedabad,23.0,94000.0,740.0,450.0,2
Bengaluru,35.0,24800.0,460.0,90.0,0
Kolkata,24.0,43800.0,460.0,450.0,1
Mumbai,30.0,60000.0,370.0,700.0,1
Ahmedabad,35.0,38600.0,710.0,130.0,0
Ahmedabad,27.0,11800.0,1300.0,130.0,2
Indore,21.0,43500.0,1150.0,450.0,2
Bhopal,34.0,10000.0,390.0,90.0,0
Mumbai,32.0,11400.0,220.0,300.0,0
Visakhapatnam,21.0,47100.0,400.0,90.0,0
Chennai,51.0,66000.0,1040.0,450.0,2
Delhi,38.0,110000.0,1740.0,300.0,2
Mumbai,24.0,47500.0,470.0,700.0,1
Mumbai,18.0,40000.0,210.0,300.0,0
Bengaluru,18.0,99200.0,950.0,130.0,2
Hyderabad,18.0,53400.0,850.0,130.0,2
Lucknow,39.0,70700.0,260.0,300.0,0
Indore,18.0,37500.0,410.0,450.0,1
Bengaluru,40.0,100200.0,780.0,130.0,2
Bengaluru,42.0,35200.0,290.0,450.0,1
Coimbatore,35.0,97200.0,760.0,130.0,2
Delhi,28.0,85500.0,270.0,90.0,0
Lucknow,28.0,81100.0,430.0,130.0,2
Delhi,40.0,10400.0,490.0,450.0,1
Jaipur,42.0,60400.0,860.0,300.0,2
Bengaluru,18.0,47700.0,630.0,130.0,0
Ahmedabad,39.0,87200.0,190.0,90.0,0
Patna,24.0,58100.0,930.0,450.0,2
Coimbatore,55.0,15600.0,500.0,90.0,0
Chennai,30.0,87800.0,730.0,450.0,2
Jaipur,44.0,8900.0,320.0,90.0,0
Chennai,18.0,11500.0,1060.0,300.0,0
Pune,26.0,58100.0,970.0,130.0,2
Hyderabad,18.0,7300.0,120.0,90.0,0
Kochi,23.0,37400.0,920.0,130.0,2
Chennai,37.0,72000.0,800.0,130.0,2
Kolkata,30.0,20700.0,450.0,450.0,1
Indore,32.0,81200.0,220.0,300.0,0
Hyderabad,34.0,79500.0,1440.0,450.0,2
Delhi,21.0,6600.0,280.0,90.0,0
Mumbai,24.0,55800.0,1170.0,90.0,2
Mumbai,34.0,83800.0,600.0,300.0,2
Bhubaneswar,30.0,10200.0,180.0,130.0,0
Bhopal,32.0,33000.0,370.0,300.0,0
Hyderabad,31.0,14200.0,420.0,300.0,0
Hyderabad,25.0,52500.0,610.0,450.0,1
Jaipur,18.0,49500.0,560.0,90.0,0
Bengaluru,38.0,61100.0,450.0,90.0,0
Chennai,39.0,86800.0,970.0,700.0,1
Pune,41.0,32600.0,400.0,700.0,1
Bengaluru,22.0,29800.0,700.0,130.0,0
Ahmedabad,19.0,38500.0,1480.0,450.0,2
Jaipur,36.0,10500.0,290.0,130.0,0
Bhopal,18.0,89200.0,860.0,130.0,2
Nagpur,18.0,34800.0,870.0,130.0,0
Delhi,41.0,29000.0,450.0,90.0,0
Kochi,18.0,36900.0,230.0,130.0,0
Delhi,31.0,8500.0,320.0,300.0,0
Lucknow,26.0,60700.0,640.0,90.0,2
Visakhapatnam,30.0,67800.0,390.0,130.0,0
Chennai,31.0,14300.0,270.0,450.0,1
Chennai,30.0,27200.0,160.0,450.0,1
Kolkata,25.0,77300.0,540.0,130.0,2
Patna,21.0,63900.0,780.0,130.0,2
Mumbai,42.0,62200.0,1270.0,300.0,2
Hyderabad,29.0,88400.0,860.0,90.0,2
Ahmedabad,38.0,62800.0,1020.0,130.0,2
Ahmedabad,32.0,15200.0,440.0,130.0,0
Surat,32.0,85200.0,520.0,700.0,1
Bengaluru,45.0,50700.0,550.0,450.0,1
Chennai,44.0,101500.0,1440.0,300.0,2
Jaipur,33.0,9200.0,350.0,130.0,0
Hyderabad,36.0,20900.0,1420.0,300.0,2
Bhopal,36.0,44400.0,340.0,300.0,0
Delhi,19.0,87400.0,540.0,300.0,2
Hyderabad,28.0,75300.0,1070.0,130.0,2
Hyderabad,47.0,59800.0,220.0,300.0,0
Pune,41.0,12500.0,290.0,90.0,0
Mumbai,29.0,6600.0,270.0,300.0,0
Mumbai,24.0,78600.0,760.0,450.0,2
Lucknow,25.0,92500.0,430.0,130.0,2
Chennai,34.0,85700.0,260.0,130.0,0
Kolkata,21.0,57600.0,300.0,300.0,0
Jaipur,19.0,27600.0,530.0,130.0,0
Hyderabad,28.0,10900.0,530.0,300.0,0
Visakhapatnam,38.0,12800.0,800.0,90.0,0
Mumbai,31.0,67600.0,1540.0,300.0,2
Bengaluru,48.0,102800.0,350.0,300.0,2
Lucknow,35.0,96200.0,1480.0,130.0,2
Kolkata,27.0,50500.0,910.0,300.0,2
Patna,35.0,42900.0,220.0,450.0,1
Kochi,48.0,49100.0,410.0,450.0,1
Lucknow,42.0,14700.0,270.0,130.0,0
Bengaluru,30.0,38100.0,310.0,90.0,0
Chennai,38.0,13500.0,620.0,450.0,1
Jaipur,18.0,83300.0,750.0,300.0,2
Visakhapatnam,23.0,27500.0,840.0,90.0,0
Kochi,35.0,83100.0,1560.0,90.0,2
Mumbai,36.0,116500.0,730.0,130.0,2
Coimbatore,20.0,54300.0,460.0,130.0,0
Indore,30.0,9300.0,310.0,450.0,1
Indore,18.0,62700.0,360.0,300.0,0
Nagpur,18.0,44100.0,990.0,450.0,1
Lucknow,23.0,11100.0,380.0,300.0,0
Hyderabad,35.0,37100.0,240.0,130.0,0
Patna,43.0,11800.0,420.0,90.0,0
Ahmedabad,35.0,46700.0,610.0,130.0,0
Ahmedabad,32.0,37000.0,610.0,130.0,0
Patna,44.0,84600.0,600.0,700.0,1
Lucknow,47.0,14100.0,720.0,130.0,0
Coimbatore,32.0,97800.0,520.0,90.0,2
Ahmedabad,23.0,70100.0,340.0,300.0,0
Jaipur,39.0,70400.0,330.0,90.0,0
Ahmedabad,29.0,38500.0,730.0,130.0,0
Ahmedabad,27.0,9100.0,410.0,300.0,0
Ahmedabad,37.0,61800.0,460.0,130.0,0
Delhi,38.0,9200.0,810.0,300.0,0
Chennai,21.0,34400.0,240.0,300.0,0
Bhubaneswar,29.0,35400.0,450.0,130.0,0
Pune,36.0,106800.0,760.0,450.0,2
Chennai,39.0,46800.0,520.0,90.0,0
Lucknow,28.0,8300.0,340.0,300.0,0
Bengaluru,18.0,39500.0,240.0,130.0,0
Visakhapatnam,33.0,45500.0,470.0,130.0,0
Ahmedabad,29.0,59600.0,890.0,450.0,2
Mumbai,35.0,23800.0,410.0,130.0,0
Coimbatore,29.0,12300.0,470.0,130.0,0
Bengaluru,36.0,96100.0,1220.0,130.0,2
Pune,26.0,82300.0,730.0,300.0,2
Delhi,60.0,57400.0,580.0,130.0,0
Mumbai,28.0,13500.0,480.0,130.0,0
Coimbatore,27.0,61000.0,560.0,450.0,1
Lucknow,21.0,7300.0,200.0,130.0,0
Kolkata,31.0,43600.0,690.0,90.0,0
Mumbai,48.0,107400.0,570.0,450.0,2
Chennai,46.0,36200.0,860.0,300.0,2
Ahmedabad,45.0,6600.0,720.0,300.0,0
Bengaluru,29.0,37200.0,510.0,450.0,1
Delhi,32.0,49000.0,690.0,300.0,0
Ahmedabad,35.0,100700.0,860.0,130.0,2
Indore,39.0,89300.0,480.0,90.0,2
Chennai,19.0,52300.0,460.0,450.0,1
Pune,37.0,73600.0,960.0,130.0,2
Mumbai,34.0,66800.0,790.0,130.0,2
Delhi,35.0,8700.0,700.0,130.0,0
Kolkata,35.0,76600.0,250.0,450.0,1
Mumbai,27.0,16700.0,580.0,300.0,0
Bengaluru,20.0,106800.0,1030.0,90.0,2
Coimbatore,34.0,35400.0,640.0,90.0,0
Pune,32.0,61700.0,640.0,300.0,2
Mumbai,35.0,68500.0,530.0,300.0,2
Bengaluru,30.0,13200.0,220.0,450.0,1
Delhi,44.0,55800.0,270.0,130.0,0
Mumbai,41.0,12100.0,450.0,300.0,0
Ahmedabad,39.0,14800.0,490.0,130.0,0
Kolkata,53.0,63800.0,290.0,300.0,0
Jaipur,28.0,36000.0,120.0,300.0,0
Delhi,18.0,53000.0,560.0,90.0,0
Chennai,25.0,31200.0,430.0,300.0,0
Delhi,26.0,31300.0,370.0,130.0,0
Lucknow,34.0,87000.0,620.0,300.0,2
Hyderabad,46.0,13100.0,620.0,300.0,0
Pune,19.0,27500.0,390.0,130.0,0
Hyderabad,36.0,11400.0,580.0,450.0,1
Visakhapatnam,31.0,68500.0,180.0,90.0,0
Chennai,34.0,103700.0,770.0,130.0,2
Chennai,41.0,77000.0,820.0,300.0,2
Delhi,26.0,29400.0,260.0,300.0,0
Kolkata,26.0,9000.0,680.0,450.0,1
Kolkata,36.0,14300.0,150.0,450.0,1
Chandigarh,33.0,77100.0,570.0,300.0,2
Hyderabad,24.0,64100.0,1060.0,130.0,2
Nagpur,41.0,76100.0,1080.0,130.0,2
Bengaluru,35.0,103100.0,780.0,450.0,2
Pune,30.0,66500.0,350.0,130.0,0
Mumbai,31.0,111400.0,250.0,300.0,2
Coimbatore,18.0,10200.0,240.0,130.0,0
Mumbai,29.0,43700.0,830.0,300.0,2
Mumbai,18.0,7200.0,310.0,300.0,0
Ahmedabad,18.0,6600.0,320.0,130.0,0
Jaipur,30.0,9100.0,130.0,450.0,1
Hyderabad,29.0,43000.0,160.0,130.0,0
Jaipur,32.0,12100.0,100.0,130.0,0
Mumbai,19.0,27500.0,310.0,300.0,0
Pune,22.0,90700.0,1180.0,300.0,2
Mumbai,22.0,26500.0,1100.0,300.0,2
Mumbai,41.0,66500.0,1260.0,130.0,2
Bengaluru,27.0,7700.0,710.0,300.0,0
Kolkata,40.0,56800.0,1140.0,300.0,2
Hyderabad,18.0,8500.0,400.0,300.0,0
Bengaluru,25.0,10300.0,140.0,130.0,0
Bhubaneswar,32.0,46000.0,700.0,700.0,1
Ahmedabad,26.0,53800.0,340.0,300.0,0
Surat,33.0,17000.0,400.0,450.0,1
Patna,30.0,28900.0,380.0,300.0,0
Kolkata,18.0,38000.0,470.0,130.0,0
Lucknow,18.0,43500.0,280.0,450.0,1
Hyderabad,37.0,101000.0,1200.0,90.0,2
Surat,25.0,10500.0,270.0,450.0,1
Chennai,40.0,94400.0,640.0,450.0,2
Delhi,29.0,22200.0,550.0,300.0,0
Delhi,50.0,31100.0,370.0,700.0,1
Chennai,23.0,8000.0,300.0,300.0,0
Bhubaneswar,37.0,41800.0,630.0,450.0,1
Chandigarh,26.0,9600.0,250.0,300.0,0
Nagpur,46.0,16100.0,430.0,300.0,0
Bengaluru,40.0,43000.0,160.0,700.0,1
Hyderabad,29.0,44300.0,950.0,300.0,2
Nagpur,37.0,31400.0,280.0,450.0,1
Ahmedabad,28.0,7800.0,570.0,300.0,0
Pune,44.0,75800.0,350.0,90.0,0
Mumbai,45.0,8000.0,130.0,300.0,0
Indore,22.0,10200.0,700.0,130.0,0
Hyderabad,34.0,14200.0,350.0,300.0,0
Jaipur,32.0,49600.0,650.0,130.0,0
Delhi,34.0,9400.0,700.0,130.0,0
Bhubaneswar,23.0,27500.0,990.0,130.0,0
Visakhapatnam,36.0,98400.0,1110.0,90.0,2
Kolkata,39.0,85900.0,790.0,130.0,2
Kochi,45.0,9800.0,650.0,300.0,0
Bengaluru,46.0,24000.0,620.0,130.0,0
Jaipur,30.0,6600.0,500.0,130.0,0
Hyderabad,39.0,99400.0,870.0,90.0,2
Chandigarh,24.0,6600.0,430.0,300.0,0
Kochi,35.0,14900.0,690.0,450.0,1
Chennai,40.0,79400.0,560.0,130.0,2
Bengaluru,37.0,11800.0,210.0,300.0,0
Pune,35.0,7700.0,270.0,300.0,0
Lucknow,33.0,44100.0,360.0,130.0,0
Bengaluru,31.0,78100.0,870.0,300.0,2
Chennai,29.0,88000.0,780.0,90.0,2
Chandigarh,30.0,94000.0,1540.0,300.0,2
Ahmedabad,19.0,102800.0,500.0,90.0,2
Kochi,41.0,14600.0,270.0,300.0,0
Patna,26.0,80300.0,1100.0,130.0,2
Kochi,32.0,63500.0,210.0,300.0,0
Pune,28.0,14300.0,270.0,130.0,0
Lucknow,20.0,13900.0,260.0,300.0,0
Lucknow,34.0,13300.0,490.0,300.0,0
Delhi,26.0,39800.0,390.0,700.0,1
Ahmedabad,24.0,53300.0,330.0,130.0,0
Surat,36.0,81400.0,1170.0,130.0,2
Nagpur,51.0,12800.0,320.0,450.0,1
Kolkata,36.0,60500.0,1370.0,130.0,2
Chandigarh,28.0,14200.0,620.0,700.0,1
Kolkata,41.0,76200.0,700.0,300.0,2
Bengaluru,21.0,27100.0,710.0,130.0,0
Delhi,30.0,50700.0,720.0,300.0,2
Ahmedabad,35.0,10700.0,340.0,450.0,1
Kochi,22.0,48200.0,330.0,130.0,0
Mumbai,30.0,48300.0,400.0,300.0,0
Bengaluru,39.0,63700.0,590.0,300.0,2
Kochi,27.0,80400.0,290.0,700.0,1
Bengaluru,50.0,99600.0,840.0,450.0,2
Kolkata,18.0,41300.0,230.0,300.0,0
Pune,28.0,11500.0,570.0,450.0,1
Mumbai,36.0,80400.0,450.0,90.0,2
Hyderabad,32.0,50700.0,600.0,130.0,0
Delhi,31.0,65400.0,300.0,300.0,0
Delhi,47.0,89700.0,400.0,300.0,2
Delhi,18.0,9400.0,710.0,300.0,0
Chennai,26.0,97900.0,800.0,450.0,2
Patna,24.0,76700.0,1470.0,90.0,2
Jaipur,33.0,19000.0,600.0,450.0,1
Coimbatore,32.0,8700.0,680.0,300.0,0
Bhubaneswar,18.0,10400.0,340.0,300.0,0
Kolkata,37.0,55600.0,170.0,300.0,0
Indore,33.0,9800.0,350.0,300.0,0
Delhi,30.0,47700.0,410.0,130.0,0
Patna,32.0,88800.0,750.0,450.0,2
Chandigarh,36.0,13300.0,480.0,90.0,0
Jaipur,25.0,8700.0,800.0,450.0,1
Chennai,34.0,37300.0,730.0,130.0,0
Mumbai,40.0,52500.0,1040.0,130.0,2
Surat,30.0,11500.0,560.0,130.0,0
Bengaluru,31.0,118000.0,910.0,130.0,2
Chennai,28.0,41200.0,150.0,90.0,0
Hyderabad,18.0,46300.0,940.0,130.0,2
Bengaluru,18.0,44600.0,240.0,700.0,1
Surat,18.0,9000.0,120.0,90.0,0
Bhubaneswar,27.0,62700.0,710.0,130.0,2
Hyderabad,44.0,87600.0,300.0,130.0,2
Kolkata,18.0,24800.0,370.0,130.0,0
Visakhapatnam,41.0,9400.0,620.0,130.0,0
Ahmedabad,28.0,68500.0,170.0,130.0,0
Pune,38.0,9600.0,680.0,300.0,0
Delhi,22.0,17000.0,650.0,300.0,0
Patna,46.0,51600.0,380.0,90.0,0
Jaipur,36.0,16200.0,100.0,300.0,0
Mumbai,26.0,61200.0,750.0,130.0,2
Mumbai,31.0,60700.0,890.0,300.0,2
Chennai,22.0,27500.0,340.0,300.0,0
Ahmedabad,46.0,34000.0,460.0,90.0,0
Pune,42.0,14100.0,230.0,130.0,0
Indore,21.0,46800.0,640.0,130.0,0
Surat,30.0,35200.0,850.0,450.0,1
Patna,37.0,50300.0,550.0,450.0,1
Jaipur,30.0,70500.0,500.0,90.0,2
Bhubaneswar,31.0,68100.0,380.0,90.0,0
Surat,36.0,50400.0,670.0,300.0,0
Indore,42.0,71800.0,200.0,450.0,1
Patna,31.0,89700.0,520.0,300.0,2
Delhi,18.0,55400.0,770.0,450.0,1
Mumbai,27.0,35400.0,600.0,130.0,0
Ahmedabad,24.0,39300.0,320.0,300.0,0
Pune,24.0,12000.0,160.0,130.0,0
Lucknow,36.0,15700.0,750.0,450.0,1
Jaipur,32.0,51100.0,520.0,130.0,0
Chennai,28.0,8400.0,610.0,450.0,1
Delhi,34.0,13900.0,760.0,700.0,1
Pune,33.0,49200.0,310.0,300.0,0
Delhi,35.0,81100.0,660.0,130.0,2
Kolkata,41.0,47000.0,540.0,130.0,0
Indore,29.0,43600.0,410.0,90.0,0
Bhopal,25.0,58200.0,380.0,90.0,0
Pune,32.0,50300.0,910.0,90.0,2
Mumbai,20.0,9200.0,590.0,300.0,0
Mumbai,33.0,60300.0,540.0,90.0,0
Chennai,18.0,33800.0,150.0,130.0,0
Coimbatore,29.0,45000.0,160.0,300.0,0
Kolkata,27.0,52900.0,220.0,300.0,0
Jaipur,39.0,95300.0,440.0,300.0,2
Bengaluru,42.0,13100.0,380.0,130.0,0
Chennai,33.0,51200.0,870.0,300.0,2
Coimbatore,35.0,32900.0,540.0,700.0,1
Delhi,30.0,97600.0,670.0,450.0,2
Indore,44.0,79800.0,690.0,130.0,2
Nagpur,36.0,56000.0,890.0,130.0,2
Bengaluru,27.0,66100.0,520.0,130.0,0
Nagpur,29.0,6800.0,350.0,300.0,0
Ahmedabad,37.0,47400.0,390.0,450.0,1
Bengaluru,41.0,50200.0,1410.0,130.0,2
Surat,44.0,41200.0,310.0,130.0,0
Bengaluru,18.0,55100.0,440.0,130.0,0
Nagpur,34.0,85900.0,340.0,130.0,2
Jaipur,39.0,55000.0,970.0,300.0,2
Coimbatore,31.0,125300.0,1200.0,300.0,2
Bengaluru,39.0,42000.0,160.0,700.0,1
Jaipur,33.0,63100.0,570.0,300.0,2
Chennai,21.0,9600.0,330.0,700.0,1
Hyderabad,38.0,71200.0,460.0,130.0,0
Bhubaneswar,23.0,38900.0,120.0,90.0,0
Hyderabad,33.0,29700.0,370.0,300.0,0
Surat,32.0,41900.0,300.0,90.0,0
Delhi,37.0,23800.0,110.0,130.0,0
Pune,45.0,28900.0,380.0,130.0,0
Jaipur,35.0,14400.0,340.0,90.0,0
Surat,22.0,77900.0,350.0,130.0,0
Hyderabad,41.0,95700.0,630.0,300.0,2
Chandigarh,20.0,88100.0,730.0,450.0,2
Patna,38.0,68300.0,440.0,300.0,0
Hyderabad,32.0,9300.0,200.0,130.0,0
Delhi,40.0,106800.0,1490.0,300.0,2
Patna,21.0,79200.0,1080.0,90.0,2
Chandigarh,26.0,102600.0,680.0,450.0,2
Hyderabad,18.0,58000.0,1220.0,90.0,2
Jaipur,30.0,38200.0,450.0,130.0,0
Ahmedabad,18.0,49000.0,1180.0,90.0,2
Hyderabad,18.0,48800.0,530.0,130.0,0
Chennai,25.0,50600.0,560.0,450.0,1
Jaipur,24.0,11200.0,410.0,90.0,0
Mumbai,34.0,36200.0,540.0,90.0,0
Lucknow,42.0,29300.0,690.0,300.0,0
Lucknow,29.0,81000.0,820.0,300.0,2
Hyderabad,36.0,11400.0,290.0,300.0,0
Lucknow,25.0,61400.0,220.0,130.0,0
Mumbai,20.0,48900.0,780.0,90.0,2
Kolkata,35.0,68000.0,570.0,450.0,1
Mumbai,38.0,48400.0,450.0,300.0,0
Chennai,18.0,49900.0,550.0,450.0,1
Coimbatore,42.0,73800.0,650.0,300.0,2
Surat,24.0,7400.0,360.0,130.0,0
Bhubaneswar,18.0,27500.0,270.0,300.0,0
Bengaluru,29.0,25300.0,270.0,300.0,0
Hyderabad,30.0,56300.0,630.0,700.0,1
Chennai,22.0,49300.0,370.0,450.0,1
Bhopal,28.0,36300.0,790.0,700.0,1
Hyderabad,31.0,62100.0,450.0,130.0,0
Lucknow,35.0,33000.0,1270.0,300.0,2
Chennai,41.0,43400.0,280.0,300.0,0
Mumbai,26.0,8500.0,310.0,300.0,0
Bhopal,31.0,74600.0,470.0,130.0,2
Bhopal,23.0,77800.0,540.0,300.0,2
Delhi,27.0,9200.0,380.0,700.0,1
Mumbai,38.0,53500.0,890.0,300.0,2
Delhi,19.0,51900.0,440.0,450.0,1
Bengaluru,39.0,11200.0,830.0,130.0,0
Patna,40.0,114000.0,820.0,130.0,2
Hyderabad,33.0,11800.0,430.0,130.0,0
Indore,29.0,29300.0,410.0,90.0,0
Bengaluru,33.0,90600.0,1710.0,300.0,2
Pune,34.0,46000.0,520.0,90.0,0
Nagpur,23.0,45100.0,210.0,130.0,0
Jaipur,22.0,36000.0,530.0,130.0,0
Indore,18.0,38300.0,660.0,90.0,0
Kochi,29.0,60700.0,480.0,130.0,0
Kochi,28.0,11600.0,190.0,130.0,0
Surat,41.0,57400.0,630.0,450.0,1
Delhi,22.0,31300.0,1010.0,300.0,2
Mumbai,49.0,134800.0,1360.0,90.0,2
Bhubaneswar,20.0,33900.0,230.0,450.0,1
Kochi,52.0,75900.0,460.0,130.0,2
Pune,37.0,35900.0,650.0,300.0,0
Surat,31.0,64300.0,280.0,300.0,0
Nagpur,39.0,10500.0,690.0,130.0,0
Delhi,47.0,85200.0,760.0,700.0,1
Delhi,33.0,66000.0,460.0,90.0,0
Bengaluru,27.0,44300.0,200.0,300.0,0
Chennai,38.0,26200.0,310.0,450.0,1
Hyderabad,56.0,56100.0,760.0,130.0,2
Coimbatore,40.0,91400.0,800.0,700.0,1
Jaipur,39.0,34700.0,780.0,300.0,0
Delhi,45.0,19600.0,240.0,130.0,0
Surat,21.0,71400.0,1110.0,300.0,2
Bengaluru,33.0,53400.0,330.0,130.0,0
Patna,25.0,47500.0,580.0,90.0,0
Pune,27.0,70500.0,550.0,300.0,2
Bhubaneswar,35.0,36900.0,440.0,300.0,0
Pune,34.0,54400.0,390.0,300.0,0
Kolkata,49.0,69900.0,890.0,90.0,2
Chennai,29.0,13600.0,630.0,130.0,0
Surat,28.0,74100.0,1110.0,130.0,2
Bhubaneswar,38.0,56000.0,720.0,130.0,2
Kolkata,44.0,13500.0,150.0,90.0,0
Delhi,22.0,60500.0,340.0,130.0,0
Hyderabad,35.0,13400.0,200.0,700.0,1
Coimbatore,33.0,70000.0,330.0,300.0,0
Chennai,25.0,36300.0,280.0,90.0,0
Lucknow,23.0,55100.0,450.0,300.0,0
Bengaluru,30.0,9300.0,400.0,450.0,1
Delhi,44.0,97000.0,550.0,130.0,2
Lucknow,32.0,25500.0,390.0,700.0,1
Surat,43.0,57000.0,370.0,130.0,0
Chandigarh,24.0,58900.0,330.0,450.0,1
Nagpur,18.0,57300.0,670.0,130.0,2
Kolkata,22.0,28400.0,300.0,130.0,0
Kolkata,31.0,84400.0,1020.0,130.0,2
Mumbai,34.0,40100.0,330.0,700.0,1
Hyderabad,44.0,59600.0,630.0,300.0,2
Kolkata,29.0,33500.0,770.0,300.0,0
Nagpur,32.0,27700.0,200.0,700.0,1
Chandigarh,24.0,41100.0,460.0,300.0,0
Surat,34.0,27600.0,530.0,450.0,1
Coimbatore,28.0,11500.0,180.0,90.0,0
Hyderabad,18.0,20400.0,380.0,130.0,0
Hyderabad,38.0,48500.0,200.0,450.0,1
Pune,32.0,125500.0,430.0,700.0,1
Coimbatore,18.0,50500.0,420.0,130.0,0
Kochi,43.0,61500.0,440.0,90.0,0
Kolkata,20.0,10800.0,130.0,130.0,0
Surat,18.0,24800.0,440.0,90.0,0
Hyderabad,35.0,35600.0,880.0,130.0,0
Lucknow,18.0,46800.0,450.0,130.0,0
Chennai,31.0,27500.0,350.0,130.0,0
Pune,34.0,49700.0,200.0,130.0,0
Chennai,23.0,35200.0,480.0,90.0,0
Pune,39.0,59900.0,890.0,90.0,2
Nagpur,28.0,14300.0,270.0,450.0,1
Coimbatore,18.0,31800.0,700.0,300.0,0
Patna,34.0,48400.0,430.0,700.0,1
Kolkata,18.0,47900.0,200.0,90.0,0
Chandigarh,29.0,38300.0,570.0,300.0,0
Chandigarh,18.0,37200.0,520.0,300.0,0
Pune,20.0,37700.0,1050.0,300.0,2
Delhi,22.0,24100.0,520.0,300.0,0
Bengaluru,32.0,54500.0,890.0,300.0,2
Hyderabad,45.0,12500.0,440.0,700.0,1
Chennai,39.0,68600.0,950.0,90.0,2
Indore,21.0,40400.0,860.0,130.0,2
Kochi,18.0,41200.0,350.0,130.0,0
Bhubaneswar,41.0,41900.0,560.0,300.0,0
Ahmedabad,28.0,22800.0,220.0,130.0,0
Delhi,34.0,31000.0,280.0,130.0,0
Ahmedabad,35.0,66600.0,570.0,90.0,2
Ahmedabad,32.0,69000.0,970.0,130.0,2
Kolkata,29.0,63300.0,300.0,130.0,0
Mumbai,33.0,56400.0,1400.0,300.0,2
Mumbai,27.0,32100.0,830.0,90.0,0
Surat,21.0,30500.0,300.0,300.0,0
Bengaluru,30.0,50600.0,830.0,300.0,2
Kochi,24.0,54600.0,710.0,130.0,2
Visakhapatnam,25.0,9600.0,340.0,450.0,1
Indore,29.0,83100.0,1250.0,450.0,2
Indore,28.0,103700.0,330.0,90.0,2
Nagpur,28.0,86700.0,770.0,130.0,2
Mumbai,40.0,64200.0,440.0,300.0,0
Delhi,25.0,36900.0,430.0,300.0,0
Kolkata,49.0,81600.0,400.0,130.0,2
Hyderabad,28.0,13700.0,860.0,450.0,1
Lucknow,45.0,51700.0,700.0,130.0,0
Mumbai,31.0,44900.0,650.0,300.0,0
Jaipur,18.0,8000.0,410.0,300.0,0
Delhi,33.0,15200.0,650.0,450.0,1
Jaipur,32.0,97500.0,1290.0,130.0,2
Hyderabad,27.0,62100.0,510.0,90.0,0
Bhopal,40.0,94700.0,1130.0,450.0,2
Delhi,33.0,10700.0,330.0,130.0,0
Kochi,19.0,54300.0,1210.0,450.0,2
Surat,54.0,34900.0,230.0,130.0,0
Mumbai,26.0,72000.0,810.0,130.0,2
Delhi,18.0,10200.0,460.0,450.0,1
Nagpur,36.0,6600.0,320.0,300.0,0
Pune,19.0,6700.0,340.0,130.0,0
Bengaluru,27.0,41800.0,580.0,130.0,0
Hyderabad,31.0,69300.0,700.0,130.0,2
Lucknow,31.0,38500.0,260.0,130.0,0
Indore,22.0,61200.0,690.0,300.0,2
Bengaluru,32.0,11700.0,230.0,90.0,0
Delhi,56.0,94200.0,420.0,130.0,2
Kolkata,35.0,58100.0,370.0,450.0,1
Jaipur,31.0,7400.0,480.0,300.0,0
Ahmedabad,58.0,47600.0,600.0,130.0,0
Kolkata,18.0,46700.0,180.0,300.0,0
Ahmedabad,31.0,47700.0,710.0,450.0,1
Pune,52.0,28000.0,470.0,300.0,0
Hyderabad,24.0,71700.0,520.0,90.0,2
Kolkata,31.0,50500.0,430.0,130.0,0
Lucknow,30.0,68700.0,480.0,450.0,1
Jaipur,26.0,45500.0,1080.0,90.0,2
Kochi,31.0,61000.0,320.0,450.0,1
Surat,29.0,79200.0,510.0,130.0,2
Surat,40.0,13100.0,680.0,130.0,0
Bhubaneswar,18.0,9800.0,1070.0,130.0,0
Pune,29.0,90400.0,330.0,450.0,1
Indore,27.0,25200.0,540.0,300.0,0
Chennai,22.0,74100.0,830.0,90.0,2
Delhi,35.0,70500.0,690.0,700.0,1
Coimbatore,51.0,55300.0,270.0,90.0,0
Ahmedabad,20.0,36000.0,210.0,700.0,1
Chennai,33.0,43000.0,610.0,700.0,1
Coimbatore,21.0,37600.0,660.0,130.0,0
Delhi,29.0,64400.0,180.0,450.0,1
Mumbai,36.0,72700.0,270.0,300.0,0
Hyderabad,32.0,30100.0,760.0,300.0,0
Mumbai,18.0,44100.0,880.0,90.0,2
Indore,22.0,46600.0,520.0,300.0,0
Bengaluru,22.0,48200.0,500.0,90.0,0
Nagpur,37.0,10700.0,780.0,90.0,0
Chennai,26.0,9200.0,700.0,90.0,0
Chandigarh,22.0,41100.0,330.0,700.0,1
Nagpur,45.0,126600.0,1020.0,130.0,2
Nagpur,32.0,87200.0,710.0,450.0,2
Surat,35.0,9000.0,280.0,450.0,1
Ahmedabad,32.0,92300.0,660.0,300.0,2
Kochi,33.0,62100.0,360.0,300.0,0
Ahmedabad,33.0,60600.0,450.0,130.0,0
Lucknow,30.0,11200.0,200.0,450.0,1
Jaipur,28.0,8400.0,520.0,300.0,0
Delhi,21.0,52300.0,240.0,300.0,0
Ahmedabad,25.0,43900.0,370.0,700.0,1
Mumbai,19.0,80100.0,730.0,90.0,2
Pune,27.0,51300.0,320.0,300.0,0
Indore,38.0,10300.0,310.0,450.0,1
Delhi,38.0,87200.0,740.0,130.0,2
Bhopal,40.0,100100.0,300.0,130.0,2
Mumbai,36.0,31800.0,260.0,130.0,0
Indore,30.0,25100.0,820.0,450.0,1
Surat,20.0,61100.0,130.0,700.0,1
Mumbai,29.0,14500.0,270.0,300.0,0
Kolkata,41.0,12300.0,220.0,90.0,0
Mumbai,42.0,55600.0,880.0,300.0,2
Bengaluru,53.0,34400.0,790.0,130.0,0
Patna,27.0,49900.0,320.0,450.0,1
Ahmedabad,20.0,60600.0,640.0,300.0,2
Bengaluru,39.0,38000.0,680.0,130.0,0
Coimbatore,37.0,62200.0,1020.0,130.0,2
Bhubaneswar,30.0,48700.0,370.0,700.0,1
Delhi,24.0,40000.0,650.0,90.0,0
Bhopal,35.0,48800.0,330.0,130.0,0
Coimbatore,18.0,47000.0,870.0,130.0,2
Lucknow,30.0,47400.0,1090.0,130.0,2
Coimbatore,18.0,57200.0,660.0,450.0,1
Pune,32.0,12600.0,240.0,90.0,0
Chennai,39.0,87600.0,1120.0,700.0,1
Visakhapatnam,21.0,6700.0,650.0,130.0,0
Indore,33.0,8600.0,450.0,90.0,0
Delhi,33.0,63500.0,340.0,300.0,0
Bhubaneswar,18.0,62100.0,940.0,700.0,1
Bengaluru,30.0,91400.0,730.0,130.0,2
Hyderabad,18.0,37500.0,460.0,450.0,1
Bhubaneswar,23.0,28300.0,640.0,450.0,1
Chennai,37.0,103000.0,400.0,90.0,2
Chennai,18.0,8600.0,570.0,130.0,0
Visakhapatnam,32.0,13300.0,240.0,300.0,0
Hyderabad,46.0,32100.0,430.0,300.0,0
Hyderabad,33.0,54700.0,180.0,130.0,0
Kolkata,27.0,69200.0,890.0,130.0,2
Mumbai,33.0,70500.0,380.0,300.0,0
Mumbai,39.0,16600.0,550.0,300.0,0
Patna,42.0,21900.0,790.0,90.0,0
Chandigarh,27.0,62200.0,990.0,130.0,2
Hyderabad,33.0,10200.0,390.0,300.0,0
Hyderabad,24.0,102100.0,2110.0,450.0,2
Jaipur,20.0,8400.0,420.0,450.0,1
Ahmedabad,27.0,61600.0,620.0,90.0,2
Surat,28.0,59200.0,510.0,130.0,0
Kolkata,31.0,45500.0,690.0,130.0,0
Indore,49.0,112500.0,820.0,130.0,2
Hyderabad,38.0,48800.0,210.0,700.0,1
Bengaluru,31.0,53100.0,350.0,130.0,0
Mumbai,27.0,61500.0,590.0,300.0,2
Bengaluru,18.0,36600.0,1130.0,300.0,2
Bengaluru,32.0,52000.0,590.0,450.0,1
Mumbai,45.0,37800.0,480.0,90.0,0
Bengaluru,32.0,11500.0,430.0,130.0,0
Chennai,45.0,14200.0,370.0,300.0,0
Kochi,30.0,47200.0,420.0,300.0,0
Lucknow,27.0,86700.0,710.0,700.0,1
Patna,43.0,63500.0,1120.0,450.0,2
Bengaluru,18.0,46600.0,660.0,130.0,0
Lucknow,23.0,34500.0,610.0,700.0,1
Pune,20.0,19200.0,740.0,130.0,0
Pune,30.0,85600.0,1180.0,300.0,2
Patna,18.0,52100.0,610.0,130.0,0
Ahmedabad,32.0,17900.0,550.0,130.0,0
Visakhapatnam,18.0,48400.0,350.0,90.0,0
Pune,20.0,68100.0,1030.0,130.0,2
Surat,18.0,54700.0,520.0,130.0,0
Pune,54.0,15300.0,790.0,90.0,0
Pune,34.0,95100.0,1400.0,90.0,2
Ahmedabad,37.0,8400.0,200.0,90.0,0
Hyderabad,43.0,28800.0,240.0,300.0,0
Pune,27.0,79800.0,530.0,130.0,2
Bengaluru,28.0,39200.0,360.0,450.0,1
Bengaluru,33.0,80100.0,1640.0,300.0,2
Bengaluru,29.0,70100.0,890.0,700.0,1
Mumbai,21.0,78800.0,280.0,300.0,0
Mumbai,30.0,58400.0,870.0,450.0,1
Jaipur,41.0,42900.0,620.0,90.0,0
Kolkata,32.0,99000.0,970.0,450.0,2
Bengaluru,33.0,24800.0,450.0,130.0,0
Bhopal,20.0,42500.0,850.0,300.0,2
Jaipur,20.0,92500.0,510.0,130.0,2
Nagpur,33.0,78900.0,700.0,90.0,2
Delhi,38.0,24100.0,250.0,130.0,0
Ahmedabad,30.0,52300.0,470.0,450.0,1
Kolkata,22.0,6600.0,550.0,130.0,0
Ahmedabad,47.0,41900.0,250.0,130.0,0
Delhi,21.0,15400.0,420.0,90.0,0
Chandigarh,18.0,7700.0,860.0,130.0,0
Mumbai,32.0,73200.0,230.0,130.0,0
Visakhapatnam,45.0,96800.0,420.0,130.0,2
Pune,25.0,72800.0,480.0,130.0,2
Indore,23.0,27100.0,480.0,700.0,1
Jaipur,18.0,8300.0,920.0,300.0,0
Delhi,29.0,34700.0,810.0,300.0,0
Ahmedabad,46.0,68700.0,1000.0,300.0,2
Pune,18.0,9600.0,210.0,90.0,0
Ahmedabad,36.0,113000.0,450.0,300.0,2
Hyderabad,26.0,63800.0,840.0,300.0,2
Bhubaneswar,36.0,39100.0,1130.0,450.0,2
Delhi,35.0,99200.0,990.0,450.0,2
Lucknow,25.0,69500.0,780.0,130.0,2
Delhi,48.0,104300.0,620.0,130.0,2
Kochi,50.0,37700.0,340.0,130.0,0
Coimbatore,35.0,29300.0,330.0,300.0,0
Mumbai,35.0,85000.0,910.0,90.0,2
Bengaluru,31.0,54300.0,370.0,300.0,0
Jaipur,22.0,35900.0,500.0,300.0,0
Chennai,52.0,140000.0,1090.0,300.0,2
Surat,31.0,44600.0,890.0,90.0,2
Surat,29.0,71600.0,450.0,130.0,0
Surat,20.0,11300.0,570.0,130.0,0
Hyderabad,23.0,32700.0,390.0,700.0,1
Nagpur,27.0,36600.0,400.0,130.0,0
Hyderabad,34.0,108900.0,730.0,450.0,2
Bhopal,32.0,67200.0,350.0,130.0,0
Chandigarh,45.0,50000.0,1450.0,450.0,2
Bengaluru,18.0,37000.0,600.0,130.0,0
Delhi,31.0,44500.0,350.0,700.0,1
Bengaluru,34.0,58000.0,850.0,90.0,2
Chennai,32.0,52300.0,190.0,450.0,1
Mumbai,27.0,37800.0,380.0,130.0,0
Bhopal,35.0,48600.0,560.0,90.0,0
Delhi,35.0,95000.0,800.0,90.0,2
Bengaluru,34.0,42300.0,620.0,300.0,0
Mumbai,21.0,40100.0,180.0,450.0,1
Coimbatore,38.0,93000.0,440.0,300.0,2
Delhi,37.0,45800.0,440.0,130.0,0
Chennai,32.0,10100.0,830.0,450.0,1
Mumbai,37.0,9600.0,220.0,300.0,0
Chennai,18.0,33000.0,680.0,90.0,0
Kolkata,38.0,43800.0,300.0,700.0,1
Coimbatore,38.0,10600.0,660.0,300.0,0
Chandigarh,28.0,39200.0,1090.0,300.0,2
Ahmedabad,19.0,29600.0,360.0,300.0,0
Chennai,18.0,8100.0,460.0,700.0,1
Kochi,20.0,7600.0,340.0,300.0,0
Kolkata,20.0,18900.0,670.0,90.0,0
Lucknow,37.0,13100.0,290.0,300.0,0
Delhi,24.0,35200.0,240.0,450.0,1
Chandigarh,26.0,27500.0,440.0,450.0,1
Hyderabad,33.0,32800.0,150.0,130.0,0
Pune,31.0,11300.0,350.0,300.0,0
Bhopal,35.0,11200.0,270.0,450.0,1
Hyderabad,25.0,34700.0,900.0,700.0,1
Delhi,18.0,89400.0,430.0,450.0,1
Mumbai,27.0,7400.0,220.0,450.0,1
Chandigarh,18.0,46800.0,370.0,300.0,0
Chandigarh,46.0,12200.0,320.0,300.0,0
Delhi,41.0,47200.0,640.0,90.0,0
Lucknow,23.0,10800.0,410.0,300.0,0
Chennai,24.0,58500.0,440.0,90.0,0
Surat,30.0,33000.0,430.0,300.0,0
Chennai,34.0,79000.0,280.0,130.0,0
Bhopal,28.0,9900.0,340.0,700.0,1
Ahmedabad,18.0,72700.0,600.0,300.0,2
Hyderabad,28.0,66800.0,690.0,300.0,2
Delhi,36.0,45100.0,430.0,130.0,0
Lucknow,30.0,52300.0,330.0,90.0,0
Chandigarh,22.0,60200.0,550.0,450.0,1
Bhubaneswar,44.0,47700.0,460.0,90.0,0
Delhi,43.0,117600.0,840.0,130.0,2
Nagpur,28.0,9500.0,180.0,300.0,0
Kochi,42.0,14100.0,220.0,450.0,1
Chennai,32.0,8600.0,860.0,450.0,1
Mumbai,18.0,7700.0,580.0,300.0,0
Kolkata,18.0,7700.0,350.0,130.0,0
Hyderabad,25.0,35300.0,520.0,90.0,0
Coimbatore,28.0,42700.0,620.0,450.0,1
Coimbatore,31.0,73200.0,210.0,90.0,0
Lucknow,31.0,68200.0,460.0,90.0,0
Pune,31.0,68100.0,990.0,300.0,2
Visakhapatnam,18.0,77400.0,1240.0,130.0,2
Surat,25.0,49900.0,870.0,300.0,2
Bengaluru,22.0,25600.0,280.0,700.0,1
Delhi,21.0,76900.0,650.0,300.0,2
Delhi,28.0,48300.0,570.0,130.0,0
Coimbatore,40.0,77000.0,160.0,90.0,0
Bengaluru,34.0,62900.0,310.0,130.0,0
Chennai,41.0,53400.0,830.0,130.0,2
Bengaluru,31.0,25200.0,330.0,300.0,0
Jaipur,20.0,85300.0,950.0,450.0,2
Jaipur,40.0,60900.0,820.0,90.0,2
Nagpur,25.0,11500.0,700.0,130.0,0
Mumbai,18.0,7800.0,400.0,300.0,0
Bhopal,25.0,34300.0,790.0,300.0,0
Mumbai,34.0,47600.0,330.0,450.0,1
Hyderabad,24.0,50100.0,490.0,700.0,1
Kolkata,43.0,61600.0,1010.0,130.0,2
Chandigarh,18.0,62400.0,320.0,700.0,1
Coimbatore,46.0,103600.0,560.0,300.0,2
Lucknow,52.0,57100.0,590.0,90.0,0
Mumbai,35.0,79200.0,800.0,90.0,2
Kochi,24.0,58300.0,710.0,300.0,2
Kolkata,20.0,90400.0,810.0,90.0,2
Pune,23.0,8700.0,250.0,130.0,0
Kolkata,22.0,29000.0,330.0,300.0,0
Bengaluru,23.0,85000.0,380.0,130.0,2
Jaipur,29.0,28700.0,250.0,130.0,0
Bhubaneswar,30.0,90300.0,390.0,130.0,2
Nagpur,25.0,7700.0,710.0,450.0,1
Ahmedabad,37.0,67300.0,180.0,300.0,0
Bengaluru,28.0,45600.0,290.0,450.0,1
Delhi,30.0,32300.0,740.0,130.0,0
Coimbatore,18.0,6600.0,790.0,90.0,0
Kolkata,38.0,20300.0,460.0,90.0,0
Patna,35.0,11900.0,600.0,90.0,0
Kolkata,18.0,28200.0,180.0,450.0,1
Indore,33.0,60200.0,760.0,130.0,2
Ahmedabad,32.0,29200.0,300.0,300.0,0
Delhi,24.0,56400.0,360.0,700.0,1
Mumbai,18.0,110000.0,920.0,450.0,2
Mumbai,18.0,85500.0,1150.0,90.0,2
Bengaluru,45.0,110100.0,690.0,90.0,2
Delhi,46.0,78900.0,1180.0,300.0,2
Indore,31.0,65400.0,650.0,450.0,1
Bengaluru,23.0,11400.0,200.0,130.0,0
Bhopal,30.0,46900.0,1280.0,700.0,1
Mumbai,30.0,69400.0,500.0,130.0,2
Pune,34.0,12700.0,100.0,450.0,1
Bhubaneswar,31.0,84600.0,1360.0,300.0,2
Indore,34.0,60300.0,480.0,450.0,1
Delhi,47.0,69000.0,1000.0,300.0,2
Delhi,23.0,11000.0,930.0,300.0,0
Chennai,28.0,40700.0,260.0,130.0,0
Ahmedabad,26.0,93000.0,900.0,90.0,2
Bengaluru,37.0,11100.0,790.0,130.0,0
Pune,33.0,84100.0,480.0,300.0,2
Pune,20.0,45700.0,200.0,300.0,0
Kochi,37.0,39000.0,1070.0,450.0,1
Kolkata,32.0,77400.0,750.0,700.0,1
Hyderabad,24.0,50100.0,160.0,700.0,1
Chennai,36.0,9500.0,770.0,130.0,0
Hyderabad,38.0,15100.0,120.0,450.0,1
Hyderabad,21.0,28300.0,950.0,130.0,0
Delhi,33.0,48800.0,220.0,300.0,0
Delhi,35.0,99100.0,900.0,130.0,2
Chennai,27.0,70900.0,830.0,300.0,2
Pune,31.0,78600.0,450.0,130.0,2
Ahmedabad,25.0,13400.0,220.0,700.0,1
Nagpur,28.0,50400.0,330.0,90.0,0
Lucknow,38.0,46400.0,400.0,130.0,0
Kochi,26.0,35000.0,510.0,300.0,0
Mumbai,35.0,28500.0,820.0,300.0,0
Hyderabad,24.0,37600.0,950.0,700.0,1
Ahmedabad,28.0,70600.0,680.0,130.0,2
Hyderabad,30.0,50900.0,500.0,300.0,0
Bhubaneswar,39.0,78700.0,950.0,90.0,2
Surat,18.0,10700.0,470.0,450.0,1
Chennai,32.0,72400.0,450.0,90.0,0
Chennai,18.0,69200.0,280.0,300.0,0
Indore,24.0,41400.0,340.0,300.0,0
Hyderabad,22.0,70600.0,450.0,300.0,2
Kolkata,25.0,29100.0,490.0,300.0,0
Lucknow,39.0,58300.0,1410.0,700.0,1
Pune,30.0,9400.0,600.0,450.0,1
Indore,38.0,11100.0,300.0,130.0,0
Kolkata,25.0,39300.0,530.0,300.0,0
Bhubaneswar,31.0,46100.0,960.0,90.0,2
Chennai,35.0,88900.0,920.0,300.0,2
Lucknow,41.0,15800.0,260.0,130.0,0
Mumbai,35.0,16600.0,180.0,300.0,0
Delhi,18.0,87900.0,1020.0,130.0,2
Mumbai,30.0,67200.0,680.0,130.0,2
Coimbatore,42.0,39800.0,300.0,130.0,0
Bengaluru,34.0,37300.0,270.0,450.0,1
Bengaluru,29.0,60500.0,690.0,300.0,2
Bhopal,18.0,39600.0,170.0,300.0,0
Chennai,29.0,60100.0,340.0,130.0,0
Mumbai,18.0,87200.0,240.0,90.0,0
Pune,18.0,53500.0,870.0,130.0,2
Indore,22.0,63900.0,340.0,130.0,0
Bengaluru,35.0,77100.0,290.0,450.0,1
Indore,29.0,74400.0,450.0,300.0,2
Bengaluru,29.0,31900.0,700.0,130.0,0
Mumbai,41.0,32200.0,390.0,300.0,0
Chennai,18.0,46900.0,380.0,300.0,0
Mumbai,23.0,13500.0,490.0,90.0,0
Delhi,54.0,115600.0,1200.0,130.0,2
Pune,23.0,40800.0,150.0,450.0,1
Patna,31.0,14200.0,370.0,450.0,1
Kolkata,40.0,41000.0,280.0,90.0,0
Chennai,36.0,99000.0,1100.0,450.0,2
Hyderabad,28.0,42500.0,600.0,130.0,0
Delhi,31.0,48600.0,560.0,130.0,0
Mumbai,18.0,62800.0,490.0,90.0,0
Ahmedabad,34.0,55000.0,190.0,450.0,1
Delhi,49.0,13900.0,370.0,130.0,0
Chennai,18.0,27500.0,380.0,90.0,0
Bengaluru,23.0,27500.0,590.0,130.0,0
Bengaluru,25.0,101100.0,820.0,130.0,2
Jaipur,38.0,45900.0,360.0,450.0,1
Delhi,27.0,50000.0,310.0,300.0,0
Delhi,20.0,56600.0,280.0,700.0,1
Chennai,38.0,52300.0,300.0,450.0,1
Ahmedabad,18.0,8200.0,110.0,300.0,0
Patna,18.0,59400.0,370.0,90.0,0
Kolkata,31.0,11800.0,190.0,300.0,0
Ahmedabad,36.0,13300.0,470.0,130.0,0
Delhi,30.0,73000.0,890.0,450.0,2
Mumbai,25.0,52100.0,840.0,300.0,2
Ahmedabad,25.0,25600.0,540.0,450.0,1
Mumbai,21.0,32000.0,320.0,700.0,1
Bengaluru,34.0,26500.0,300.0,300.0,0
Ahmedabad,29.0,63800.0,570.0,450.0,1
Lucknow,32.0,28200.0,300.0,300.0,0
Pune,33.0,6600.0,520.0,450.0,1
Bhopal,19.0,46800.0,750.0,300.0,2
Pune,31.0,45900.0,400.0,300.0,0
Chennai,23.0,41300.0,510.0,90.0,0
Mumbai,36.0,58700.0,500.0,700.0,1
Indore,33.0,11200.0,370.0,300.0,0
Jaipur,43.0,53000.0,260.0,130.0,0
Ahmedabad,25.0,86400.0,520.0,300.0,2
Bhubaneswar,25.0,57500.0,330.0,300.0,0
Hyderabad,59.0,65400.0,510.0,130.0,0
Jaipur,47.0,15900.0,470.0,90.0,0
Delhi,24.0,11800.0,240.0,130.0,0
Pune,35.0,7800.0,210.0,300.0,0
Mumbai,36.0,7800.0,230.0,450.0,1
Chennai,28.0,43000.0,190.0,300.0,0
Kochi,36.0,50500.0,860.0,300.0,2
Nagpur,35.0,50100.0,850.0,90.0,2
Chennai,36.0,39900.0,920.0,450.0,1
Jaipur,27.0,6600.0,260.0,300.0,0
Indore,18.0,27500.0,490.0,90.0,0
Chennai,46.0,47400.0,550.0,130.0,0
Indore,37.0,76800.0,570.0,130.0,2
Nagpur,21.0,80900.0,710.0,130.0,2
Mumbai,31.0,10900.0,170.0,130.0,0
Bengaluru,35.0,35000.0,440.0,130.0,0
Ahmedabad,19.0,54600.0,650.0,300.0,2
Kochi,37.0,60600.0,630.0,130.0,2
Delhi,31.0,35000.0,360.0,450.0,1
Bhopal,30.0,43400.0,400.0,700.0,1
Delhi,25.0,42200.0,700.0,130.0,0
Patna,22.0,7200.0,650.0,300.0,0
Ahmedabad,35.0,58500.0,500.0,90.0,0
Hyderabad,27.0,91300.0,330.0,130.0,2
Ahmedabad,36.0,101400.0,1230.0,450.0,2
Bengaluru,18.0,86600.0,580.0,300.0,2
Lucknow,18.0,27500.0,950.0,300.0,0
Delhi,18.0,116900.0,680.0,450.0,2
Kolkata,37.0,49900.0,430.0,300.0,0
Hyderabad,43.0,93500.0,720.0,450.0,2
Bengaluru,22.0,27500.0,490.0,90.0,0
Chennai,18.0,17800.0,480.0,700.0,1
Nagpur,51.0,51900.0,190.0,130.0,0
Chennai,33.0,48100.0,120.0,700.0,1
Bhubaneswar,29.0,54700.0,730.0,90.0,2
Bengaluru,28.0,27500.0,750.0,450.0,1
Ahmedabad,25.0,64200.0,490.0,130.0,0
Hyderabad,37.0,86800.0,990.0,300.0,2
Patna,30.0,48300.0,260.0,300.0,0
Kochi,45.0,55900.0,1170.0,300.0,2
Mumbai,36.0,85600.0,1580.0,300.0,2
Surat,21.0,66600.0,640.0,300.0,2
Delhi,27.0,12200.0,570.0,130.0,0
Chandigarh,19.0,32000.0,740.0,300.0,0
Coimbatore,22.0,37900.0,280.0,90.0,0
Mumbai,37.0,14000.0,250.0,90.0,0
Mumbai,38.0,63900.0,270.0,130.0,0
Jaipur,18.0,61500.0,220.0,130.0,0
Surat,41.0,27300.0,120.0,300.0,0
Pune,21.0,37300.0,440.0,300.0,0
Pune,20.0,80300.0,360.0,450.0,1
Delhi,29.0,12600.0,1100.0,700.0,1
Delhi,37.0,81500.0,390.0,300.0,2
Bhubaneswar,25.0,44600.0,800.0,130.0,0
Nagpur,26.0,36400.0,410.0,90.0,0
Kolkata,18.0,46800.0,360.0,700.0,1
Jaipur,28.0,46100.0,430.0,130.0,0
Kolkata,29.0,71000.0,830.0,450.0,2
Bhopal,32.0,52700.0,330.0,130.0,0
Indore,31.0,11800.0,590.0,300.0,0
Delhi,33.0,33300.0,360.0,300.0,0
Pune,30.0,34000.0,780.0,90.0,0
Kochi,33.0,48000.0,620.0,450.0,1
Ahmedabad,20.0,108700.0,770.0,130.0,2
Pune,30.0,58900.0,440.0,300.0,0
Ahmedabad,23.0,56300.0,540.0,700.0,1
Chandigarh,37.0,46100.0,380.0,90.0,0
Bhubaneswar,38.0,13400.0,140.0,130.0,0
Mumbai,30.0,55700.0,620.0,450.0,1
Surat,34.0,11200.0,210.0,130.0,0
Kochi,22.0,9200.0,370.0,300.0,0
Kolkata,18.0,12100.0,260.0,300.0,0
Mumbai,33.0,81700.0,970.0,300.0,2
Bhubaneswar,33.0,11500.0,310.0,700.0,1
Jaipur,30.0,55400.0,910.0,450.0,1
Chennai,19.0,8900.0,450.0,300.0,0
Mumbai,32.0,14000.0,700.0,90.0,0
Patna,55.0,100600.0,610.0,130.0,2
Ahmedabad,40.0,56700.0,640.0,450.0,1
Bengaluru,37.0,93300.0,1350.0,130.0,2
Patna,34.0,11200.0,240.0,300.0,0
Chandigarh,38.0,15400.0,690.0,300.0,0
Delhi,24.0,89600.0,330.0,450.0,1
Bengaluru,30.0,14500.0,290.0,130.0,0
Surat,20.0,36100.0,1370.0,130.0,2
Delhi,20.0,48800.0,640.0,300.0,0
Lucknow,23.0,58800.0,1040.0,450.0,2
Chennai,41.0,86300.0,500.0,700.0,1
Patna,35.0,42800.0,570.0,300.0,0
Bengaluru,37.0,11200.0,910.0,450.0,1
Chandigarh,18.0,44300.0,330.0,300.0,0
Bengaluru,34.0,21400.0,340.0,130.0,0
Indore,32.0,100400.0,1010.0,90.0,2
Bengaluru,26.0,68400.0,420.0,300.0,0
Kolkata,31.0,11300.0,770.0,450.0,1
Patna,24.0,44100.0,520.0,130.0,0
Ahmedabad,29.0,12500.0,420.0,300.0,0
Ahmedabad,27.0,24000.0,370.0,300.0,0
Pune,27.0,68000.0,960.0,300.0,2
Patna,34.0,79500.0,1060.0,700.0,1
Mumbai,37.0,45500.0,330.0,130.0,0
Mumbai,39.0,38800.0,220.0,130.0,0
Bhubaneswar,37.0,45600.0,150.0,90.0,0
Hyderabad,24.0,56100.0,500.0,450.0,1
Chennai,40.0,85700.0,590.0,130.0,2
Mumbai,37.0,10500.0,220.0,300.0,0
Mumbai,28.0,37700.0,460.0,300.0,0
Delhi,38.0,31300.0,250.0,300.0,0
Bengaluru,32.0,42300.0,440.0,450.0,1
Pune,28.0,55100.0,600.0,300.0,0
Bhopal,28.0,63600.0,510.0,300.0,2
Delhi,46.0,44400.0,400.0,90.0,0
Jaipur,26.0,9200.0,450.0,130.0,0
Jaipur,36.0,46900.0,440.0,130.0,0
Hyderabad,46.0,64700.0,890.0,300.0,2
Mumbai,35.0,76900.0,1160.0,300.0,2
Delhi,29.0,33000.0,440.0,130.0,0
Pune,42.0,11400.0,310.0,300.0,0
Mumbai,22.0,8800.0,570.0,450.0,1
Bengaluru,34.0,67300.0,330.0,700.0,1
Delhi,44.0,56300.0,230.0,300.0,0
Lucknow,21.0,60000.0,240.0,130.0,0
Ahmedabad,36.0,96000.0,1720.0,130.0,2
Lucknow,21.0,33000.0,520.0,300.0,0
Mumbai,35.0,15600.0,360.0,90.0,0
Ahmedabad,29.0,20100.0,440.0,90.0,0
Delhi,18.0,36100.0,530.0,90.0,0
Delhi,20.0,51500.0,1030.0,130.0,2
Hyderabad,25.0,34200.0,410.0,90.0,0
Bengaluru,35.0,86600.0,520.0,700.0,1
Pune,18.0,53300.0,660.0,130.0,0
Kolkata,29.0,47700.0,250.0,300.0,0
Mumbai,18.0,57100.0,390.0,300.0,0
Pune,19.0,77800.0,430.0,130.0,2
Pune,48.0,133500.0,480.0,90.0,2
Pune,34.0,7600.0,180.0,300.0,0
Chennai,31.0,45300.0,580.0,300.0,0
Bengaluru,37.0,90700.0,1250.0,90.0,2
Visakhapatnam,18.0,7600.0,520.0,130.0,0
Ahmedabad,21.0,40700.0,740.0,130.0,0
Pune,23.0,58500.0,1030.0,700.0,1
Bengaluru,32.0,56000.0,590.0,300.0,0
Hyderabad,41.0,55300.0,540.0,450.0,1
Delhi,30.0,57200.0,720.0,130.0,2
Hyderabad,18.0,14300.0,270.0,700.0,1
Delhi,35.0,11500.0,310.0,90.0,0
Mumbai,19.0,7200.0,150.0,450.0,1
Coimbatore,24.0,79600.0,690.0,700.0,1
Delhi,38.0,9300.0,270.0,130.0,0
Mumbai,28.0,8500.0,530.0,300.0,0
Mumbai,37.0,13500.0,330.0,130.0,0
Bhubaneswar,40.0,42300.0,230.0,90.0,0
Delhi,28.0,72300.0,810.0,300.0,2
Nagpur,27.0,60700.0,300.0,450.0,1
Chennai,31.0,68000.0,980.0,700.0,1
Chennai,32.0,84900.0,1740.0,130.0,2
Coimbatore,18.0,53400.0,310.0,130.0,0
Pune,30.0,52300.0,170.0,450.0,1
Hyderabad,32.0,53100.0,810.0,300.0,2
Coimbatore,35.0,11500.0,1270.0,300.0,2
Hyderabad,27.0,61500.0,680.0,450.0,1
Mumbai,39.0,46700.0,360.0,130.0,0
Kolkata,40.0,10700.0,240.0,130.0,0
Bhubaneswar,35.0,10500.0,360.0,90.0,0
Ahmedabad,18.0,68700.0,180.0,700.0,1
Coimbatore,34.0,88800.0,420.0,300.0,2
Mumbai,21.0,78800.0,830.0,300.0,2
Jaipur,20.0,76000.0,280.0,450.0,1
Chennai,21.0,78100.0,1190.0,700.0,1
Coimbatore,29.0,80300.0,1150.0,130.0,2
Kochi,23.0,35400.0,360.0,90.0,0
Bhopal,26.0,74900.0,450.0,300.0,2
Chandigarh,28.0,44600.0,870.0,130.0,2
Mumbai,30.0,71400.0,640.0,90.0,2
Lucknow,37.0,45500.0,450.0,450.0,1
Pune,23.0,52500.0,480.0,130.0,0
Hyderabad,34.0,60300.0,150.0,130.0,0
Bhubaneswar,32.0,10500.0,200.0,130.0,0
Mumbai,47.0,55200.0,550.0,450.0,1
Delhi,49.0,43600.0,590.0,300.0,0
Kochi,29.0,53100.0,620.0,90.0,0
Mumbai,29.0,57000.0,170.0,130.0,0
Pune,23.0,12800.0,580.0,130.0,0
Kochi,33.0,42100.0,780.0,450.0,1
Indore,18.0,53200.0,300.0,300.0,0
Ahmedabad,31.0,42900.0,430.0,90.0,0
Delhi,48.0,15300.0,300.0,450.0,1
Ahmedabad,29.0,64000.0,970.0,450.0,2
Hyderabad,37.0,59400.0,470.0,90.0,0
Bengaluru,42.0,118300.0,760.0,130.0,2
Pune,32.0,45300.0,360.0,130.0,0
Chennai,26.0,58900.0,270.0,300.0,0
Bengaluru,33.0,36700.0,540.0,450.0,1
Surat,20.0,41400.0,1320.0,130.0,2
Bengaluru,36.0,40900.0,450.0,700.0,1
Lucknow,32.0,57700.0,600.0,90.0,0
Jaipur,28.0,60100.0,590.0,90.0,0
Indore,40.0,61500.0,410.0,130.0,0
Ahmedabad,23.0,60300.0,790.0,130.0,2
Ahmedabad,18.0,27500.0,290.0,700.0,1
Bhopal,18.0,75600.0,570.0,90.0,2
Surat,18.0,83300.0,360.0,130.0,2
Nagpur,27.0,53200.0,640.0,130.0,0
Ahmedabad,33.0,12100.0,230.0,300.0,0
Hyderabad,39.0,43600.0,450.0,300.0,0
Bhopal,23.0,69400.0,390.0,300.0,0
Hyderabad,25.0,31600.0,210.0,700.0,1
Ahmedabad,18.0,42500.0,210.0,130.0,0
Chennai,42.0,36600.0,260.0,130.0,0
Kolkata,26.0,64500.0,510.0,300.0,2
Chennai,32.0,47800.0,160.0,90.0,0
Ahmedabad,22.0,58100.0,390.0,130.0,0
Chennai,35.0,75800.0,800.0,450.0,2
Chennai,32.0,44900.0,590.0,300.0,0
Hyderabad,37.0,13100.0,150.0,90.0,0
Chennai,28.0,11700.0,360.0,700.0,1
Bhopal,23.0,67400.0,1060.0,130.0,2
Bengaluru,41.0,53400.0,1100.0,300.0,2
Hyderabad,36.0,26400.0,380.0,300.0,0
Surat,31.0,12800.0,150.0,300.0,0
Delhi,25.0,58000.0,550.0,300.0,0
Pune,20.0,55300.0,970.0,300.0,2
Delhi,18.0,76300.0,640.0,130.0,2
Bengaluru,42.0,59600.0,960.0,450.0,2
Mumbai,50.0,82700.0,640.0,300.0,2
Kochi,29.0,78300.0,740.0,450.0,2
Delhi,28.0,40500.0,480.0,130.0,0
Kolkata,33.0,30000.0,150.0,700.0,1
Patna,42.0,56300.0,1200.0,300.0,2
Bengaluru,30.0,11300.0,280.0,450.0,1
Pune,36.0,86500.0,1310.0,130.0,2
Ahmedabad,37.0,51700.0,1290.0,300.0,2
Delhi,40.0,69000.0,650.0,300.0,2
Pune,32.0,35100.0,140.0,130.0,0
Bhopal,28.0,76900.0,1080.0,130.0,2
Visakhapatnam,39.0,75200.0,700.0,130.0,2
Nagpur,28.0,11600.0,350.0,450.0,1
Kolkata,30.0,43400.0,1170.0,300.0,2
Bengaluru,27.0,40500.0,420.0,90.0,0
Pune,25.0,88500.0,650.0,450.0,2
Bengaluru,21.0,52300.0,800.0,300.0,2
Chandigarh,26.0,44400.0,1140.0,90.0,2
Mumbai,35.0,71400.0,300.0,450.0,1
Ahmedabad,24.0,89800.0,660.0,450.0,2
Bhubaneswar,34.0,63700.0,960.0,130.0,2
Bengaluru,20.0,68500.0,180.0,450.0,1
Ahmedabad,36.0,48900.0,960.0,130.0,2
Kolkata,22.0,24800.0,220.0,90.0,0
Kolkata,26.0,86900.0,580.0,130.0,2
Kochi,30.0,46200.0,510.0,130.0,0
Bhopal,32.0,13200.0,300.0,300.0,0
Coimbatore,30.0,33600.0,290.0,90.0,0
Mumbai,26.0,52300.0,510.0,300.0,0
Lucknow,26.0,29900.0,320.0,300.0,0
Delhi,22.0,50800.0,690.0,300.0,2
Surat,20.0,39600.0,260.0,130.0,0
Lucknow,27.0,27500.0,190.0,130.0,0
Pune,34.0,70400.0,540.0,130.0,2
Ahmedabad,27.0,59100.0,180.0,130.0,0
Bhopal,31.0,38900.0,170.0,130.0,0
Hyderabad,21.0,53700.0,540.0,450.0,1
Bhopal,27.0,63800.0,490.0,130.0,0
Indore,34.0,41800.0,670.0,300.0,0
Kolkata,37.0,11100.0,160.0,300.0,0
Coimbatore,48.0,60400.0,650.0,300.0,2
Kolkata,44.0,9000.0,470.0,90.0,0
Bhubaneswar,37.0,61700.0,260.0,450.0,1
Lucknow,33.0,110000.0,520.0,300.0,2
Delhi,32.0,13900.0,550.0,130.0,0
Jaipur,59.0,36200.0,400.0,700.0,1
Mumbai,34.0,46700.0,470.0,450.0,1
Bengaluru,34.0,77100.0,240.0,450.0,1
Mumbai,22.0,72500.0,610.0,130.0,2
Pune,19.0,85000.0,1180.0,90.0,2
Pune,32.0,87800.0,630.0,300.0,2
Chennai,46.0,55400.0,560.0,450.0,1
Pune,37.0,76300.0,650.0,90.0,2
Kolkata,43.0,49000.0,550.0,300.0,0
Kolkata,27.0,29000.0,440.0,450.0,1
Hyderabad,27.0,90600.0,760.0,300.0,2
Mumbai,39.0,69100.0,210.0,130.0,0
Patna,18.0,37300.0,530.0,700.0,1
Chandigarh,32.0,93100.0,1480.0,130.0,2
Chennai,18.0,54900.0,490.0,90.0,0
Pune,20.0,78300.0,540.0,300.0,2
Delhi,44.0,109800.0,550.0,130.0,2
Mumbai,25.0,33700.0,880.0,450.0,1
Mumbai,31.0,19000.0,760.0,130.0,0
Visakhapatnam,25.0,37000.0,330.0,700.0,1
Delhi,27.0,8200.0,190.0,300.0,0
Delhi,29.0,86300.0,760.0,450.0,2
Jaipur,32.0,79200.0,930.0,300.0,2
Mumbai,18.0,45200.0,830.0,300.0,2
Jaipur,27.0,6600.0,450.0,130.0,0
Bhopal,26.0,9900.0,240.0,130.0,0
Mumbai,35.0,30500.0,260.0,90.0,0
Visakhapatnam,41.0,57200.0,1380.0,300.0,2
Pune,36.0,60000.0,160.0,130.0,0
Chennai,26.0,9600.0,220.0,300.0,0
Bengaluru,18.0,64900.0,970.0,130.0,2
Ahmedabad,27.0,28200.0,840.0,130.0,0
Chennai,23.0,27500.0,390.0,90.0,0
Kolkata,23.0,10900.0,450.0,130.0,0
Mumbai,39.0,11000.0,400.0,130.0,0
Jaipur,37.0,47800.0,960.0,300.0,2
Kochi,18.0,11200.0,300.0,300.0,0
Hyderabad,31.0,37100.0,290.0,90.0,0
Ahmedabad,18.0,9300.0,760.0,130.0,0
Patna,33.0,93200.0,340.0,300.0,2
Bengaluru,27.0,65000.0,770.0,130.0,2
Indore,18.0,33900.0,470.0,90.0,0
Coimbatore,19.0,31600.0,710.0,450.0,1
Coimbatore,25.0,41400.0,350.0,90.0,0
Visakhapatnam,28.0,26200.0,210.0,90.0,0
Delhi,42.0,10200.0,550.0,130.0,0
Chandigarh,40.0,55600.0,270.0,450.0,1
Coimbatore,45.0,105200.0,780.0,450.0,2
Kochi,37.0,82200.0,1090.0,450.0,2
Chennai,45.0,15200.0,360.0,300.0,0
Lucknow,19.0,46800.0,620.0,130.0,0
Hyderabad,40.0,74900.0,350.0,130.0,0
Hyderabad,27.0,10200.0,390.0,300.0,0
Hyderabad,29.0,7700.0,340.0,300.0,0
Delhi,37.0,27000.0,790.0,300.0,0
Bengaluru,19.0,8400.0,920.0,130.0,0
Mumbai,30.0,74600.0,650.0,130.0,2
Lucknow,37.0,46700.0,530.0,300.0,0
Delhi,21.0,55100.0,450.0,130.0,0
Kolkata,27.0,9400.0,730.0,130.0,0
Kolkata,27.0,30600.0,420.0,130.0,0
Ahmedabad,32.0,33000.0,320.0,130.0,0
Mumbai,18.0,22000.0,710.0,700.0,1
Chennai,35.0,31200.0,310.0,130.0,0
Lucknow,21.0,59100.0,660.0,450.0,1
Visakhapatnam,33.0,56900.0,800.0,90.0,2
Bhopal,23.0,33400.0,490.0,450.0,1
Mumbai,39.0,49400.0,220.0,90.0,0
Coimbatore,27.0,35600.0,130.0,300.0,0
Ahmedabad,44.0,64300.0,150.0,300.0,0
Visakhapatnam,20.0,10400.0,590.0,450.0,1
Chennai,31.0,11400.0,220.0,300.0,0
Bengaluru,63.0,30500.0,700.0,90.0,0
Visakhapatnam,18.0,103500.0,880.0,300.0,2
Bhubaneswar,52.0,63500.0,670.0,130.0,2
Kolkata,32.0,88500.0,990.0,90.0,2
Chennai,21.0,15400.0,670.0,130.0,0
Mumbai,18.0,27900.0,770.0,130.0,0
Kolkata,39.0,16900.0,350.0,450.0,1
Kochi,31.0,79400.0,540.0,130.0,2
Ahmedabad,27.0,42000.0,810.0,130.0,0
Hyderabad,29.0,41500.0,1350.0,130.0,2
Kochi,21.0,58100.0,730.0,300.0,2
Bhubaneswar,31.0,67000.0,640.0,130.0,2
Visakhapatnam,32.0,103700.0,590.0,450.0,2
Chandigarh,35.0,37100.0,460.0,450.0,1
Mumbai,32.0,37500.0,410.0,90.0,0
Pune,27.0,120100.0,580.0,450.0,2
Ahmedabad,27.0,103500.0,640.0,450.0,2
Bengaluru,29.0,38200.0,560.0,450.0,1
Delhi,23.0,32100.0,230.0,450.0,1
Ahmedabad,26.0,12300.0,780.0,130.0,0
Bhubaneswar,39.0,11500.0,260.0,450.0,1
Chennai,31.0,70900.0,260.0,130.0,0
Bengaluru,46.0,46100.0,460.0,90.0,0
Delhi,27.0,46400.0,300.0,450.0,1
Delhi,26.0,87400.0,390.0,130.0,2
Jaipur,22.0,50700.0,690.0,300.0,2
Chandigarh,28.0,20400.0,130.0,300.0,0
Kochi,27.0,68200.0,1490.0,450.0,2
Bengaluru,29.0,52200.0,600.0,130.0,0
Chennai,30.0,10800.0,520.0,130.0,0
Coimbatore,33.0,10700.0,440.0,130.0,0
Mumbai,23.0,8800.0,220.0,130.0,0
Hyderabad,22.0,34100.0,400.0,700.0,1
Chennai,18.0,74000.0,550.0,90.0,2
Hyderabad,24.0,77100.0,1000.0,90.0,2
Jaipur,29.0,37100.0,490.0,90.0,0
Ahmedabad,32.0,64900.0,490.0,90.0,0
Pune,39.0,63500.0,580.0,700.0,1
Bengaluru,35.0,60500.0,750.0,90.0,2
Bengaluru,34.0,70700.0,700.0,300.0,2
Patna,33.0,68400.0,370.0,700.0,1
Lucknow,23.0,8200.0,360.0,130.0,0
Chandigarh,21.0,42000.0,460.0,130.0,0
Mumbai,29.0,59900.0,920.0,130.0,2
Visakhapatnam,24.0,60100.0,500.0,300.0,0
Chandigarh,39.0,89200.0,610.0,300.0,2
Coimbatore,35.0,97500.0,450.0,90.0,2
Delhi,31.0,24000.0,190.0,130.0,0
Kochi,26.0,24800.0,770.0,700.0,1
Bengaluru,40.0,44400.0,840.0,130.0,2
Chandigarh,22.0,66500.0,990.0,90.0,2
Pune,33.0,106900.0,1480.0,450.0,2
Bengaluru,26.0,37000.0,410.0,700.0,1
Delhi,29.0,8000.0,490.0,450.0,1
Delhi,18.0,75800.0,720.0,130.0,2
Bengaluru,25.0,27500.0,610.0,300.0,0
Delhi,19.0,6800.0,320.0,90.0,0
Indore,37.0,11300.0,250.0,90.0,0
Chandigarh,26.0,30500.0,420.0,300.0,0
Patna,42.0,40000.0,400.0,130.0,0
Nagpur,28.0,96500.0,1060.0,90.0,2
Nagpur,40.0,63200.0,530.0,300.0,2
Delhi,34.0,63000.0,1100.0,300.0,2
Patna,38.0,60500.0,420.0,300.0,0
Delhi,24.0,72700.0,500.0,130.0,2
Surat,27.0,7000.0,220.0,130.0,0
Indore,33.0,31400.0,580.0,450.0,1
Hyderabad,32.0,49600.0,390.0,130.0,0
Kochi,21.0,89700.0,380.0,130.0,2
Jaipur,32.0,37200.0,290.0,130.0,0
Delhi,37.0,13200.0,540.0,300.0,0
Ahmedabad,28.0,59000.0,420.0,700.0,1
Mumbai,40.0,16500.0,210.0,300.0,0
Kochi,26.0,77200.0,350.0,700.0,1
Kolkata,36.0,89500.0,740.0,90.0,2
Bengaluru,28.0,28000.0,270.0,300.0,0
Kolkata,23.0,66700.0,990.0,300.0,2
Delhi,18.0,53000.0,310.0,130.0,0
Hyderabad,18.0,38500.0,290.0,130.0,0
Kolkata,26.0,31700.0,390.0,130.0,0
Delhi,30.0,43400.0,470.0,300.0,0
Delhi,24.0,24800.0,450.0,90.0,0
Delhi,19.0,11900.0,810.0,300.0,0
Coimbatore,22.0,75600.0,1200.0,300.0,2
Hyderabad,23.0,44900.0,1000.0,450.0,1
Nagpur,18.0,41400.0,720.0,90.0,0
Indore,36.0,73400.0,600.0,300.0,2
Mumbai,18.0,10600.0,320.0,90.0,0
Bengaluru,35.0,72100.0,260.0,300.0,0
Chennai,18.0,52300.0,490.0,130.0,0
Delhi,18.0,24800.0,710.0,130.0,0
Patna,43.0,49600.0,830.0,700.0,1
Bengaluru,31.0,39500.0,270.0,300.0,0
Patna,26.0,27300.0,550.0,450.0,1
Kolkata,29.0,103900.0,880.0,300.0,2
Chennai,25.0,83500.0,1620.0,300.0,2
Delhi,24.0,7300.0,570.0,300.0,0
Coimbatore,31.0,76400.0,800.0,90.0,2
Chandigarh,18.0,69800.0,500.0,700.0,1
Chandigarh,37.0,37600.0,740.0,300.0,0
Patna,35.0,75900.0,200.0,130.0,0
Mumbai,50.0,83200.0,900.0,300.0,2
Ahmedabad,22.0,57500.0,320.0,130.0,0
Chennai,44.0,12300.0,670.0,90.0,0
Visakhapatnam,35.0,10000.0,680.0,700.0,1
Mumbai,30.0,63300.0,440.0,130.0,0
Bhopal,34.0,97200.0,190.0,130.0,2
Delhi,24.0,46800.0,500.0,300.0,0
Lucknow,24.0,6600.0,360.0,700.0,1
Mumbai,45.0,40200.0,220.0,90.0,0
Bhopal,24.0,39800.0,220.0,130.0,0
Visakhapatnam,40.0,15200.0,450.0,300.0,0
Hyderabad,35.0,71300.0,680.0,90.0,2
Jaipur,31.0,48000.0,750.0,450.0,1
Chennai,42.0,11000.0,220.0,300.0,0
Bengaluru,22.0,27500.0,430.0,300.0,0
Mumbai,38.0,13700.0,480.0,130.0,0
Coimbatore,32.0,15900.0,430.0,130.0,0
Kolkata,36.0,65100.0,510.0,130.0,0
Chandigarh,44.0,98200.0,1150.0,90.0,2
Bengaluru,38.0,9500.0,130.0,450.0,1
Mumbai,32.0,36600.0,360.0,130.0,0
Kochi,40.0,10400.0,570.0,130.0,0
Ahmedabad,39.0,42400.0,670.0,700.0,1
Bengaluru,50.0,102900.0,1030.0,130.0,2
Patna,36.0,10100.0,590.0,450.0,1
Lucknow,44.0,56800.0,760.0,130.0,2
Hyderabad,47.0,93300.0,690.0,130.0,2
Kolkata,28.0,7800.0,300.0,90.0,0
Coimbatore,28.0,68800.0,120.0,450.0,1
Patna,31.0,31700.0,550.0,90.0,0
Bengaluru,24.0,97100.0,1050.0,450.0,2
Ahmedabad,41.0,112200.0,970.0,130.0,2
Lucknow,34.0,93800.0,700.0,130.0,2
Mumbai,18.0,10100.0,200.0,90.0,0
Pune,26.0,64400.0,600.0,300.0,2
Pune,36.0,40700.0,750.0,90.0,0
Mumbai,25.0,48200.0,420.0,130.0,0
Delhi,32.0,30000.0,820.0,300.0,0
Chennai,44.0,25400.0,450.0,90.0,0
Mumbai,35.0,60700.0,560.0,130.0,0
Ahmedabad,33.0,58900.0,1020.0,450.0,2
Chennai,23.0,40500.0,920.0,450.0,1
Lucknow,42.0,111800.0,620.0,300.0,2
Chennai,23.0,11200.0,330.0,450.0,1
Mumbai,18.0,59600.0,590.0,130.0,0
Chennai,43.0,12400.0,400.0,130.0,0
Chandigarh,38.0,9800.0,390.0,130.0,0
Mumbai,26.0,49700.0,310.0,130.0,0
Jaipur,38.0,58500.0,580.0,450.0,1
Chennai,29.0,45500.0,810.0,130.0,2
Delhi,39.0,52300.0,970.0,300.0,2
Delhi,44.0,60600.0,610.0,90.0,0
Hyderabad,38.0,10200.0,560.0,130.0,0
Kochi,41.0,88300.0,1470.0,130.0,2
Bengaluru,43.0,93900.0,600.0,450.0,2
Chennai,25.0,52600.0,540.0,450.0,1
Pune,22.0,38900.0,530.0,450.0,1
Mumbai,31.0,57600.0,970.0,300.0,2
Nagpur,22.0,41800.0,980.0,130.0,2
Bhubaneswar,35.0,10900.0,260.0,300.0,0
Bengaluru,29.0,38500.0,410.0,700.0,1
Hyderabad,18.0,48900.0,380.0,130.0,0
Pune,36.0,125000.0,1260.0,90.0,2
Bhubaneswar,33.0,10400.0,260.0,300.0,0
Kolkata,22.0,46800.0,610.0,130.0,0
Surat,22.0,81000.0,570.0,450.0,1
Hyderabad,39.0,103500.0,1160.0,450.0,2
Lucknow,36.0,13700.0,550.0,300.0,0
Mumbai,42.0,91800.0,1250.0,90.0,2
Lucknow,36.0,81700.0,960.0,450.0,2
Pune,44.0,50600.0,280.0,300.0,0
Mumbai,27.0,9800.0,480.0,300.0,0
Delhi,24.0,31400.0,270.0,90.0,0
Delhi,18.0,72300.0,840.0,300.0,2
Chennai,30.0,89800.0,740.0,300.0,2
Kolkata,23.0,67100.0,890.0,300.0,2
Hyderabad,21.0,28100.0,520.0,450.0,1
Visakhapatnam,35.0,8700.0,430.0,300.0,0
Pune,45.0,69100.0,660.0,700.0,1
Mumbai,27.0,71300.0,960.0,130.0,2
Chennai,28.0,49400.0,420.0,300.0,0
Pune,23.0,8200.0,490.0,700.0,1
Lucknow,24.0,23200.0,1200.0,300.0,2
Chandigarh,19.0,54100.0,240.0,130.0,0
Delhi,21.0,30000.0,950.0,300.0,2
Kolkata,44.0,13300.0,300.0,700.0,1
Delhi,28.0,60000.0,180.0,450.0,1
Bengaluru,28.0,8600.0,140.0,450.0,1
Chennai,38.0,93900.0,550.0,130.0,2
Ahmedabad,36.0,10800.0,610.0,130.0,0
Bhopal,29.0,70000.0,640.0,90.0,2
Kochi,41.0,71000.0,530.0,700.0,1
Delhi,24.0,29400.0,670.0,130.0,0
Jaipur,30.0,94800.0,1020.0,90.0,2
Chandigarh,30.0,71800.0,770.0,90.0,2
Ahmedabad,24.0,67000.0,410.0,90.0,0
Indore,47.0,100600.0,980.0,130.0,2
Mumbai,49.0,125300.0,1440.0,450.0,2
Hyderabad,33.0,11400.0,320.0,450.0,1
Mumbai,40.0,13300.0,190.0,130.0,0
Hyderabad,44.0,58700.0,670.0,90.0,2
Kolkata,46.0,116100.0,1190.0,130.0,2
Surat,42.0,103300.0,220.0,300.0,2
Hyderabad,31.0,71800.0,740.0,130.0,2
Bengaluru,30.0,42800.0,620.0,700.0,1
Indore,21.0,39800.0,800.0,700.0,1
Kolkata,18.0,46800.0,270.0,450.0,1
Indore,32.0,33600.0,720.0,450.0,1
Bengaluru,19.0,36900.0,240.0,90.0,0
Patna,32.0,11900.0,240.0,450.0,1
Kolkata,50.0,39300.0,180.0,700.0,1
Ahmedabad,33.0,34900.0,730.0,130.0,0
Mumbai,26.0,13800.0,100.0,90.0,0
Patna,35.0,70900.0,720.0,130.0,2
Kochi,42.0,86600.0,760.0,450.0,2
Hyderabad,55.0,48000.0,510.0,90.0,0
Lucknow,29.0,72700.0,390.0,450.0,1
Mumbai,18.0,37600.0,990.0,130.0,2
Kochi,27.0,52800.0,750.0,300.0,2
Bhopal,34.0,59400.0,710.0,450.0,1
Kochi,23.0,35500.0,300.0,450.0,1
Hyderabad,30.0,12700.0,890.0,90.0,0
Delhi,28.0,36200.0,220.0,90.0,0
Bhubaneswar,30.0,50500.0,260.0,300.0,0
Kochi,36.0,83400.0,180.0,130.0,0
Chandigarh,30.0,11800.0,480.0,700.0,1
Pune,42.0,10900.0,640.0,130.0,0
Mumbai,38.0,61500.0,1420.0,450.0,2
Nagpur,37.0,26000.0,350.0,130.0,0
Pune,21.0,43900.0,640.0,130.0,0
Jaipur,18.0,60100.0,580.0,300.0,2
Mumbai,24.0,64000.0,1010.0,130.0,2
Chandigarh,18.0,41800.0,230.0,130.0,0
Bengaluru,35.0,79900.0,410.0,90.0,2
Pune,47.0,47700.0,260.0,130.0,0
Kolkata,47.0,38300.0,450.0,130.0,0
Nagpur,32.0,53800.0,430.0,450.0,1
Pune,40.0,34800.0,340.0,300.0,0
Pune,29.0,9200.0,310.0,300.0,0
Hyderabad,33.0,43700.0,370.0,90.0,0
Mumbai,42.0,100700.0,1400.0,450.0,2
Nagpur,18.0,38000.0,300.0,300.0,0
Patna,23.0,23000.0,370.0,90.0,0
Indore,22.0,76500.0,510.0,90.0,2
Lucknow,26.0,35900.0,1170.0,130.0,2
Hyderabad,20.0,38600.0,710.0,700.0,1
Ahmedabad,32.0,52000.0,330.0,300.0,0
Kochi,33.0,47500.0,400.0,130.0,0
Chennai,21.0,99900.0,890.0,90.0,2
Delhi,23.0,46100.0,420.0,450.0,1
Nagpur,37.0,50600.0,810.0,90.0,2
Coimbatore,31.0,72100.0,710.0,130.0,2
Jaipur,42.0,62400.0,660.0,450.0,1
Indore,32.0,46200.0,440.0,450.0,1
Chandigarh,27.0,71600.0,350.0,450.0,1
Delhi,26.0,53300.0,300.0,130.0,0
Bhubaneswar,18.0,76300.0,1270.0,130.0,2
Kolkata,19.0,14300.0,650.0,300.0,0
Mumbai,28.0,28000.0,520.0,130.0,0
Surat,49.0,75600.0,570.0,90.0,2
Chandigarh,18.0,11600.0,770.0,130.0,0
Ahmedabad,52.0,71900.0,530.0,300.0,2
Chennai,31.0,60900.0,260.0,450.0,1
Coimbatore,32.0,86100.0,780.0,130.0,2
Hyderabad,43.0,49500.0,270.0,130.0,0
Pune,29.0,35600.0,360.0,300.0,0
Delhi,18.0,45700.0,580.0,90.0,0
Delhi,27.0,98700.0,430.0,450.0,2
Pune,19.0,46200.0,1040.0,90.0,2
Ahmedabad,39.0,86600.0,730.0,130.0,2
Nagpur,47.0,133400.0,990.0,90.0,2
Hyderabad,33.0,85200.0,720.0,130.0,2
Jaipur,22.0,53800.0,1160.0,300.0,2
Coimbatore,33.0,11500.0,450.0,700.0,1
Delhi,39.0,39000.0,410.0,300.0,0
Surat,18.0,9700.0,320.0,130.0,0
Delhi,44.0,17200.0,200.0,130.0,0
Jaipur,38.0,12100.0,210.0,130.0,0
Hyderabad,26.0,89300.0,730.0,90.0,2
Mumbai,29.0,96100.0,970.0,90.0,2
Ahmedabad,36.0,103100.0,670.0,300.0,2
Surat,18.0,56200.0,1040.0,450.0,2
Delhi,18.0,71800.0,490.0,130.0,2
Hyderabad,29.0,12700.0,540.0,130.0,0
Bengaluru,32.0,57800.0,1080.0,300.0,2
Kolkata,21.0,51300.0,310.0,130.0,0
Kolkata,31.0,68000.0,740.0,450.0,1
Pune,18.0,35700.0,310.0,700.0,1
Mumbai,40.0,90900.0,710.0,450.0,2
Mumbai,33.0,27300.0,140.0,90.0,0
Indore,28.0,21700.0,530.0,450.0,1
Mumbai,29.0,73500.0,1520.0,700.0,2
Bengaluru,31.0,51300.0,450.0,130.0,0
Jaipur,18.0,47200.0,310.0,300.0,0
Chennai,18.0,51100.0,170.0,130.0,0
Kolkata,42.0,129800.0,900.0,90.0,2
Visakhapatnam,36.0,32600.0,410.0,450.0,1
Kochi,20.0,91200.0,1230.0,700.0,2
Coimbatore,18.0,10500.0,640.0,300.0,0
Hyderabad,29.0,61800.0,730.0,130.0,2
Lucknow,32.0,54100.0,490.0,700.0,1
Bengaluru,18.0,71400.0,740.0,300.0,2
Visakhapatnam,23.0,66000.0,910.0,450.0,2
Kolkata,18.0,30700.0,480.0,300.0,0
Kochi,28.0,46800.0,480.0,300.0,0
Delhi,31.0,35100.0,450.0,300.0,0
Lucknow,40.0,13100.0,340.0,700.0,1
Lucknow,27.0,95700.0,780.0,300.0,2
Coimbatore,30.0,32500.0,1000.0,90.0,2
Delhi,40.0,81200.0,610.0,300.0,2
Patna,37.0,118900.0,610.0,700.0,1
Bhubaneswar,34.0,91600.0,840.0,300.0,2
Kolkata,33.0,37300.0,240.0,450.0,1
Delhi,33.0,9400.0,380.0,130.0,0
Indore,32.0,11100.0,530.0,130.0,0
Lucknow,36.0,118600.0,500.0,90.0,2
Delhi,38.0,10000.0,180.0,300.0,0
Nagpur,35.0,59500.0,950.0,300.0,2
Lucknow,31.0,110400.0,540.0,300.0,2
Mumbai,39.0,37600.0,130.0,700.0,1
Chennai,26.0,74000.0,400.0,300.0,2
Delhi,32.0,67300.0,940.0,300.0,2
Pune,36.0,31400.0,150.0,130.0,0
Mumbai,24.0,105100.0,440.0,90.0,2
Bhopal,38.0,79000.0,470.0,300.0,2
Surat,24.0,10500.0,1190.0,700.0,1
Mumbai,28.0,67300.0,1040.0,130.0,2
Pune,23.0,11200.0,600.0,130.0,0
Pune,53.0,11100.0,500.0,700.0,1
Hyderabad,26.0,87000.0,1540.0,700.0,2
Pune,18.0,80900.0,550.0,130.0,2
Coimbatore,22.0,98100.0,840.0,90.0,2
Ahmedabad,32.0,13300.0,270.0,450.0,1
Pune,27.0,69500.0,530.0,130.0,2
Coimbatore,32.0,61900.0,530.0,130.0,0
Chandigarh,20.0,32500.0,250.0,90.0,0
Bengaluru,18.0,102300.0,270.0,300.0,2
Bengaluru,40.0,12400.0,290.0,450.0,1
Ahmedabad,33.0,11100.0,350.0,90.0,0
Ahmedabad,19.0,41700.0,590.0,90.0,0
Kochi,34.0,41200.0,620.0,300.0,0
Bengaluru,27.0,33000.0,350.0,300.0,0
Chennai,49.0,10400.0,500.0,300.0,0
Chandigarh,32.0,39800.0,380.0,90.0,0
Jaipur,18.0,33700.0,410.0,130.0,0
Kolkata,18.0,62500.0,540.0,700.0,1
Hyderabad,23.0,96300.0,650.0,130.0,2
Pune,29.0,51600.0,930.0,450.0,1
Jaipur,29.0,53000.0,970.0,450.0,2
Hyderabad,23.0,94000.0,500.0,90.0,2
Bhopal,25.0,57700.0,560.0,130.0,0
Indore,18.0,8200.0,450.0,90.0,0
Surat,25.0,70300.0,910.0,700.0,1
Bengaluru,32.0,12800.0,570.0,130.0,0
Chennai,24.0,40800.0,780.0,700.0,1
Visakhapatnam,44.0,13800.0,630.0,450.0,1
Pune,25.0,52300.0,180.0,130.0,0
Mumbai,32.0,101600.0,570.0,130.0,2
Coimbatore,31.0,38600.0,340.0,300.0,0
Pune,24.0,63000.0,510.0,450.0,1
Coimbatore,31.0,58300.0,610.0,300.0,2
Bengaluru,26.0,66100.0,700.0,130.0,2
Nagpur,29.0,13200.0,640.0,300.0,0
Nagpur,27.0,88500.0,590.0,130.0,2
Chennai,20.0,11300.0,180.0,300.0,0
Delhi,40.0,52700.0,1150.0,700.0,1
Pune,40.0,75400.0,510.0,700.0,1
Jaipur,26.0,9900.0,440.0,90.0,0
Ahmedabad,18.0,25200.0,270.0,130.0,0
Patna,29.0,33100.0,640.0,300.0,0
Bengaluru,37.0,39200.0,180.0,300.0,0
Mumbai,32.0,45000.0,440.0,300.0,0
Coimbatore,43.0,100800.0,910.0,300.0,2
Chandigarh,28.0,27500.0,420.0,300.0,0
Delhi,36.0,75000.0,900.0,300.0,2
Bengaluru,40.0,52400.0,380.0,450.0,1
Hyderabad,18.0,49500.0,320.0,300.0,0
Hyderabad,49.0,60700.0,660.0,130.0,2
Chandigarh,50.0,15500.0,110.0,130.0,0
Lucknow,34.0,44500.0,540.0,300.0,0
Nagpur,32.0,34000.0,310.0,130.0,0
Surat,27.0,74300.0,560.0,300.0,2
Hyderabad,35.0,67400.0,1010.0,700.0,1
Bengaluru,46.0,37800.0,610.0,300.0,0
Bengaluru,39.0,44400.0,460.0,300.0,0
Indore,39.0,57400.0,720.0,130.0,2
Kolkata,33.0,56500.0,490.0,130.0,0
Chandigarh,18.0,7500.0,150.0,90.0,0
Ahmedabad,32.0,116800.0,1090.0,700.0,2
Hyderabad,36.0,48000.0,850.0,300.0,2
Mumbai,36.0,43200.0,720.0,300.0,0
Kolkata,27.0,40700.0,370.0,130.0,0
Bengaluru,18.0,40500.0,320.0,90.0,0
Surat,27.0,54600.0,190.0,450.0,1
Bengaluru,30.0,75000.0,380.0,300.0,2
Hyderabad,28.0,7400.0,600.0,130.0,0
Bengaluru,34.0,41100.0,490.0,130.0,0
Chennai,27.0,70800.0,340.0,450.0,1
Kochi,41.0,44300.0,230.0,300.0,0
Bengaluru,31.0,27000.0,840.0,130.0,0
Mumbai,36.0,12300.0,710.0,90.0,0
Ahmedabad,41.0,47200.0,430.0,300.0,0
Bengaluru,18.0,6600.0,410.0,700.0,1
Indore,39.0,39500.0,570.0,130.0,0
Kolkata,33.0,50000.0,520.0,90.0,0
Hyderabad,31.0,11600.0,290.0,300.0,0
Indore,18.0,81900.0,1680.0,300.0,2
Mumbai,32.0,39800.0,160.0,300.0,0
Delhi,46.0,61500.0,1110.0,130.0,2
Nagpur,45.0,9900.0,370.0,130.0,0
Jaipur,30.0,41100.0,330.0,450.0,1
Pune,26.0,40700.0,520.0,130.0,0
Ahmedabad,18.0,27500.0,440.0,300.0,0
Kochi,45.0,116800.0,690.0,300.0,2
Pune,23.0,96300.0,360.0,130.0,2
Hyderabad,27.0,65800.0,340.0,450.0,1
Delhi,19.0,12500.0,210.0,300.0,0
Ahmedabad,18.0,58500.0,1260.0,300.0,2
Delhi,36.0,71700.0,1100.0,130.0,2
Chennai,18.0,46800.0,360.0,90.0,0
Mumbai,33.0,59200.0,460.0,130.0,0
Hyderabad,41.0,54400.0,1580.0,450.0,2
Kochi,23.0,7300.0,710.0,90.0,0
Pune,25.0,41400.0,1110.0,300.0,2
Patna,28.0,70300.0,540.0,700.0,1
Pune,42.0,77000.0,280.0,300.0,0
Hyderabad,30.0,7000.0,300.0,90.0,0
Hyderabad,27.0,34000.0,680.0,130.0,0
Delhi,18.0,84800.0,1560.0,700.0,2
Pune,31.0,54700.0,610.0,700.0,1
Bengaluru,23.0,61200.0,550.0,300.0,2
Jaipur,31.0,75100.0,850.0,450.0,2
Chennai,46.0,59800.0,580.0,90.0,0
Pune,31.0,52300.0,820.0,130.0,2
Hyderabad,51.0,130600.0,790.0,90.0,2
Chandigarh,36.0,77100.0,180.0,300.0,0
Surat,36.0,13700.0,730.0,450.0,1
Pune,18.0,65900.0,250.0,90.0,0
Bengaluru,33.0,11000.0,160.0,130.0,0
Visakhapatnam,34.0,38000.0,280.0,300.0,0
Chennai,23.0,53400.0,700.0,300.0,2
Bengaluru,39.0,51800.0,520.0,700.0,1
Kolkata,24.0,37900.0,440.0,130.0,0
Bengaluru,43.0,61700.0,290.0,300.0,0
Lucknow,26.0,10600.0,490.0,130.0,0
Delhi,26.0,63700.0,460.0,450.0,1
Delhi,37.0,11900.0,220.0,700.0,1
Kolkata,25.0,114600.0,430.0,300.0,2
Delhi,21.0,59100.0,530.0,300.0,0
Delhi,31.0,59500.0,300.0,90.0,0
Chennai,22.0,27800.0,160.0,130.0,0
Chennai,18.0,54700.0,660.0,300.0,2
Kolkata,36.0,11100.0,300.0,300.0,0
Bengaluru,24.0,78800.0,530.0,300.0,2
Coimbatore,31.0,95900.0,1210.0,450.0,2
Kolkata,43.0,25300.0,340.0,130.0,0
Chennai,36.0,62600.0,450.0,700.0,1
Lucknow,42.0,45100.0,970.0,90.0,2
Chandigarh,28.0,67300.0,340.0,130.0,0
Visakhapatnam,21.0,30100.0,750.0,300.0,0
Ahmedabad,30.0,55300.0,1490.0,130.0,2
Patna,36.0,17100.0,390.0,300.0,0
Pune,32.0,43600.0,260.0,450.0,1
Bengaluru,39.0,16300.0,770.0,450.0,1
Delhi,29.0,51700.0,1060.0,300.0,2
Bhopal,32.0,53700.0,570.0,130.0,0
Kolkata,25.0,46800.0,480.0,90.0,0
Mumbai,26.0,63700.0,520.0,90.0,0
Jaipur,21.0,31400.0,540.0,450.0,1
Mumbai,45.0,67200.0,650.0,90.0,2
Hyderabad,18.0,56300.0,320.0,130.0,0
Hyderabad,21.0,38500.0,430.0,300.0,0
Bhubaneswar,39.0,112600.0,650.0,450.0,2
Kolkata,28.0,36000.0,490.0,300.0,0
Chennai,27.0,45700.0,160.0,300.0,0
Hyderabad,27.0,40600.0,590.0,130.0,0
Mumbai,36.0,36100.0,1290.0,90.0,2
Bhopal,23.0,41000.0,360.0,700.0,1
Surat,18.0,52500.0,470.0,130.0,0
Indore,27.0,45200.0,120.0,130.0,0
Chennai,31.0,32900.0,320.0,130.0,0
Chandigarh,19.0,8300.0,340.0,300.0,0
Bengaluru,39.0,54200.0,970.0,450.0,2
Ahmedabad,19.0,59200.0,450.0,450.0,1
Ahmedabad,30.0,27500.0,470.0,130.0,0
Lucknow,23.0,44500.0,300.0,450.0,1
Kolkata,29.0,80400.0,1230.0,300.0,2
Chandigarh,35.0,69600.0,510.0,450.0,1
Jaipur,32.0,38500.0,420.0,130.0,0
Chennai,18.0,53600.0,460.0,130.0,0
Kochi,37.0,7100.0,430.0,90.0,0
Ahmedabad,35.0,70700.0,180.0,130.0,0
Kochi,45.0,62000.0,440.0,130.0,0
Hyderabad,27.0,29400.0,460.0,130.0,0
Visakhapatnam,18.0,29300.0,860.0,130.0,0
Bengaluru,45.0,64200.0,150.0,90.0,0
Surat,32.0,59400.0,630.0,130.0,2
Pune,39.0,93900.0,1680.0,300.0,2
Delhi,23.0,56900.0,460.0,300.0,0
Coimbatore,43.0,53600.0,1030.0,450.0,2
Hyderabad,22.0,54400.0,210.0,300.0,0
Nagpur,26.0,8000.0,720.0,90.0,0
Kochi,36.0,99600.0,230.0,300.0,2
Mumbai,19.0,13200.0,410.0,700.0,1
Lucknow,32.0,23100.0,340.0,130.0,0
Indore,18.0,62800.0,760.0,450.0,1
Indore,26.0,67300.0,440.0,90.0,0
Kochi,33.0,70500.0,840.0,90.0,2
Indore,40.0,58700.0,700.0,130.0,2
Visakhapatnam,31.0,66100.0,550.0,130.0,2
Hyderabad,39.0,95500.0,1030.0,90.0,2
Pune,20.0,33000.0,140.0,700.0,1
Delhi,35.0,81600.0,370.0,450.0,1
Indore,32.0,48100.0,750.0,130.0,0
Chennai,41.0,131300.0,580.0,300.0,2
Bhopal,30.0,45600.0,450.0,90.0,0
Bengaluru,21.0,42400.0,730.0,300.0,0
Ahmedabad,38.0,80900.0,1240.0,130.0,2
Jaipur,44.0,51500.0,600.0,300.0,0
Pune,18.0,26000.0,420.0,130.0,0
Coimbatore,25.0,49000.0,310.0,300.0,0
Visakhapatnam,27.0,59000.0,670.0,130.0,2
Hyderabad,23.0,62100.0,490.0,130.0,0
Hyderabad,18.0,67200.0,280.0,300.0,0
Ahmedabad,33.0,32000.0,640.0,700.0,1
Bengaluru,30.0,62800.0,480.0,130.0,0
Chennai,24.0,37200.0,270.0,300.0,0
Mumbai,25.0,42600.0,230.0,130.0,0
Chennai,38.0,10500.0,290.0,300.0,0
Chennai,47.0,77600.0,320.0,300.0,0
Hyderabad,49.0,79500.0,160.0,90.0,0
Kolkata,28.0,65500.0,580.0,130.0,2
Delhi,28.0,82000.0,670.0,130.0,2
Delhi,18.0,55200.0,450.0,450.0,1
Delhi,28.0,33000.0,280.0,300.0,0
Surat,20.0,6600.0,730.0,130.0,0
Pune,24.0,100000.0,460.0,90.0,2
Delhi,42.0,69500.0,480.0,130.0,0
Kolkata,40.0,96300.0,250.0,450.0,1
Bengaluru,28.0,7600.0,330.0,90.0,0
Visakhapatnam,36.0,13600.0,300.0,300.0,0
Surat,36.0,41000.0,310.0,300.0,0
Hyderabad,32.0,53700.0,490.0,90.0,0
Kochi,33.0,57200.0,240.0,90.0,0
Patna,18.0,90900.0,600.0,130.0,2
Bhubaneswar,33.0,62400.0,500.0,90.0,0
Bhopal,42.0,70100.0,690.0,300.0,2
Kolkata,19.0,79700.0,970.0,450.0,2
Chennai,23.0,51600.0,380.0,300.0,0
Coimbatore,41.0,70500.0,250.0,300.0,0
Patna,39.0,92600.0,1150.0,130.0,2
Jaipur,28.0,11000.0,260.0,700.0,1
Bhubaneswar,18.0,27800.0,360.0,130.0,0
Mumbai,18.0,9700.0,880.0,130.0,0
Hyderabad,47.0,13800.0,290.0,130.0,0
Jaipur,41.0,71100.0,360.0,450.0,1
Bengaluru,33.0,35700.0,290.0,300.0,0
Chennai,30.0,62900.0,690.0,300.0,2
Chandigarh,23.0,43500.0,570.0,130.0,0
Coimbatore,18.0,82800.0,400.0,90.0,2
Kolkata,28.0,90500.0,430.0,300.0,2
Bengaluru,18.0,10800.0,290.0,300.0,0
Delhi,24.0,11200.0,270.0,90.0,0
Mumbai,38.0,88100.0,1170.0,300.0,2
Mumbai,24.0,9400.0,120.0,300.0,0
Bengaluru,41.0,54100.0,620.0,300.0,0
Pune,21.0,97200.0,370.0,90.0,2
Lucknow,34.0,66800.0,740.0,300.0,2
Bhopal,37.0,59700.0,280.0,450.0,1
Bengaluru,35.0,9700.0,260.0,700.0,1
Delhi,35.0,47900.0,330.0,300.0,0
Chandigarh,32.0,30200.0,970.0,450.0,1
Chennai,19.0,107700.0,640.0,300.0,2
Surat,26.0,69500.0,840.0,90.0,2
Pune,28.0,41300.0,500.0,300.0,0
Delhi,26.0,105800.0,660.0,700.0,1
Bengaluru,20.0,6600.0,680.0,130.0,0
Pune,22.0,46800.0,240.0,300.0,0
Ahmedabad,18.0,74800.0,540.0,130.0,2
Kolkata,24.0,52500.0,540.0,90.0,0
Pune,33.0,35200.0,340.0,450.0,1
Kolkata,30.0,74200.0,700.0,130.0,2
Bhopal,24.0,61200.0,270.0,130.0,0
Lucknow,23.0,78800.0,790.0,300.0,2
Ahmedabad,37.0,33400.0,440.0,130.0,0
Chennai,24.0,84900.0,600.0,300.0,2
Mumbai,18.0,41600.0,460.0,90.0,0
Mumbai,19.0,27500.0,360.0,450.0,1
Bhopal,43.0,77200.0,660.0,300.0,2
Jaipur,27.0,42100.0,1280.0,90.0,2
Ahmedabad,33.0,127200.0,850.0,700.0,2
Bengaluru,37.0,115400.0,840.0,130.0,2
Chennai,34.0,89600.0,1620.0,300.0,2
Coimbatore,24.0,97200.0,820.0,130.0,2
Lucknow,40.0,97500.0,1770.0,90.0,2
Chandigarh,29.0,103500.0,230.0,450.0,1
Pune,23.0,52000.0,460.0,450.0,1
Coimbatore,35.0,108700.0,810.0,130.0,2
Pune,38.0,73100.0,550.0,300.0,2
Mumbai,31.0,98000.0,310.0,130.0,2
Indore,24.0,46500.0,260.0,300.0,0
Bengaluru,24.0,53100.0,400.0,450.0,1
Indore,23.0,94000.0,580.0,300.0,2
Kolkata,25.0,12000.0,160.0,300.0,0
Kochi,29.0,35600.0,940.0,130.0,2
Nagpur,44.0,98000.0,600.0,130.0,2
Visakhapatnam,18.0,50800.0,720.0,90.0,0
Jaipur,33.0,9500.0,100.0,300.0,0
Visakhapatnam,25.0,40000.0,340.0,130.0,0
Ahmedabad,18.0,15400.0,440.0,90.0,0
Indore,34.0,39200.0,110.0,130.0,0
Hyderabad,42.0,11600.0,370.0,130.0,0
Delhi,53.0,68400.0,650.0,300.0,2
Mumbai,22.0,9800.0,240.0,130.0,0
Nagpur,39.0,24700.0,720.0,130.0,0
Lucknow,18.0,37400.0,400.0,90.0,0
Chandigarh,24.0,84100.0,1060.0,300.0,2
Chennai,18.0,11200.0,520.0,300.0,0
Chennai,41.0,86100.0,1060.0,130.0,2
Ahmedabad,27.0,10500.0,550.0,700.0,1
Bengaluru,27.0,45100.0,1190.0,130.0,2
Delhi,40.0,44500.0,700.0,90.0,0
Coimbatore,37.0,62200.0,720.0,450.0,1
Mumbai,22.0,51700.0,130.0,130.0,0
Visakhapatnam,19.0,42900.0,380.0,300.0,0
Lucknow,18.0,36400.0,700.0,300.0,0
Surat,35.0,31700.0,460.0,450.0,1
Bhopal,25.0,9900.0,140.0,450.0,1
Visakhapatnam,35.0,42400.0,430.0,90.0,0
Mumbai,28.0,36700.0,1340.0,130.0,2
Kochi,18.0,6600.0,120.0,90.0,0
Delhi,38.0,53700.0,1070.0,300.0,2
Bhubaneswar,30.0,76900.0,720.0,90.0,2
Bhubaneswar,36.0,10900.0,690.0,90.0,0
Kolkata,40.0,78900.0,230.0,130.0,0
Indore,42.0,69700.0,490.0,450.0,1
Chennai,22.0,96000.0,820.0,300.0,2
Jaipur,19.0,71600.0,490.0,300.0,2
Ahmedabad,33.0,59400.0,1310.0,90.0,2
Bengaluru,31.0,10400.0,630.0,130.0,0
Pune,28.0,73300.0,240.0,130.0,0
Mumbai,21.0,52200.0,450.0,300.0,0
Pune,39.0,34700.0,500.0,300.0,0
Bengaluru,41.0,34400.0,340.0,300.0,0
Surat,29.0,72900.0,530.0,130.0,2
Surat,27.0,67700.0,940.0,130.0,2
Mumbai,20.0,46800.0,440.0,450.0,1
Delhi,24.0,27500.0,320.0,90.0,0
Bengaluru,19.0,6600.0,130.0,130.0,0
Jaipur,23.0,38100.0,670.0,130.0,0
Bengaluru,28.0,36200.0,360.0,90.0,0
Jaipur,38.0,88700.0,1040.0,300.0,2
Pune,36.0,47400.0,390.0,450.0,1
Mumbai,34.0,23600.0,260.0,90.0,0
Kolkata,36.0,54400.0,330.0,450.0,1
Bengaluru,36.0,47800.0,510.0,300.0,0
Chennai,18.0,44800.0,280.0,300.0,0
Kochi,18.0,24000.0,440.0,450.0,1
Nagpur,30.0,58400.0,320.0,130.0,0
Surat,39.0,31300.0,820.0,450.0,1
Bhubaneswar,30.0,29400.0,360.0,90.0,0
Bhopal,23.0,95800.0,580.0,90.0,2
Pune,27.0,46500.0,770.0,130.0,0
Delhi,48.0,61400.0,470.0,130.0,0
Ahmedabad,41.0,97000.0,650.0,700.0,1
Mumbai,31.0,81200.0,1010.0,450.0,2
Lucknow,18.0,52300.0,740.0,450.0,1
Hyderabad,39.0,10300.0,470.0,700.0,1
Coimbatore,30.0,109400.0,610.0,130.0,2
Kochi,36.0,85200.0,1120.0,300.0,2
Pune,21.0,62700.0,920.0,450.0,2
Bhopal,28.0,27900.0,470.0,300.0,0
Delhi,21.0,8100.0,270.0,450.0,1
Bhopal,23.0,40700.0,340.0,130.0,0
Lucknow,18.0,11200.0,500.0,300.0,0
Pune,43.0,79000.0,1000.0,130.0,2
Bengaluru,29.0,39900.0,560.0,300.0,0
Bhopal,40.0,8800.0,880.0,450.0,1
Pune,18.0,36200.0,390.0,700.0,1
Coimbatore,18.0,33200.0,720.0,450.0,1
Mumbai,18.0,85300.0,720.0,450.0,2
Mumbai,25.0,8900.0,640.0,450.0,1
Bengaluru,53.0,120700.0,680.0,700.0,1
Jaipur,38.0,45000.0,970.0,450.0,1
Chandigarh,45.0,127000.0,860.0,300.0,2
Kochi,34.0,55800.0,600.0,300.0,0
Delhi,18.0,60900.0,330.0,90.0,0
Hyderabad,36.0,103500.0,1070.0,130.0,2
Bengaluru,47.0,98300.0,180.0,300.0,2
Jaipur,18.0,49400.0,420.0,300.0,0
Delhi,26.0,47700.0,650.0,300.0,0
Ahmedabad,32.0,126700.0,440.0,130.0,2
Lucknow,50.0,89100.0,800.0,130.0,2
Ahmedabad,27.0,56900.0,1550.0,90.0,2
Chennai,18.0,25100.0,220.0,700.0,1
Kochi,38.0,38600.0,360.0,700.0,1
Chennai,28.0,45900.0,1080.0,130.0,2
Ahmedabad,43.0,12300.0,100.0,450.0,1
Coimbatore,27.0,92700.0,530.0,450.0,2
Mumbai,34.0,42800.0,320.0,130.0,0
Chandigarh,26.0,104200.0,600.0,90.0,2
Indore,21.0,52100.0,1030.0,130.0,2
Patna,25.0,46000.0,800.0,130.0,2
Ahmedabad,20.0,66400.0,1500.0,450.0,2
Surat,39.0,13000.0,720.0,300.0,0
Hyderabad,36.0,43900.0,550.0,90.0,0
Pune,24.0,43700.0,240.0,450.0,1
Bengaluru,29.0,22500.0,770.0,130.0,0
Bengaluru,29.0,27500.0,110.0,90.0,0
Mumbai,33.0,37300.0,370.0,90.0,0
Bengaluru,37.0,51400.0,290.0,450.0,1
Bengaluru,37.0,87200.0,940.0,450.0,2
Chandigarh,43.0,50200.0,410.0,300.0,0
Kolkata,30.0,9300.0,420.0,130.0,0
Delhi,35.0,97800.0,430.0,130.0,2
Mumbai,37.0,36500.0,730.0,130.0,0
Jaipur,20.0,51900.0,1300.0,300.0,2
Chennai,18.0,44200.0,410.0,300.0,0
Pune,20.0,10500.0,250.0,130.0,0
Bengaluru,33.0,37700.0,290.0,300.0,0
Patna,24.0,11900.0,370.0,450.0,1
Kochi,18.0,68700.0,670.0,130.0,2
Chandigarh,18.0,47900.0,540.0,700.0,1
Mumbai,37.0,44500.0,380.0,130.0,0
Kochi,24.0,38000.0,320.0,90.0,0
Delhi,25.0,12900.0,140.0,130.0,0
Lucknow,26.0,86800.0,490.0,450.0,1
Kolkata,39.0,90900.0,160.0,300.0,2
Bengaluru,18.0,27500.0,100.0,130.0,0
Ahmedabad,22.0,39400.0,240.0,450.0,1
Kochi,20.0,39800.0,580.0,90.0,0
Chennai,18.0,47700.0,420.0,300.0,0
Lucknow,18.0,8400.0,560.0,450.0,1
Indore,26.0,54700.0,270.0,300.0,0
Bengaluru,25.0,7800.0,330.0,300.0,0
Bengaluru,43.0,87900.0,1280.0,90.0,2
Coimbatore,25.0,39600.0,330.0,90.0,0
Surat,20.0,11000.0,430.0,90.0,0
Bengaluru,42.0,73100.0,590.0,700.0,1
Kolkata,27.0,11000.0,480.0,130.0,0
Chandigarh,33.0,67500.0,790.0,130.0,2
Delhi,31.0,82200.0,730.0,300.0,2
Hyderabad,41.0,82100.0,950.0,700.0,1
Mumbai,29.0,27500.0,1010.0,130.0,0
Bengaluru,18.0,51400.0,110.0,450.0,1
Indore,30.0,47500.0,550.0,300.0,0
Pune,19.0,65400.0,920.0,90.0,2
Coimbatore,18.0,69500.0,840.0,700.0,1
Kolkata,42.0,15900.0,1170.0,450.0,1
Nagpur,27.0,33200.0,680.0,450.0,1
Chandigarh,27.0,39400.0,250.0,90.0,0
Lucknow,33.0,22500.0,620.0,90.0,0
Bengaluru,34.0,12200.0,150.0,130.0,0
Kolkata,25.0,35100.0,1110.0,300.0,2
Delhi,19.0,55700.0,250.0,90.0,0
Bhopal,32.0,30600.0,410.0,300.0,0
Indore,29.0,52000.0,500.0,300.0,0
Bengaluru,29.0,113600.0,1040.0,300.0,2
Delhi,32.0,94000.0,960.0,300.0,2
Pune,18.0,64300.0,780.0,130.0,2
Kolkata,31.0,70900.0,660.0,90.0,2
Hyderabad,22.0,77100.0,160.0,450.0,1
Nagpur,18.0,51200.0,170.0,300.0,0
Hyderabad,19.0,46800.0,730.0,130.0,0
Mumbai,22.0,27500.0,690.0,130.0,0
Delhi,40.0,93000.0,680.0,300.0,2
Bengaluru,34.0,46500.0,640.0,450.0,1
Visakhapatnam,50.0,13900.0,340.0,130.0,0
Jaipur,33.0,54800.0,400.0,450.0,1
Bengaluru,29.0,55100.0,490.0,130.0,0
Kolkata,41.0,50300.0,770.0,130.0,2
Mumbai,38.0,53800.0,130.0,300.0,0
Bhopal,29.0,48700.0,740.0,130.0,0
Kochi,38.0,11400.0,370.0,300.0,0
Hyderabad,25.0,46800.0,750.0,130.0,0
Pune,33.0,35000.0,480.0,300.0,0
Mumbai,18.0,27500.0,830.0,300.0,0
Nagpur,26.0,44600.0,560.0,300.0,0
Pune,28.0,48400.0,120.0,90.0,0
Hyderabad,51.0,16100.0,390.0,300.0,0
Kolkata,18.0,50400.0,690.0,700.0,1
Mumbai,42.0,47000.0,530.0,90.0,0
Delhi,25.0,8600.0,990.0,300.0,0
Bengaluru,35.0,13700.0,590.0,450.0,1
Kolkata,33.0,57400.0,1120.0,130.0,2
Delhi,24.0,49000.0,670.0,90.0,0
Patna,25.0,54500.0,460.0,300.0,0
Patna,28.0,41200.0,670.0,300.0,0
Mumbai,27.0,8300.0,810.0,300.0,0
Bhopal,28.0,7300.0,190.0,130.0,0
Coimbatore,31.0,96500.0,400.0,300.0,2
Jaipur,33.0,12100.0,360.0,90.0,0
Delhi,20.0,11100.0,360.0,450.0,1
Bengaluru,26.0,39500.0,860.0,90.0,0
Surat,40.0,46100.0,380.0,450.0,1
Pune,33.0,11500.0,530.0,90.0,0
Bengaluru,36.0,49800.0,530.0,300.0,0
Indore,42.0,45600.0,230.0,130.0,0
Ahmedabad,23.0,100200.0,1810.0,130.0,2
Delhi,22.0,41400.0,1090.0,90.0,2
Bengaluru,31.0,37300.0,360.0,130.0,0
Jaipur,40.0,34800.0,450.0,130.0,0
Chennai,24.0,52300.0,540.0,90.0,0
Chandigarh,37.0,72800.0,1440.0,450.0,2
Kolkata,31.0,8800.0,460.0,450.0,1
Chandigarh,22.0,29500.0,650.0,300.0,0
Delhi,31.0,47300.0,860.0,300.0,2
Delhi,38.0,87800.0,550.0,300.0,2
Delhi,18.0,64600.0,560.0,300.0,2
Chennai,27.0,61300.0,160.0,300.0,0
Bhopal,32.0,10000.0,440.0,300.0,0
Bengaluru,18.0,50800.0,310.0,300.0,0
Ahmedabad,36.0,51900.0,1010.0,300.0,2
Lucknow,32.0,64900.0,460.0,130.0,0
Chennai,41.0,56400.0,980.0,130.0,2
Kolkata,40.0,36100.0,460.0,90.0,0
Jaipur,32.0,7900.0,410.0,300.0,0
Lucknow,18.0,31400.0,360.0,450.0,1
Kochi,23.0,64800.0,660.0,130.0,2
Chennai,31.0,63400.0,320.0,90.0,0
Lucknow,36.0,24600.0,240.0,700.0,1
Chandigarh,34.0,38700.0,1220.0,300.0,2
Visakhapatnam,40.0,14400.0,200.0,130.0,0
Kolkata,25.0,38800.0,210.0,130.0,0
Kolkata,30.0,84500.0,580.0,450.0,2
Mumbai,30.0,10800.0,230.0,90.0,0
Chennai,23.0,63400.0,670.0,130.0,2
Nagpur,28.0,92600.0,950.0,450.0,2
Ahmedabad,30.0,30000.0,700.0,300.0,0
Indore,30.0,48300.0,720.0,700.0,1
Delhi,29.0,37100.0,810.0,300.0,0
Jaipur,30.0,19700.0,580.0,130.0,0
Hyderabad,25.0,36900.0,260.0,90.0,0
Bengaluru,37.0,11700.0,430.0,450.0,1
Mumbai,41.0,95400.0,330.0,90.0,2
Surat,30.0,41300.0,580.0,130.0,0
Lucknow,43.0,13700.0,800.0,300.0,0
Bhopal,26.0,72900.0,340.0,90.0,0
Bhubaneswar,25.0,19200.0,420.0,130.0,0
Ahmedabad,18.0,9800.0,750.0,130.0,0
Pune,43.0,60200.0,1070.0,300.0,2
Ahmedabad,24.0,70500.0,180.0,450.0,1
Kochi,18.0,24800.0,300.0,90.0,0
Chennai,38.0,34500.0,1100.0,130.0,2
Delhi,41.0,58000.0,540.0,90.0,0
Jaipur,33.0,57600.0,730.0,450.0,1
Delhi,23.0,55500.0,540.0,300.0,0
Kolkata,28.0,27500.0,520.0,700.0,1
Kolkata,33.0,43100.0,700.0,130.0,0
Coimbatore,36.0,14300.0,770.0,130.0,0
Hyderabad,25.0,40600.0,680.0,130.0,0
Delhi,24.0,34800.0,250.0,300.0,0
Delhi,18.0,90200.0,1040.0,130.0,2
Delhi,24.0,10000.0,390.0,90.0,0
Mumbai,50.0,58100.0,580.0,90.0,0
Surat,32.0,81800.0,460.0,300.0,2
Coimbatore,26.0,68400.0,440.0,130.0,0
Mumbai,34.0,65600.0,170.0,300.0,0
Bhopal,36.0,11200.0,310.0,130.0,0
Indore,32.0,94000.0,1340.0,450.0,2
Delhi,18.0,15400.0,620.0,130.0,0
Coimbatore,30.0,33000.0,880.0,130.0,0
Coimbatore,26.0,81200.0,500.0,450.0,1
Jaipur,21.0,46900.0,130.0,130.0,0
Jaipur,24.0,29000.0,320.0,130.0,0
Mumbai,35.0,44500.0,550.0,300.0,0
Jaipur,38.0,61100.0,190.0,300.0,0
Jaipur,33.0,58400.0,910.0,450.0,2
Ahmedabad,30.0,46800.0,380.0,450.0,1
Hyderabad,31.0,78000.0,300.0,300.0,0
Delhi,26.0,52000.0,480.0,300.0,0
Patna,33.0,37100.0,410.0,130.0,0
Mumbai,49.0,53800.0,420.0,90.0,0
Ahmedabad,32.0,31800.0,250.0,300.0,0
Ahmedabad,32.0,34000.0,540.0,90.0,0
Pune,22.0,27500.0,150.0,300.0,0
Kochi,31.0,10300.0,350.0,130.0,0
Chennai,32.0,13200.0,530.0,300.0,0
Ahmedabad,18.0,12900.0,230.0,300.0,0
Jaipur,31.0,12800.0,590.0,90.0,0
Chennai,32.0,48500.0,860.0,450.0,1
Pune,27.0,58500.0,280.0,450.0,1
Chandigarh,29.0,15700.0,660.0,450.0,1
Pune,30.0,49100.0,1180.0,130.0,2
Lucknow,38.0,30500.0,440.0,300.0,0
Bengaluru,44.0,50100.0,220.0,300.0,0
Jaipur,30.0,9400.0,230.0,130.0,0
Jaipur,21.0,42000.0,140.0,130.0,0
Delhi,47.0,72400.0,1010.0,300.0,2
Hyderabad,34.0,119200.0,330.0,450.0,2
Surat,29.0,11100.0,380.0,300.0,0
Ahmedabad,27.0,41500.0,670.0,130.0,0
Lucknow,28.0,53900.0,350.0,130.0,0
Pune,37.0,42400.0,560.0,130.0,0
Chennai,29.0,9200.0,450.0,300.0,0
Delhi,39.0,44000.0,440.0,130.0,0
Indore,18.0,45300.0,150.0,130.0,0
Nagpur,20.0,62500.0,320.0,90.0,0
Pune,36.0,53900.0,460.0,300.0,0
Hyderabad,22.0,7400.0,350.0,300.0,0
Mumbai,34.0,38900.0,290.0,450.0,1
Ahmedabad,30.0,39000.0,520.0,300.0,0
Bengaluru,28.0,90600.0,1230.0,450.0,2
Visakhapatnam,36.0,16300.0,470.0,300.0,0
Lucknow,23.0,42800.0,890.0,90.0,2
Ahmedabad,38.0,102900.0,720.0,130.0,2
Nagpur,26.0,37100.0,420.0,90.0,0
Bhopal,33.0,81600.0,1020.0,300.0,2
Mumbai,51.0,47200.0,700.0,300.0,0
Visakhapatnam,34.0,63000.0,330.0,300.0,0
Mumbai,31.0,89300.0,690.0,300.0,2
Kochi,35.0,59500.0,1060.0,700.0,1
Ahmedabad,18.0,47600.0,270.0,450.0,1
Delhi,22.0,40800.0,360.0,300.0,0
Delhi,25.0,8500.0,150.0,450.0,1
Ahmedabad,43.0,102300.0,440.0,300.0,2
Patna,18.0,38300.0,410.0,700.0,1
Kolkata,32.0,15200.0,450.0,300.0,0
Mumbai,33.0,10900.0,540.0,300.0,0
Ahmedabad,47.0,43800.0,810.0,300.0,2
Ahmedabad,18.0,27500.0,820.0,300.0,0
Nagpur,44.0,88100.0,590.0,300.0,2
Coimbatore,18.0,33000.0,920.0,130.0,0
Kochi,24.0,43800.0,650.0,700.0,1
Delhi,36.0,102500.0,640.0,300.0,2
Hyderabad,36.0,73900.0,320.0,130.0,0
Chennai,39.0,54200.0,310.0,450.0,1
Nagpur,39.0,114200.0,440.0,130.0,2
Pune,24.0,10400.0,670.0,130.0,0
Indore,28.0,69600.0,450.0,450.0,1
Kolkata,35.0,69500.0,720.0,130.0,2
Pune,32.0,12400.0,260.0,130.0,0
Mumbai,39.0,83300.0,360.0,300.0,2
Bengaluru,23.0,51700.0,280.0,130.0,0
Patna,39.0,103600.0,270.0,450.0,1
Lucknow,21.0,52600.0,450.0,450.0,1
Bhopal,31.0,43800.0,310.0,130.0,0
Delhi,34.0,39600.0,460.0,300.0,0
Bengaluru,35.0,77900.0,520.0,130.0,2
Kolkata,18.0,20600.0,400.0,130.0,0
Hyderabad,18.0,52300.0,670.0,130.0,0
Mumbai,18.0,56800.0,890.0,450.0,1
Mumbai,18.0,9600.0,350.0,130.0,0
Surat,18.0,39500.0,590.0,300.0,0
Chandigarh,26.0,107500.0,390.0,450.0,2
Bhopal,25.0,42200.0,1120.0,300.0,2
Kochi,37.0,8400.0,550.0,700.0,1
Pune,22.0,81400.0,550.0,130.0,2
Mumbai,33.0,74700.0,370.0,300.0,2
Nagpur,29.0,28700.0,270.0,300.0,0
Hyderabad,23.0,46800.0,580.0,130.0,0
Bhubaneswar,36.0,55000.0,290.0,300.0,0
Bengaluru,34.0,13400.0,280.0,130.0,0
Kochi,33.0,40200.0,1260.0,130.0,2
Mumbai,38.0,46200.0,410.0,300.0,0
Pune,30.0,85200.0,180.0,450.0,1
Chandigarh,18.0,52300.0,130.0,130.0,0
Bhopal,34.0,40500.0,240.0,700.0,1
Bengaluru,24.0,7600.0,100.0,300.0,0
Nagpur,31.0,41800.0,280.0,130.0,0
Hyderabad,24.0,46100.0,1280.0,450.0,2
Kochi,21.0,83900.0,280.0,300.0,2
Delhi,25.0,27500.0,740.0,300.0,0
Coimbatore,18.0,85400.0,470.0,130.0,2
Mumbai,40.0,54700.0,720.0,130.0,2
Bengaluru,19.0,77200.0,1360.0,130.0,2
Bengaluru,39.0,14400.0,220.0,130.0,0
Bhopal,36.0,50900.0,240.0,90.0,0
Pune,36.0,100000.0,730.0,450.0,2
Delhi,22.0,64300.0,510.0,130.0,0
Bhubaneswar,24.0,7300.0,510.0,450.0,1
Surat,34.0,57700.0,600.0,90.0,0
Surat,30.0,37900.0,250.0,130.0,0
Bengaluru,52.0,63000.0,400.0,450.0,1
Mumbai,29.0,11600.0,660.0,300.0,0
Patna,37.0,103900.0,2050.0,130.0,2
Bhubaneswar,30.0,96400.0,980.0,130.0,2
Delhi,24.0,27500.0,500.0,300.0,0
Kolkata,18.0,52400.0,750.0,300.0,2
Bhubaneswar,23.0,37200.0,660.0,130.0,0
Delhi,44.0,88800.0,960.0,300.0,2
Bhopal,41.0,82200.0,540.0,700.0,1
Chennai,21.0,27500.0,260.0,300.0,0
Nagpur,24.0,14700.0,330.0,450.0,1
Visakhapatnam,37.0,16500.0,460.0,300.0,0
Lucknow,54.0,12000.0,170.0,300.0,0
Delhi,26.0,27500.0,540.0,90.0,0
Pune,20.0,47400.0,410.0,450.0,1
Delhi,32.0,49500.0,450.0,130.0,0
Pune,26.0,76400.0,210.0,90.0,0
Delhi,41.0,88100.0,390.0,700.0,1
Hyderabad,31.0,27600.0,660.0,90.0,0
Bengaluru,31.0,81200.0,710.0,90.0,2
Ahmedabad,20.0,35600.0,460.0,450.0,1
Coimbatore,38.0,11500.0,300.0,700.0,1
Indore,40.0,44700.0,260.0,450.0,1
Coimbatore,33.0,10400.0,620.0,130.0,0
Bengaluru,31.0,46000.0,1030.0,300.0,2
Pune,39.0,65300.0,870.0,130.0,2
Mumbai,21.0,50200.0,360.0,90.0,0
Ahmedabad,40.0,70600.0,340.0,300.0,0
Coimbatore,42.0,61900.0,600.0,90.0,2
Kochi,36.0,8400.0,810.0,700.0,1
Hyderabad,32.0,105400.0,680.0,300.0,2
Mumbai,18.0,9100.0,370.0,90.0,0
Chennai,37.0,93100.0,750.0,700.0,1
Ahmedabad,45.0,47400.0,350.0,700.0,1
Coimbatore,18.0,34000.0,260.0,130.0,0
Mumbai,39.0,14900.0,170.0,450.0,1
Lucknow,31.0,86900.0,270.0,700.0,1
Jaipur,39.0,7400.0,100.0,300.0,0
Jaipur,27.0,46800.0,160.0,300.0,0
Mumbai,29.0,76600.0,180.0,90.0,0
Hyderabad,42.0,12200.0,480.0,300.0,0
Ahmedabad,48.0,90700.0,1110.0,450.0,2
Mumbai,26.0,9900.0,260.0,450.0,1
Bengaluru,42.0,70500.0,730.0,90.0,2
Ahmedabad,34.0,69000.0,760.0,300.0,2
Mumbai,27.0,98100.0,870.0,300.0,2
Indore,21.0,47200.0,240.0,300.0,0
Delhi,25.0,8600.0,570.0,130.0,0
Mumbai,25.0,75600.0,430.0,300.0,2
Coimbatore,22.0,89000.0,350.0,300.0,2
Coimbatore,19.0,66100.0,1150.0,130.0,2
Coimbatore,37.0,32300.0,540.0,450.0,1
Bengaluru,30.0,35600.0,270.0,450.0,1
Bengaluru,36.0,10600.0,510.0,130.0,0
Pune,30.0,99600.0,660.0,450.0,2
Delhi,30.0,57500.0,840.0,90.0,2
Mumbai,38.0,66100.0,930.0,130.0,2
Lucknow,35.0,87900.0,1220.0,300.0,2
Surat,26.0,33000.0,130.0,90.0,0
Patna,40.0,105900.0,230.0,130.0,2
Surat,18.0,27500.0,600.0,450.0,1
Jaipur,31.0,40400.0,100.0,90.0,0
Bengaluru,50.0,94300.0,950.0,450.0,2
Mumbai,24.0,57300.0,460.0,300.0,0
Delhi,18.0,29400.0,280.0,300.0,0
Surat,25.0,28400.0,690.0,450.0,1
Jaipur,27.0,32300.0,460.0,450.0,1
Bengaluru,27.0,24700.0,320.0,130.0,0
Patna,35.0,50300.0,650.0,700.0,1
Ahmedabad,38.0,107400.0,850.0,130.0,2
Pune,36.0,23300.0,240.0,450.0,1
Jaipur,42.0,35600.0,540.0,300.0,0
Delhi,31.0,7300.0,550.0,300.0,0
Ahmedabad,31.0,81300.0,160.0,130.0,0
Chandigarh,35.0,110200.0,810.0,130.0,2
Hyderabad,21.0,31300.0,1470.0,300.0,2
Bhopal,25.0,81400.0,650.0,700.0,1
Chennai,31.0,101400.0,720.0,450.0,2
Chandigarh,30.0,68500.0,820.0,450.0,2
Surat,34.0,44300.0,400.0,700.0,1
Mumbai,32.0,46800.0,1160.0,300.0,2
Chandigarh,38.0,74700.0,1360.0,90.0,2
Kochi,46.0,12500.0,310.0,700.0,1
Chennai,41.0,49200.0,850.0,300.0,2
Hyderabad,33.0,23600.0,860.0,130.0,0
Bhopal,42.0,56600.0,340.0,130.0,0
Chennai,18.0,10100.0,300.0,450.0,1
Chandigarh,39.0,114000.0,1460.0,450.0,2
Chandigarh,31.0,60300.0,420.0,300.0,0
Bhubaneswar,27.0,111900.0,700.0,450.0,2
Chennai,18.0,38400.0,170.0,130.0,0
Delhi,20.0,49300.0,910.0,300.0,2
Coimbatore,24.0,8400.0,400.0,300.0,0
Lucknow,30.0,10300.0,440.0,130.0,0
Hyderabad,36.0,66000.0,850.0,300.0,2
Chennai,33.0,47100.0,1800.0,450.0,2
Kolkata,18.0,8000.0,290.0,450.0,1
Delhi,20.0,27500.0,320.0,130.0,0
Hyderabad,36.0,47400.0,590.0,130.0,0
Kolkata,23.0,36400.0,130.0,130.0,0
Delhi,37.0,41400.0,280.0,450.0,1
Bhopal,25.0,33300.0,800.0,90.0,0
Ahmedabad,42.0,12000.0,260.0,130.0,0
Hyderabad,34.0,48500.0,570.0,90.0,0
Pune,20.0,29000.0,520.0,300.0,0
Coimbatore,30.0,10300.0,370.0,700.0,1
Delhi,44.0,61000.0,850.0,90.0,2
Indore,18.0,72500.0,610.0,130.0,2
Jaipur,19.0,12200.0,590.0,130.0,0
Delhi,21.0,62500.0,410.0,90.0,0
Bengaluru,43.0,43600.0,920.0,300.0,2
Mumbai,23.0,62400.0,1090.0,300.0,2
Kolkata,24.0,39300.0,660.0,90.0,0
Indore,37.0,74600.0,350.0,300.0,0
Hyderabad,33.0,58800.0,910.0,300.0,2
Mumbai,42.0,77100.0,630.0,90.0,2
Kolkata,28.0,110800.0,560.0,700.0,1
Hyderabad,26.0,12000.0,100.0,300.0,0
Hyderabad,32.0,94600.0,1270.0,300.0,2
Indore,24.0,64000.0,500.0,450.0,1
Chandigarh,18.0,102400.0,930.0,300.0,2
Bengaluru,18.0,9800.0,700.0,130.0,0
Indore,29.0,49100.0,400.0,300.0,0
Bhubaneswar,37.0,41500.0,290.0,300.0,0
Mumbai,37.0,50400.0,290.0,130.0,0
Bengaluru,18.0,33000.0,370.0,90.0,0
Mumbai,29.0,82200.0,430.0,130.0,2
Bhopal,33.0,47600.0,520.0,300.0,0
Delhi,46.0,52900.0,250.0,130.0,0
Kolkata,26.0,70300.0,1350.0,90.0,2
Chandigarh,37.0,70600.0,270.0,300.0,0
Bhopal,26.0,12200.0,100.0,700.0,1
Nagpur,28.0,65200.0,510.0,450.0,1
Mumbai,20.0,24900.0,810.0,450.0,1
Kolkata,34.0,11000.0,320.0,450.0,1
Bhopal,44.0,47300.0,660.0,300.0,0
Ahmedabad,25.0,31900.0,630.0,450.0,1
Coimbatore,50.0,66700.0,1020.0,300.0,2
Hyderabad,50.0,41800.0,870.0,130.0,2
Mumbai,34.0,8300.0,350.0,700.0,1
Bengaluru,33.0,101400.0,390.0,700.0,1
Indore,40.0,37500.0,270.0,130.0,0
Mumbai,36.0,80400.0,420.0,130.0,2
Coimbatore,28.0,52000.0,580.0,90.0,0
Chennai,21.0,24800.0,510.0,130.0,0
Delhi,29.0,88700.0,1040.0,450.0,2
Hyderabad,19.0,6600.0,630.0,300.0,0
Delhi,32.0,84900.0,1020.0,130.0,2
Delhi,43.0,98500.0,790.0,300.0,2
Mumbai,40.0,41900.0,600.0,130.0,0
Bhubaneswar,19.0,46800.0,540.0,450.0,1
Kochi,26.0,15400.0,440.0,90.0,0
Kochi,18.0,115800.0,850.0,300.0,2
Kochi,23.0,67800.0,480.0,130.0,0
Delhi,18.0,52300.0,700.0,450.0,1
Ahmedabad,46.0,56500.0,490.0,130.0,0
Jaipur,33.0,12400.0,490.0,130.0,0
Bengaluru,35.0,39500.0,1080.0,300.0,2
Visakhapatnam,18.0,49300.0,1010.0,450.0,2
Chennai,39.0,59100.0,1240.0,300.0,2
Nagpur,28.0,74100.0,260.0,130.0,0
Jaipur,28.0,13700.0,330.0,300.0,0
Chandigarh,31.0,64100.0,680.0,300.0,2
Delhi,28.0,44200.0,440.0,130.0,0
Patna,18.0,47000.0,560.0,300.0,0
Patna,34.0,100100.0,650.0,300.0,2
Hyderabad,24.0,39900.0,740.0,90.0,0
Bhopal,35.0,17600.0,250.0,450.0,1
Hyderabad,22.0,7000.0,150.0,130.0,0
Bhopal,18.0,10000.0,540.0,300.0,0
Jaipur,41.0,45700.0,730.0,300.0,0
Bengaluru,38.0,57000.0,260.0,300.0,0
Coimbatore,18.0,7000.0,670.0,300.0,0
Mumbai,18.0,41600.0,170.0,300.0,0
Hyderabad,29.0,12500.0,260.0,130.0,0
Visakhapatnam,44.0,60900.0,300.0,130.0,0
Hyderabad,35.0,44100.0,510.0,130.0,0
Lucknow,27.0,61100.0,480.0,130.0,0
Chandigarh,24.0,71100.0,520.0,130.0,2
Surat,30.0,6900.0,420.0,300.0,0
Patna,33.0,80400.0,600.0,450.0,1
Nagpur,42.0,49400.0,860.0,90.0,2
Hyderabad,32.0,40000.0,1030.0,450.0,1
Chennai,27.0,83500.0,820.0,300.0,2
Pune,34.0,41100.0,290.0,130.0,0
Chennai,41.0,44800.0,460.0,300.0,0
Indore,28.0,80600.0,830.0,450.0,2
Hyderabad,26.0,53200.0,500.0,300.0,0
Coimbatore,25.0,74100.0,820.0,130.0,2
Mumbai,29.0,7200.0,300.0,450.0,1
Bengaluru,24.0,27500.0,160.0,300.0,0
Bengaluru,26.0,50300.0,360.0,300.0,0
Kochi,32.0,10200.0,480.0,450.0,1
Delhi,18.0,52500.0,320.0,130.0,0
Mumbai,41.0,13500.0,720.0,300.0,0
Delhi,53.0,104400.0,350.0,90.0,2
Bhopal,23.0,43000.0,400.0,130.0,0
Delhi,24.0,95100.0,360.0,130.0,2
Delhi,29.0,107800.0,880.0,130.0,2
Pune,38.0,54100.0,660.0,300.0,2
Delhi,36.0,81500.0,1130.0,130.0,2
Delhi,32.0,14000.0,1020.0,300.0,0
Mumbai,30.0,6600.0,730.0,130.0,0
Indore,30.0,41600.0,260.0,300.0,0
Delhi,37.0,95300.0,840.0,130.0,2
Patna,35.0,48400.0,510.0,130.0,0
Bengaluru,26.0,94700.0,1180.0,300.0,2
Indore,29.0,37300.0,560.0,300.0,0
Bhubaneswar,25.0,97000.0,750.0,90.0,2
Patna,35.0,39900.0,460.0,130.0,0
Mumbai,22.0,57300.0,680.0,130.0,2
Nagpur,23.0,41700.0,430.0,300.0,0
Surat,37.0,48100.0,390.0,300.0,0
Jaipur,31.0,63000.0,430.0,450.0,1
Ahmedabad,21.0,36100.0,860.0,700.0,1
Kolkata,46.0,9900.0,320.0,90.0,0
Nagpur,53.0,15700.0,300.0,130.0,0
Jaipur,20.0,9700.0,1200.0,300.0,2
Patna,22.0,34000.0,360.0,130.0,0
Chennai,29.0,14100.0,380.0,450.0,1
Patna,24.0,46500.0,720.0,450.0,1
Chennai,35.0,47000.0,230.0,300.0,0
Ahmedabad,42.0,12900.0,110.0,450.0,1
Chennai,41.0,30100.0,690.0,130.0,0
Ahmedabad,25.0,67700.0,490.0,130.0,0
Jaipur,26.0,27800.0,550.0,450.0,1
Chennai,40.0,11500.0,330.0,300.0,0
Kolkata,38.0,51200.0,370.0,130.0,0
Bengaluru,27.0,89100.0,950.0,300.0,2
Patna,34.0,58800.0,530.0,90.0,0
Kolkata,38.0,59000.0,770.0,90.0,2
Patna,38.0,100800.0,1300.0,450.0,2
Hyderabad,18.0,7400.0,350.0,300.0,0
Delhi,24.0,44600.0,630.0,300.0,0
Chennai,19.0,8900.0,370.0,90.0,0
Bhubaneswar,26.0,6600.0,420.0,300.0,0
Chennai,37.0,81600.0,620.0,300.0,2
Surat,19.0,66700.0,700.0,300.0,2
Ahmedabad,41.0,35300.0,350.0,130.0,0
Pune,27.0,27100.0,690.0,130.0,0
Hyderabad,39.0,13100.0,530.0,450.0,1
Bengaluru,18.0,38200.0,460.0,450.0,1
Pune,27.0,74100.0,640.0,300.0,2
Indore,36.0,71600.0,1310.0,130.0,2
Bhubaneswar,31.0,59800.0,340.0,130.0,0
Pune,28.0,23200.0,430.0,130.0,0
Visakhapatnam,22.0,107300.0,640.0,130.0,2
Mumbai,31.0,91900.0,950.0,130.0,2
Jaipur,36.0,83200.0,1120.0,130.0,2
Chandigarh,24.0,35800.0,560.0,130.0,0
Delhi,24.0,8300.0,500.0,450.0,1
Surat,24.0,6600.0,210.0,450.0,1
Pune,23.0,49500.0,980.0,300.0,2
Jaipur,32.0,81800.0,900.0,130.0,2
Chennai,23.0,45600.0,560.0,130.0,0
Delhi,22.0,34500.0,1140.0,300.0,2
Bhubaneswar,24.0,55800.0,850.0,300.0,2
Bhopal,35.0,29800.0,260.0,90.0,0
Delhi,28.0,12000.0,430.0,450.0,1
Bengaluru,45.0,13900.0,370.0,300.0,0
Jaipur,18.0,74600.0,360.0,130.0,0
Lucknow,32.0,91000.0,710.0,90.0,2
Ahmedabad,34.0,78600.0,630.0,90.0,2
Chandigarh,35.0,82300.0,470.0,450.0,1
Jaipur,34.0,9100.0,660.0,90.0,0
Pune,18.0,34100.0,760.0,90.0,0
Mumbai,39.0,132200.0,430.0,130.0,2
Kochi,43.0,109400.0,1070.0,300.0,2
Kolkata,20.0,10100.0,180.0,130.0,0
Pune,52.0,32500.0,500.0,130.0,0
Bhubaneswar,48.0,93900.0,690.0,450.0,2
Bengaluru,29.0,32000.0,450.0,700.0,1
Surat,25.0,64300.0,460.0,90.0,0
Lucknow,18.0,44000.0,310.0,300.0,0
Indore,35.0,11700.0,320.0,90.0,0
Indore,21.0,12100.0,130.0,450.0,1
Lucknow,35.0,54900.0,410.0,130.0,0
Hyderabad,45.0,38100.0,790.0,700.0,1
Nagpur,37.0,34600.0,280.0,300.0,0
Delhi,18.0,27500.0,510.0,450.0,1
Lucknow,30.0,10700.0,570.0,300.0,0
Hyderabad,20.0,42300.0,500.0,300.0,0
Pune,18.0,33400.0,440.0,450.0,1
Mumbai,30.0,6600.0,450.0,450.0,1
Ahmedabad,27.0,37700.0,620.0,130.0,0
Chennai,18.0,7500.0,250.0,130.0,0
Ahmedabad,26.0,49900.0,390.0,130.0,0
Bhopal,30.0,78200.0,300.0,300.0,0
Bengaluru,35.0,13000.0,140.0,300.0,0
Kolkata,30.0,46700.0,390.0,450.0,1
Ahmedabad,24.0,9700.0,210.0,130.0,0
Pune,28.0,29400.0,570.0,90.0,0
Ahmedabad,36.0,69000.0,600.0,300.0,2
Mumbai,23.0,29300.0,930.0,130.0,0
Nagpur,23.0,61400.0,660.0,130.0,2
Coimbatore,23.0,44300.0,110.0,130.0,0
Visakhapatnam,39.0,83500.0,570.0,130.0,2
Surat,18.0,46800.0,510.0,700.0,1
Bengaluru,28.0,69900.0,720.0,450.0,1
Mumbai,19.0,11100.0,980.0,130.0,0
Hyderabad,42.0,47300.0,830.0,300.0,2
Delhi,44.0,16600.0,230.0,300.0,0
Mumbai,39.0,94000.0,1190.0,300.0,2
Bengaluru,18.0,92300.0,500.0,300.0,2
Pune,18.0,51000.0,430.0,450.0,1
Chandigarh,31.0,74700.0,350.0,90.0,0
Delhi,34.0,72000.0,810.0,300.0,2
Patna,25.0,27500.0,190.0,450.0,1
Pune,38.0,58300.0,590.0,700.0,1
Bengaluru,19.0,62000.0,1440.0,90.0,2
Bengaluru,46.0,14200.0,220.0,130.0,0
Chennai,36.0,14100.0,460.0,130.0,0
Bengaluru,50.0,10300.0,750.0,450.0,1
Jaipur,35.0,51100.0,220.0,130.0,0
Bengaluru,38.0,33200.0,300.0,130.0,0
Surat,37.0,12500.0,320.0,130.0,0
Coimbatore,18.0,7100.0,420.0,130.0,0
Ahmedabad,41.0,44700.0,170.0,130.0,0
Nagpur,27.0,33000.0,390.0,90.0,0
Chennai,46.0,56100.0,1140.0,300.0,2
Hyderabad,18.0,32900.0,220.0,130.0,0
Delhi,18.0,48000.0,600.0,130.0,0
Nagpur,30.0,48000.0,920.0,90.0,2
Delhi,34.0,35400.0,1060.0,300.0,2
Jaipur,22.0,59600.0,240.0,450.0,1
Kolkata,36.0,9500.0,210.0,130.0,0
Bengaluru,31.0,51800.0,360.0,130.0,0
Delhi,43.0,71100.0,1170.0,300.0,2
Bhopal,28.0,58400.0,1200.0,90.0,2
Lucknow,18.0,34700.0,410.0,300.0,0
Delhi,47.0,82900.0,1090.0,300.0,2
Mumbai,19.0,48300.0,280.0,90.0,0
Bengaluru,37.0,124500.0,1320.0,300.0,2
Coimbatore,33.0,77300.0,1270.0,130.0,2
Chandigarh,40.0,45500.0,370.0,300.0,0
Pune,35.0,54300.0,240.0,300.0,0
Lucknow,23.0,75700.0,450.0,90.0,2
Hyderabad,27.0,33200.0,340.0,90.0,0
Bhubaneswar,32.0,94000.0,710.0,130.0,2
Indore,37.0,21300.0,270.0,300.0,0
Bengaluru,37.0,32200.0,840.0,90.0,0
Delhi,31.0,40900.0,250.0,300.0,0
Lucknow,23.0,35000.0,280.0,130.0,0
Mumbai,36.0,34500.0,340.0,300.0,0
Delhi,32.0,27500.0,140.0,450.0,1
Pune,28.0,69800.0,1060.0,130.0,2
Bengaluru,34.0,10900.0,470.0,300.0,0
Jaipur,32.0,6600.0,310.0,700.0,1
Coimbatore,24.0,27500.0,300.0,130.0,0
Chandigarh,23.0,102000.0,920.0,130.0,2
Lucknow,59.0,13800.0,300.0,90.0,0
Visakhapatnam,35.0,97600.0,770.0,90.0,2
Coimbatore,38.0,65300.0,1110.0,450.0,2
Jaipur,18.0,78500.0,1230.0,450.0,2
Jaipur,28.0,77400.0,680.0,300.0,2
Bengaluru,25.0,91600.0,970.0,450.0,2
Patna,32.0,54400.0,650.0,300.0,2
Delhi,30.0,14000.0,190.0,90.0,0
Jaipur,18.0,86700.0,310.0,300.0,2
Jaipur,18.0,39700.0,1250.0,130.0,2
Surat,42.0,81200.0,480.0,300.0,2
Bhubaneswar,20.0,57300.0,320.0,90.0,0
Nagpur,36.0,58800.0,940.0,130.0,2
Coimbatore,27.0,6900.0,270.0,130.0,0
Delhi,19.0,7300.0,300.0,130.0,0
Surat,35.0,45000.0,110.0,300.0,0
Indore,41.0,30100.0,400.0,130.0,0
Hyderabad,27.0,10300.0,380.0,700.0,1
Bhubaneswar,28.0,36100.0,630.0,450.0,1
Delhi,29.0,11700.0,780.0,300.0,0
Delhi,35.0,58200.0,680.0,700.0,1
Chennai,35.0,55100.0,310.0,90.0,0
Surat,19.0,54600.0,400.0,300.0,0
Mumbai,19.0,55100.0,1330.0,450.0,2
Kolkata,18.0,27500.0,510.0,300.0,0
Chandigarh,20.0,47900.0,790.0,300.0,2
Bengaluru,18.0,54400.0,190.0,450.0,1
Mumbai,38.0,86200.0,1010.0,300.0,2
Kolkata,19.0,46800.0,810.0,130.0,2
Kochi,21.0,10700.0,150.0,130.0,0
Surat,23.0,60500.0,320.0,300.0,0
Delhi,32.0,31200.0,480.0,450.0,1
Ahmedabad,29.0,55400.0,510.0,450.0,1
Ahmedabad,40.0,100400.0,930.0,130.0,2
Visakhapatnam,25.0,57600.0,660.0,450.0,1
Mumbai,18.0,38500.0,450.0,450.0,1
Jaipur,30.0,9700.0,390.0,90.0,0
Bengaluru,18.0,52700.0,330.0,450.0,1
Bengaluru,40.0,8600.0,770.0,130.0,0
Chennai,32.0,82900.0,340.0,90.0,2
Chandigarh,29.0,78700.0,1200.0,700.0,1
Chandigarh,32.0,9000.0,600.0,130.0,0
Mumbai,25.0,9900.0,370.0,300.0,0
Hyderabad,47.0,45200.0,140.0,300.0,0
Chandigarh,29.0,30200.0,220.0,130.0,0
Bengaluru,37.0,60200.0,400.0,450.0,1
Bengaluru,36.0,52100.0,270.0,300.0,0
Kolkata,34.0,12700.0,600.0,450.0,1
Lucknow,32.0,84500.0,470.0,130.0,2
Patna,40.0,90100.0,760.0,450.0,2
Mumbai,23.0,9000.0,520.0,300.0,0
Bengaluru,53.0,55700.0,310.0,300.0,0
Jaipur,34.0,51000.0,970.0,90.0,2
Ahmedabad,21.0,76400.0,330.0,130.0,0
Mumbai,21.0,27500.0,130.0,130.0,0
Mumbai,37.0,33200.0,1020.0,130.0,2
Ahmedabad,30.0,23800.0,430.0,450.0,1
Kochi,24.0,87000.0,310.0,450.0,1
Coimbatore,28.0,35100.0,870.0,300.0,0
Surat,18.0,29400.0,540.0,90.0,0
Kochi,32.0,11600.0,310.0,300.0,0
Chandigarh,18.0,10200.0,670.0,300.0,0
Pune,37.0,25000.0,270.0,300.0,0
Delhi,39.0,37600.0,470.0,300.0,0
Bengaluru,28.0,45300.0,400.0,90.0,0
Delhi,33.0,81100.0,490.0,130.0,2
Bengaluru,20.0,46800.0,210.0,300.0,0
Kolkata,38.0,10000.0,480.0,450.0,1
Ahmedabad,39.0,69000.0,350.0,450.0,1
Lucknow,34.0,39800.0,640.0,700.0,1
Coimbatore,29.0,41600.0,380.0,130.0,0
Bengaluru,22.0,83100.0,1260.0,130.0,2
Kolkata,29.0,85900.0,200.0,130.0,0
Ahmedabad,31.0,50900.0,420.0,700.0,1
Ahmedabad,33.0,84500.0,800.0,130.0,2
Hyderabad,39.0,28800.0,510.0,300.0,0
Patna,24.0,27500.0,710.0,450.0,1
Lucknow,30.0,47900.0,980.0,130.0,2
Chennai,39.0,10300.0,160.0,450.0,1
Pune,23.0,59900.0,440.0,450.0,1
Ahmedabad,40.0,79500.0,410.0,130.0,2
Pune,33.0,48500.0,520.0,300.0,0
Indore,41.0,65600.0,820.0,300.0,2
Pune,18.0,29800.0,750.0,90.0,0
Nagpur,39.0,10800.0,400.0,450.0,1
Chandigarh,30.0,39500.0,370.0,300.0,0
Ahmedabad,18.0,6600.0,680.0,130.0,0
Surat,31.0,87400.0,680.0,700.0,1
Hyderabad,44.0,27000.0,370.0,90.0,0
Chandigarh,18.0,108800.0,490.0,300.0,2
Bhubaneswar,27.0,54200.0,770.0,130.0,2
Nagpur,26.0,75600.0,600.0,700.0,1
Delhi,37.0,75800.0,1870.0,450.0,2
Chennai,29.0,10900.0,780.0,300.0,0
Nagpur,22.0,6800.0,190.0,130.0,0
Chennai,42.0,102700.0,1060.0,130.0,2
Bengaluru,24.0,82000.0,490.0,450.0,1
Bengaluru,32.0,60600.0,590.0,130.0,0
Pune,34.0,97900.0,1010.0,90.0,2
Ahmedabad,33.0,60500.0,360.0,300.0,0
Chandigarh,39.0,58700.0,720.0,130.0,2
Lucknow,24.0,49000.0,520.0,300.0,0
Chennai,34.0,40500.0,1080.0,90.0,2
Mumbai,39.0,92100.0,710.0,300.0,2
Delhi,46.0,82600.0,580.0,90.0,2
Jaipur,39.0,55100.0,780.0,300.0,2
Delhi,42.0,83300.0,430.0,300.0,2
Indore,23.0,89300.0,780.0,130.0,2
Coimbatore,30.0,59700.0,800.0,90.0,2
Delhi,52.0,57000.0,310.0,90.0,0
Coimbatore,38.0,56500.0,570.0,300.0,0
Chennai,18.0,6700.0,360.0,130.0,0
Chennai,25.0,56500.0,1210.0,450.0,2
Bengaluru,35.0,72000.0,500.0,450.0,1
Bhopal,35.0,59500.0,660.0,130.0,2
Delhi,36.0,52900.0,780.0,90.0,2
Kochi,31.0,43200.0,570.0,90.0,0
Lucknow,25.0,18700.0,670.0,300.0,0
Nagpur,25.0,61900.0,710.0,130.0,2
Lucknow,27.0,38600.0,450.0,300.0,0
Lucknow,18.0,15400.0,300.0,300.0,0
Jaipur,27.0,12000.0,630.0,90.0,0
Chennai,24.0,29000.0,920.0,90.0,0
Ahmedabad,39.0,33900.0,210.0,450.0,1
Delhi,36.0,97200.0,230.0,130.0,2
Bengaluru,32.0,45500.0,520.0,450.0,1
Jaipur,39.0,79200.0,330.0,300.0,2
Coimbatore,32.0,67700.0,820.0,130.0,2
Chennai,36.0,37900.0,250.0,130.0,0
Chennai,32.0,7900.0,520.0,450.0,1
Hyderabad,31.0,38000.0,640.0,450.0,1
Surat,41.0,66400.0,390.0,130.0,0
Jaipur,36.0,50700.0,980.0,450.0,1
Lucknow,30.0,89900.0,1800.0,130.0,2
Kochi,44.0,84300.0,490.0,130.0,2
Jaipur,28.0,7300.0,150.0,300.0,0
Lucknow,18.0,36400.0,440.0,700.0,1
Kolkata,30.0,47500.0,490.0,300.0,0
Kochi,35.0,12700.0,350.0,300.0,0
Surat,18.0,44100.0,630.0,90.0,0
Delhi,44.0,56300.0,810.0,450.0,1
Kolkata,30.0,48200.0,120.0,300.0,0
Coimbatore,42.0,62600.0,690.0,300.0,2
Bhopal,28.0,40400.0,1130.0,300.0,2
Delhi,35.0,57400.0,950.0,130.0,2
Delhi,38.0,47700.0,760.0,130.0,0
Mumbai,22.0,35700.0,230.0,130.0,0
Hyderabad,22.0,8900.0,220.0,300.0,0
Mumbai,27.0,78400.0,720.0,130.0,2
Bengaluru,26.0,65100.0,220.0,700.0,1
Bengaluru,42.0,119700.0,220.0,450.0,2
Mumbai,19.0,26700.0,870.0,450.0,1
Bengaluru,18.0,71900.0,530.0,450.0,1
Kolkata,26.0,40300.0,520.0,130.0,0
Coimbatore,24.0,12400.0,480.0,130.0,0
Chandigarh,34.0,53300.0,140.0,300.0,0
Kochi,42.0,54300.0,620.0,130.0,0
Chandigarh,18.0,49800.0,370.0,300.0,0
Surat,18.0,47000.0,200.0,130.0,0
Mumbai,24.0,28600.0,470.0,90.0,0
Hyderabad,22.0,47100.0,810.0,300.0,2
Kochi,48.0,62600.0,1690.0,130.0,2
Chennai,34.0,102900.0,610.0,130.0,2
Surat,18.0,70300.0,1420.0,130.0,2
Mumbai,25.0,30300.0,430.0,90.0,0
Chandigarh,28.0,32800.0,310.0,450.0,1
Chandigarh,20.0,46800.0,300.0,300.0,0
Delhi,28.0,9900.0,320.0,450.0,1
Patna,18.0,11100.0,390.0,300.0,0
Delhi,23.0,95000.0,960.0,130.0,2
Surat,21.0,66200.0,1260.0,700.0,1
Indore,21.0,53400.0,160.0,300.0,0
Kochi,18.0,28800.0,380.0,450.0,1
Pune,28.0,45100.0,400.0,130.0,0
Mumbai,39.0,28500.0,1200.0,300.0,2
Jaipur,19.0,28700.0,400.0,130.0,0
Surat,35.0,8600.0,520.0,130.0,0
Lucknow,30.0,53500.0,460.0,90.0,0
Jaipur,38.0,13900.0,390.0,300.0,0
Ahmedabad,38.0,92600.0,820.0,450.0,2
Jaipur,39.0,11900.0,230.0,300.0,0
Indore,29.0,16900.0,1040.0,90.0,0
Delhi,18.0,39100.0,810.0,450.0,1
Mumbai,25.0,85600.0,1710.0,300.0,2
Mumbai,38.0,45600.0,1050.0,130.0,2
Bhopal,32.0,80900.0,290.0,700.0,1
Indore,18.0,6600.0,240.0,300.0,0
Ahmedabad,31.0,35900.0,390.0,130.0,0
Chennai,28.0,11300.0,420.0,130.0,0
Pune,36.0,64300.0,570.0,130.0,2
Mumbai,30.0,8600.0,350.0,450.0,1
Chennai,45.0,102200.0,570.0,450.0,2
Ahmedabad,36.0,78200.0,370.0,130.0,0
Bengaluru,26.0,8600.0,440.0,130.0,0
Lucknow,26.0,77500.0,400.0,300.0,2
Bengaluru,38.0,12300.0,430.0,90.0,0
Kolkata,30.0,57900.0,490.0,130.0,0
Delhi,31.0,73300.0,430.0,90.0,0
Lucknow,19.0,43700.0,1050.0,130.0,2
Bhopal,37.0,43900.0,550.0,90.0,0
Kochi,31.0,84200.0,1370.0,700.0,2
Bengaluru,23.0,40900.0,700.0,300.0,0
Chennai,34.0,43700.0,210.0,300.0,0
Bhopal,37.0,49100.0,380.0,300.0,0
Hyderabad,51.0,95500.0,540.0,300.0,2
Delhi,21.0,95800.0,550.0,130.0,2
Bengaluru,37.0,51400.0,320.0,90.0,0
Chennai,41.0,43900.0,420.0,300.0,0
Mumbai,28.0,30100.0,810.0,130.0,0
Coimbatore,32.0,11500.0,600.0,130.0,0
Patna,35.0,40100.0,250.0,300.0,0
Delhi,32.0,90800.0,1090.0,300.0,2
Bengaluru,28.0,37300.0,680.0,130.0,0
Kolkata,36.0,46800.0,270.0,130.0,0
Kochi,42.0,81600.0,400.0,700.0,1
Kolkata,27.0,72400.0,650.0,300.0,2
Ahmedabad,34.0,99900.0,480.0,300.0,2
Jaipur,35.0,64400.0,360.0,450.0,1
Bhubaneswar,44.0,109000.0,830.0,130.0,2
Coimbatore,18.0,33900.0,350.0,300.0,0
Nagpur,40.0,39700.0,550.0,130.0,0
Lucknow,18.0,10500.0,340.0,300.0,0
Visakhapatnam,40.0,54500.0,600.0,130.0,0
Lucknow,27.0,79200.0,750.0,300.0,2
Indore,18.0,18600.0,330.0,300.0,0
Chennai,18.0,34200.0,530.0,130.0,0
Kochi,28.0,95400.0,1600.0,130.0,2
Patna,37.0,9500.0,160.0,450.0,1
Jaipur,24.0,81700.0,1010.0,130.0,2
Kochi,33.0,86300.0,210.0,450.0,1
Coimbatore,18.0,52300.0,430.0,130.0,0
Hyderabad,37.0,50900.0,630.0,130.0,0
Patna,35.0,22900.0,460.0,450.0,1
Bhopal,18.0,27800.0,120.0,450.0,1
Bhopal,56.0,141400.0,980.0,90.0,2
Bengaluru,36.0,73500.0,890.0,450.0,2
Bhubaneswar,35.0,60000.0,980.0,450.0,2
Ahmedabad,30.0,89300.0,550.0,450.0,2
Kochi,32.0,67500.0,440.0,90.0,0
Pune,23.0,62400.0,1360.0,300.0,2
Patna,29.0,57500.0,1450.0,130.0,2
Lucknow,28.0,57400.0,480.0,300.0,0
Hyderabad,21.0,8400.0,370.0,130.0,0
Hyderabad,29.0,49100.0,240.0,450.0,1
Mumbai,32.0,45600.0,1030.0,130.0,2
Pune,32.0,33000.0,710.0,300.0,0
Bhubaneswar,42.0,82700.0,520.0,90.0,2
Bhopal,41.0,108200.0,610.0,130.0,2
Kochi,24.0,56700.0,660.0,90.0,0
Delhi,36.0,53700.0,760.0,130.0,2
Hyderabad,18.0,37800.0,250.0,300.0,0
Delhi,42.0,45300.0,380.0,90.0,0
Indore,19.0,16900.0,830.0,300.0,0
Delhi,18.0,10000.0,690.0,300.0,0
Chennai,43.0,70000.0,680.0,130.0,2
Bengaluru,26.0,77900.0,1220.0,300.0,2
Ahmedabad,45.0,49000.0,390.0,130.0,0
Mumbai,53.0,56400.0,770.0,450.0,1
Delhi,39.0,13900.0,780.0,130.0,0
Surat,34.0,138000.0,710.0,450.0,2
Chennai,47.0,13500.0,310.0,300.0,0
Indore,43.0,42300.0,400.0,300.0,0
Kolkata,39.0,10000.0,420.0,90.0,0
Surat,35.0,55000.0,680.0,450.0,1
Delhi,36.0,9900.0,600.0,130.0,0
Delhi,24.0,86700.0,860.0,90.0,2
Chennai,41.0,52000.0,370.0,300.0,0
Mumbai,25.0,38000.0,590.0,300.0,0
Hyderabad,30.0,87100.0,520.0,300.0,2
Kolkata,51.0,11900.0,220.0,450.0,1
Kochi,28.0,48200.0,1080.0,130.0,2
Chandigarh,20.0,107700.0,370.0,300.0,2
Patna,36.0,53400.0,1080.0,90.0,2
Pune,18.0,40600.0,510.0,130.0,0
Bengaluru,41.0,40500.0,260.0,450.0,1
Mumbai,44.0,116500.0,420.0,130.0,2
Delhi,38.0,87600.0,640.0,130.0,2
Lucknow,24.0,10700.0,160.0,90.0,0
Kolkata,42.0,116300.0,1020.0,300.0,2
Bengaluru,26.0,32000.0,370.0,130.0,0
Kochi,20.0,27500.0,480.0,450.0,1
Pune,36.0,10300.0,300.0,700.0,1
Visakhapatnam,27.0,26300.0,330.0,700.0,1
Lucknow,37.0,49600.0,480.0,90.0,0
Hyderabad,37.0,12900.0,230.0,130.0,0
Coimbatore,27.0,76100.0,430.0,300.0,2
Chennai,43.0,36000.0,530.0,700.0,1
Pune,42.0,112200.0,960.0,90.0,2
Surat,36.0,24500.0,550.0,700.0,1
Delhi,38.0,68700.0,690.0,300.0,2
Delhi,37.0,10100.0,320.0,130.0,0
Coimbatore,18.0,8500.0,170.0,300.0,0
Kochi,30.0,90300.0,310.0,130.0,2
Bengaluru,26.0,38600.0,160.0,300.0,0
Ahmedabad,33.0,104700.0,950.0,130.0,2
Bengaluru,18.0,42800.0,420.0,300.0,0
Nagpur,37.0,42800.0,430.0,450.0,1
Patna,32.0,91500.0,1100.0,300.0,2
Hyderabad,22.0,82000.0,890.0,300.0,2
Pune,22.0,39300.0,250.0,700.0,1
Delhi,31.0,66300.0,800.0,130.0,2
Bengaluru,26.0,43800.0,350.0,130.0,0
Chennai,44.0,52500.0,290.0,300.0,0
Coimbatore,28.0,74700.0,200.0,130.0,0
Bhubaneswar,31.0,88500.0,360.0,130.0,2
Nagpur,32.0,19300.0,350.0,300.0,0
Chennai,26.0,31100.0,220.0,300.0,0
Mumbai,40.0,38900.0,400.0,130.0,0
Ahmedabad,22.0,69200.0,360.0,300.0,0
Mumbai,32.0,32400.0,220.0,450.0,1
Hyderabad,21.0,71300.0,980.0,130.0,2
Mumbai,20.0,61300.0,620.0,90.0,2
Chandigarh,44.0,114200.0,360.0,90.0,2
Surat,27.0,51400.0,860.0,700.0,1
Nagpur,30.0,35000.0,600.0,90.0,0
Hyderabad,19.0,11600.0,180.0,300.0,0
Jaipur,22.0,7100.0,280.0,300.0,0
Lucknow,29.0,39700.0,520.0,90.0,0
Nagpur,33.0,55300.0,680.0,300.0,2
Surat,20.0,8900.0,600.0,90.0,0
Mumbai,27.0,33100.0,690.0,300.0,0
Ahmedabad,18.0,11600.0,240.0,130.0,0
Patna,35.0,42300.0,360.0,90.0,0
Surat,25.0,47900.0,540.0,300.0,0
Hyderabad,32.0,61200.0,740.0,130.0,2
Hyderabad,26.0,13100.0,750.0,450.0,1
Chandigarh,34.0,92200.0,740.0,300.0,2
Pune,52.0,64700.0,610.0,300.0,2
Nagpur,37.0,49500.0,460.0,700.0,1
Coimbatore,38.0,78200.0,280.0,130.0,0
Chennai,34.0,13000.0,640.0,130.0,0
Pune,31.0,76100.0,350.0,90.0,0
Bengaluru,18.0,6700.0,180.0,130.0,0
Mumbai,34.0,99100.0,240.0,450.0,1
Jaipur,21.0,9000.0,340.0,130.0,0
Visakhapatnam,21.0,11800.0,760.0,90.0,0
Chandigarh,30.0,97900.0,370.0,450.0,1
Kolkata,44.0,32000.0,300.0,90.0,0
Chandigarh,36.0,68300.0,450.0,700.0,1
Delhi,32.0,13000.0,240.0,130.0,0
Hyderabad,28.0,12700.0,210.0,130.0,0
Indore,21.0,19200.0,480.0,130.0,0
Chennai,24.0,10600.0,560.0,300.0,0
Hyderabad,33.0,40000.0,340.0,130.0,0
Kolkata,27.0,93800.0,400.0,130.0,2
Coimbatore,20.0,51700.0,750.0,700.0,1
Ahmedabad,49.0,14900.0,270.0,300.0,0
Chandigarh,20.0,27500.0,470.0,130.0,0
Bengaluru,20.0,24800.0,210.0,300.0,0
Mumbai,28.0,34900.0,620.0,300.0,0
Bengaluru,18.0,50900.0,670.0,300.0,0
Kolkata,36.0,41500.0,580.0,300.0,0
Bengaluru,18.0,73100.0,1480.0,300.0,2
Ahmedabad,44.0,80900.0,340.0,130.0,2
Nagpur,30.0,66100.0,1080.0,130.0,2
Chandigarh,44.0,52900.0,630.0,90.0,0
Coimbatore,29.0,39500.0,590.0,130.0,0
Pune,26.0,49300.0,710.0,130.0,0
Hyderabad,25.0,71400.0,1220.0,130.0,2
Jaipur,30.0,33000.0,780.0,300.0,0
Nagpur,18.0,9100.0,320.0,450.0,1
Coimbatore,27.0,68800.0,530.0,90.0,2
Ahmedabad,20.0,38500.0,440.0,130.0,0
Bengaluru,18.0,38500.0,210.0,300.0,0
Bhopal,35.0,73400.0,660.0,130.0,2
Visakhapatnam,43.0,10700.0,700.0,130.0,0
Chandigarh,30.0,42700.0,370.0,300.0,0
Chandigarh,39.0,79600.0,430.0,300.0,2
Delhi,36.0,76600.0,880.0,130.0,2
Hyderabad,31.0,52300.0,600.0,300.0,0
Bengaluru,21.0,37300.0,290.0,90.0,0
Ahmedabad,34.0,25600.0,220.0,300.0,0
Hyderabad,24.0,50600.0,490.0,130.0,0
Bengaluru,26.0,10800.0,600.0,300.0,0
Surat,31.0,87300.0,290.0,300.0,2
Ahmedabad,48.0,112400.0,230.0,450.0,2
Surat,25.0,15400.0,1020.0,130.0,0
Ahmedabad,18.0,52800.0,610.0,130.0,0
Mumbai,18.0,47800.0,310.0,300.0,0
Mumbai,30.0,44900.0,420.0,130.0,0
Coimbatore,34.0,55200.0,660.0,700.0,1
Pune,31.0,58500.0,510.0,300.0,0
Patna,27.0,33000.0,830.0,90.0,0
Kolkata,40.0,26000.0,1350.0,130.0,2
Lucknow,26.0,30600.0,470.0,300.0,0
Ahmedabad,20.0,10400.0,260.0,300.0,0
Kochi,18.0,67800.0,550.0,450.0,1
Indore,26.0,27500.0,360.0,700.0,1
Kolkata,30.0,32300.0,660.0,450.0,1
Mumbai,35.0,29300.0,220.0,300.0,0
Delhi,31.0,60000.0,1210.0,300.0,2
Visakhapatnam,31.0,87000.0,690.0,700.0,1
Delhi,18.0,32000.0,760.0,130.0,0
Mumbai,46.0,55000.0,400.0,300.0,0
Bhopal,25.0,64100.0,860.0,90.0,2
Kolkata,41.0,54800.0,700.0,300.0,2
Bengaluru,24.0,84400.0,800.0,90.0,2
Pune,33.0,38600.0,180.0,130.0,0
Hyderabad,26.0,67000.0,300.0,130.0,0
Chennai,29.0,28300.0,210.0,450.0,1
Chandigarh,29.0,61800.0,460.0,300.0,0
Coimbatore,51.0,14800.0,440.0,300.0,0
Indore,28.0,10900.0,240.0,300.0,0
Visakhapatnam,30.0,11700.0,130.0,130.0,0
Delhi,18.0,44300.0,880.0,700.0,1
Jaipur,28.0,41300.0,480.0,300.0,0
Delhi,27.0,60700.0,1170.0,90.0,2
Coimbatore,32.0,10000.0,340.0,450.0,1
Mumbai,36.0,46600.0,440.0,130.0,0
Bhopal,20.0,79700.0,170.0,130.0,0
Ahmedabad,22.0,55800.0,1130.0,90.0,2
Patna,25.0,27500.0,640.0,300.0,0
Jaipur,27.0,77900.0,1160.0,130.0,2
Delhi,18.0,6600.0,360.0,130.0,0
Bhubaneswar,21.0,63700.0,1230.0,700.0,1
Chennai,28.0,6600.0,610.0,450.0,1
Chennai,28.0,12900.0,220.0,300.0,0
Indore,18.0,42500.0,1150.0,300.0,2
Hyderabad,46.0,85400.0,1550.0,90.0,2
Kolkata,20.0,6700.0,430.0,130.0,0
Bhopal,45.0,55900.0,280.0,300.0,0
Bhopal,30.0,10600.0,680.0,450.0,1
Mumbai,42.0,78100.0,310.0,90.0,0
Chennai,33.0,44200.0,300.0,130.0,0
Pune,25.0,44200.0,1320.0,450.0,2
Kochi,38.0,82400.0,670.0,450.0,2
Visakhapatnam,19.0,47600.0,620.0,450.0,1
Mumbai,33.0,49900.0,780.0,130.0,2
Patna,21.0,37100.0,450.0,130.0,0
Bengaluru,35.0,36900.0,300.0,450.0,1
Pune,40.0,62700.0,270.0,300.0,0
Surat,18.0,71400.0,910.0,130.0,2
Visakhapatnam,23.0,52000.0,310.0,130.0,0
Bhubaneswar,22.0,69600.0,490.0,300.0,2
Bhopal,18.0,38100.0,240.0,130.0,0
Kolkata,26.0,29000.0,430.0,300.0,0
Nagpur,25.0,41200.0,850.0,450.0,1
Ahmedabad,41.0,66300.0,320.0,130.0,0
Delhi,38.0,49400.0,730.0,90.0,0
Delhi,36.0,55400.0,960.0,90.0,2
Chennai,18.0,8700.0,930.0,300.0,0
Indore,27.0,39500.0,380.0,130.0,0
Chandigarh,38.0,77000.0,740.0,300.0,2
Mumbai,18.0,60900.0,390.0,90.0,0
Bengaluru,18.0,6600.0,220.0,90.0,0
Chandigarh,25.0,73500.0,730.0,130.0,2
Chennai,25.0,84800.0,680.0,130.0,2
Lucknow,26.0,65500.0,500.0,450.0,1
Kolkata,31.0,37900.0,440.0,130.0,0
Patna,34.0,85400.0,210.0,450.0,1
Bhubaneswar,43.0,14500.0,320.0,450.0,1
Bengaluru,34.0,93700.0,770.0,130.0,2
Ahmedabad,29.0,55900.0,250.0,300.0,0
Pune,44.0,120000.0,600.0,130.0,2
Pune,28.0,11400.0,480.0,300.0,0
Chandigarh,26.0,14000.0,230.0,300.0,0
Hyderabad,41.0,31600.0,400.0,90.0,0
Patna,26.0,48200.0,920.0,300.0,2
Mumbai,37.0,90200.0,960.0,300.0,2
Bengaluru,25.0,11400.0,590.0,130.0,0
Mumbai,18.0,42200.0,720.0,450.0,1
Mumbai,43.0,69500.0,370.0,130.0,0
Bhubaneswar,36.0,116000.0,410.0,130.0,2
Pune,40.0,24000.0,490.0,130.0,0
Bengaluru,39.0,34400.0,820.0,300.0,0
Kolkata,27.0,48300.0,1040.0,300.0,2
Jaipur,22.0,38500.0,610.0,300.0,0
Bengaluru,38.0,13400.0,220.0,300.0,0
Pune,24.0,9300.0,730.0,300.0,0
Indore,49.0,147100.0,620.0,130.0,2
Chennai,23.0,47800.0,740.0,90.0,0
Hyderabad,33.0,50900.0,490.0,700.0,1
Jaipur,36.0,76300.0,460.0,90.0,2
Surat,18.0,79200.0,1060.0,450.0,2
Hyderabad,27.0,63100.0,730.0,700.0,1
Patna,32.0,48400.0,210.0,450.0,1
Pune,35.0,39800.0,950.0,450.0,1
Indore,20.0,58800.0,890.0,130.0,2
Coimbatore,27.0,28900.0,300.0,300.0,0
Kolkata,18.0,65900.0,490.0,130.0,0
Delhi,30.0,57200.0,630.0,450.0,1
Kochi,49.0,98400.0,1040.0,130.0,2
Patna,28.0,22400.0,370.0,90.0,0
Nagpur,50.0,40600.0,170.0,700.0,1
Chandigarh,31.0,69200.0,500.0,300.0,2
Bengaluru,30.0,33000.0,130.0,130.0,0
Lucknow,39.0,52200.0,210.0,450.0,1
Bengaluru,31.0,10800.0,230.0,450.0,1
Coimbatore,47.0,82800.0,990.0,300.0,2
Mumbai,43.0,31400.0,250.0,300.0,0
Delhi,25.0,6600.0,590.0,300.0,0
Chennai,29.0,38000.0,440.0,300.0,0
Bengaluru,38.0,30600.0,1070.0,90.0,2
Bhopal,18.0,36600.0,980.0,300.0,2
Chandigarh,30.0,78100.0,180.0,90.0,0
Mumbai,36.0,32000.0,200.0,90.0,0
Lucknow,21.0,23600.0,560.0,300.0,0
Jaipur,18.0,33500.0,170.0,300.0,0
Hyderabad,29.0,12300.0,940.0,130.0,0
Kolkata,51.0,60000.0,450.0,90.0,0
Chennai,20.0,11400.0,110.0,300.0,0
Indore,38.0,12700.0,960.0,300.0,0
Patna,26.0,46900.0,550.0,90.0,0
Delhi,27.0,70600.0,180.0,130.0,0
Bhopal,29.0,27300.0,820.0,450.0,1
Mumbai,20.0,39600.0,430.0,130.0,0
Kolkata,32.0,49800.0,730.0,300.0,2
Mumbai,19.0,79100.0,790.0,90.0,2
Kolkata,18.0,58200.0,590.0,130.0,0
Chennai,18.0,27500.0,350.0,450.0,1
Bhopal,36.0,11200.0,450.0,450.0,1
Coimbatore,33.0,37600.0,270.0,300.0,0
Hyderabad,23.0,37500.0,140.0,130.0,0
Visakhapatnam,30.0,12100.0,950.0,300.0,0
Lucknow,26.0,6600.0,190.0,300.0,0
Mumbai,35.0,13500.0,450.0,300.0,0
Bhubaneswar,48.0,98800.0,600.0,300.0,2
Mumbai,36.0,30400.0,390.0,450.0,1
Jaipur,37.0,60000.0,240.0,700.0,1
Coimbatore,26.0,56600.0,310.0,130.0,0
Bengaluru,28.0,64500.0,140.0,700.0,1
Bengaluru,47.0,56100.0,220.0,300.0,0
Lucknow,34.0,76300.0,440.0,130.0,2
Pune,21.0,60900.0,380.0,300.0,0
Bengaluru,21.0,104300.0,1400.0,90.0,2
Mumbai,43.0,16300.0,320.0,300.0,0
Ahmedabad,34.0,61900.0,400.0,300.0,0
Jaipur,36.0,39000.0,350.0,130.0,0
Ahmedabad,18.0,27500.0,300.0,450.0,1
Mumbai,30.0,107900.0,190.0,130.0,2
Indore,39.0,29400.0,470.0,130.0,0
Hyderabad,33.0,73600.0,710.0,450.0,2
Pune,29.0,39700.0,550.0,130.0,0
Mumbai,44.0,47100.0,330.0,450.0,1
Ahmedabad,29.0,12600.0,470.0,300.0,0
Jaipur,37.0,73300.0,700.0,450.0,2
Nagpur,37.0,79100.0,620.0,450.0,1
Bhopal,30.0,82800.0,770.0,450.0,2
Ahmedabad,30.0,30500.0,720.0,300.0,0
Mumbai,22.0,66500.0,530.0,450.0,1
Lucknow,38.0,64700.0,710.0,300.0,2
Pune,24.0,72300.0,690.0,300.0,2
Ahmedabad,23.0,12100.0,180.0,450.0,1
Kolkata,18.0,7600.0,400.0,130.0,0
Coimbatore,25.0,10500.0,400.0,300.0,0
Jaipur,34.0,9600.0,800.0,130.0,0
Nagpur,18.0,11300.0,550.0,450.0,1
Nagpur,28.0,9500.0,370.0,130.0,0
Mumbai,43.0,89200.0,710.0,300.0,2
Mumbai,33.0,48100.0,780.0,700.0,1
Chandigarh,21.0,87900.0,1450.0,130.0,2
Jaipur,27.0,6600.0,420.0,450.0,1
Kolkata,41.0,17700.0,200.0,130.0,0
Pune,18.0,83100.0,1040.0,300.0,2
Kolkata,44.0,16400.0,400.0,130.0,0
Bengaluru,33.0,68900.0,1180.0,130.0,2
Pune,25.0,12500.0,330.0,700.0,1
Nagpur,32.0,7200.0,550.0,300.0,0
Mumbai,38.0,67600.0,1180.0,130.0,2
Pune,33.0,56900.0,140.0,300.0,0
Jaipur,27.0,103600.0,570.0,130.0,2
Mumbai,48.0,30700.0,380.0,300.0,0
Chennai,45.0,44900.0,1060.0,450.0,2
Indore,31.0,39000.0,340.0,130.0,0
Coimbatore,18.0,30100.0,430.0,450.0,1
Lucknow,25.0,41100.0,420.0,300.0,0
Kolkata,30.0,54000.0,520.0,130.0,0
Chandigarh,41.0,10400.0,390.0,90.0,0
Delhi,42.0,67700.0,530.0,130.0,2
Bengaluru,18.0,57200.0,280.0,300.0,0
Delhi,37.0,62500.0,1120.0,130.0,2
Patna,37.0,81800.0,1040.0,90.0,2
Kochi,34.0,25400.0,420.0,90.0,0
Coimbatore,26.0,9800.0,470.0,90.0,0
Bengaluru,36.0,57600.0,310.0,450.0,1
Chennai,34.0,22600.0,170.0,130.0,0
Mumbai,40.0,61500.0,720.0,130.0,2
Indore,42.0,16700.0,250.0,130.0,0
Bhubaneswar,34.0,31600.0,670.0,300.0,0
Bengaluru,24.0,94100.0,1260.0,300.0,2
Coimbatore,24.0,33100.0,1000.0,130.0,2
Bengaluru,23.0,11000.0,1060.0,130.0,0
Visakhapatnam,24.0,30500.0,280.0,300.0,0
Ahmedabad,28.0,73300.0,410.0,700.0,1
Mumbai,32.0,54300.0,630.0,300.0,2
Lucknow,18.0,56700.0,630.0,450.0,1
Lucknow,37.0,11800.0,460.0,90.0,0
Nagpur,39.0,12000.0,230.0,300.0,0
Indore,26.0,91700.0,350.0,300.0,2
Kolkata,29.0,59400.0,460.0,130.0,0
Visakhapatnam,27.0,11000.0,400.0,130.0,0
Hyderabad,28.0,80100.0,730.0,450.0,2
Delhi,25.0,47400.0,690.0,130.0,0
Delhi,43.0,11900.0,960.0,130.0,0
Delhi,37.0,60800.0,850.0,300.0,2
Visakhapatnam,23.0,23400.0,330.0,90.0,0
Coimbatore,27.0,33300.0,160.0,300.0,0
Kolkata,26.0,55800.0,590.0,450.0,1
Patna,36.0,55800.0,250.0,130.0,0
Coimbatore,35.0,46100.0,440.0,300.0,0
Indore,38.0,64000.0,330.0,300.0,0
Mumbai,35.0,27600.0,450.0,130.0,0
Hyderabad,18.0,94400.0,1140.0,90.0,2
Hyderabad,38.0,10300.0,230.0,300.0,0
Mumbai,35.0,46600.0,250.0,130.0,0
Indore,19.0,36600.0,280.0,450.0,1
Jaipur,26.0,10800.0,720.0,300.0,0
Ahmedabad,28.0,40900.0,880.0,300.0,2
Indore,48.0,53800.0,280.0,130.0,0
Patna,38.0,126800.0,1170.0,450.0,2
Coimbatore,28.0,90100.0,580.0,450.0,2
Mumbai,27.0,60500.0,600.0,450.0,1
Bengaluru,37.0,11000.0,440.0,130.0,0
Chennai,35.0,31700.0,480.0,90.0,0
Chandigarh,28.0,66200.0,1370.0,130.0,2
Nagpur,31.0,7900.0,260.0,700.0,1
Coimbatore,39.0,73400.0,1030.0,700.0,1
Delhi,39.0,67500.0,460.0,130.0,0
Chandigarh,28.0,88800.0,690.0,450.0,2
Visakhapatnam,18.0,66100.0,670.0,300.0,2
Lucknow,18.0,51500.0,670.0,300.0,2
Surat,25.0,8400.0,300.0,130.0,0
Chennai,23.0,33000.0,570.0,90.0,0
Chandigarh,18.0,6600.0,230.0,450.0,1
Chennai,19.0,75000.0,630.0,90.0,2
Delhi,29.0,37500.0,250.0,130.0,0
Ahmedabad,28.0,53500.0,1030.0,300.0,2
Bengaluru,32.0,91700.0,330.0,450.0,1
Indore,18.0,8000.0,140.0,130.0,0
Delhi,18.0,37000.0,130.0,130.0,0
Mumbai,32.0,25600.0,830.0,300.0,0
Mumbai,35.0,11000.0,560.0,90.0,0
Patna,50.0,46600.0,600.0,700.0,1
Mumbai,34.0,27500.0,920.0,450.0,1
Patna,36.0,90600.0,560.0,90.0,2
Kolkata,24.0,50600.0,520.0,130.0,0
Indore,19.0,40900.0,130.0,700.0,1
Bengaluru,20.0,33400.0,700.0,130.0,0
Pune,18.0,32800.0,790.0,450.0,1
Ahmedabad,18.0,25600.0,590.0,300.0,0
Coimbatore,36.0,9700.0,650.0,130.0,0
Lucknow,18.0,28100.0,540.0,300.0,0
Mumbai,35.0,57100.0,140.0,130.0,0
Delhi,26.0,75900.0,430.0,450.0,1
Bengaluru,24.0,51900.0,590.0,300.0,0
Jaipur,32.0,39600.0,840.0,300.0,2
Nagpur,31.0,10600.0,450.0,90.0,0
Patna,19.0,9400.0,210.0,450.0,1
Pune,41.0,77900.0,810.0,700.0,1
Delhi,35.0,13400.0,710.0,300.0,0
Coimbatore,34.0,118200.0,620.0,130.0,2
Hyderabad,32.0,58900.0,690.0,300.0,2
Mumbai,21.0,91300.0,1290.0,700.0,2
Surat,38.0,58800.0,360.0,90.0,0
Bhubaneswar,39.0,73000.0,420.0,90.0,0
Mumbai,39.0,59200.0,520.0,300.0,0
Mumbai,18.0,86300.0,730.0,450.0,2
Nagpur,18.0,41900.0,470.0,90.0,0
Hyderabad,21.0,39500.0,1120.0,450.0,1
Kochi,33.0,54800.0,310.0,130.0,0
Bengaluru,25.0,11500.0,360.0,130.0,0
Pune,47.0,62200.0,650.0,700.0,1
Bengaluru,35.0,116900.0,620.0,700.0,1
Lucknow,27.0,87800.0,600.0,130.0,2
Lucknow,32.0,33400.0,350.0,130.0,0
Kochi,36.0,54600.0,410.0,130.0,0
Kochi,27.0,40600.0,630.0,130.0,0
Hyderabad,29.0,75400.0,670.0,130.0,2
Chandigarh,29.0,29900.0,670.0,450.0,1
Delhi,18.0,48100.0,440.0,450.0,1
Mumbai,38.0,12900.0,310.0,700.0,1
Mumbai,18.0,31400.0,550.0,130.0,0
Surat,45.0,50600.0,300.0,130.0,0
Pune,28.0,91700.0,1100.0,130.0,2
Bengaluru,25.0,15300.0,300.0,300.0,0
Chandigarh,40.0,74900.0,600.0,300.0,2
Lucknow,28.0,33400.0,210.0,450.0,1
Surat,25.0,28900.0,140.0,130.0,0
Mumbai,31.0,55100.0,950.0,300.0,2
Bengaluru,35.0,58200.0,1130.0,450.0,2
Kolkata,22.0,55900.0,310.0,450.0,1
Patna,60.0,73500.0,610.0,700.0,1
Hyderabad,33.0,66900.0,390.0,130.0,0
Chennai,24.0,43300.0,670.0,130.0,0
Pune,35.0,58100.0,650.0,130.0,2
Bhubaneswar,42.0,54500.0,640.0,90.0,0
Delhi,19.0,6600.0,390.0,90.0,0
Bengaluru,27.0,10600.0,350.0,130.0,0
Surat,35.0,13400.0,210.0,300.0,0
Delhi,24.0,33600.0,420.0,130.0,0
Jaipur,43.0,13600.0,220.0,450.0,1
Delhi,19.0,40800.0,720.0,450.0,1
Hyderabad,26.0,8900.0,500.0,700.0,1
Hyderabad,32.0,33300.0,590.0,130.0,0
Bengaluru,26.0,78100.0,520.0,300.0,2
Mumbai,28.0,79600.0,980.0,700.0,1
Delhi,34.0,67300.0,1060.0,450.0,2
Surat,23.0,43900.0,150.0,90.0,0
Nagpur,36.0,45600.0,1430.0,130.0,2
Kochi,36.0,11500.0,590.0,130.0,0
Mumbai,35.0,57600.0,700.0,90.0,2
Kolkata,46.0,13100.0,630.0,130.0,0
Surat,26.0,47100.0,780.0,130.0,2
Bhopal,36.0,23500.0,600.0,300.0,0
Chennai,40.0,43200.0,590.0,90.0,0
Chandigarh,32.0,13900.0,390.0,300.0,0
Lucknow,45.0,65200.0,700.0,90.0,2
Pune,25.0,48400.0,220.0,300.0,0
Surat,31.0,42500.0,530.0,700.0,1
Mumbai,40.0,100900.0,980.0,450.0,2
Surat,34.0,48300.0,1700.0,700.0,1
Bengaluru,29.0,13700.0,530.0,700.0,1
Pune,28.0,13900.0,250.0,130.0,0
Chennai,30.0,58300.0,460.0,130.0,0
Lucknow,43.0,61100.0,500.0,130.0,0
Bengaluru,29.0,42000.0,240.0,700.0,1
Delhi,34.0,113000.0,520.0,700.0,1
Coimbatore,34.0,33100.0,450.0,450.0,1
Mumbai,43.0,41100.0,290.0,130.0,0
Jaipur,29.0,45600.0,360.0,300.0,0
Chandigarh,24.0,100700.0,640.0,450.0,2
Pune,31.0,27500.0,520.0,90.0,0
Hyderabad,18.0,56100.0,530.0,700.0,1
Surat,34.0,94900.0,1060.0,90.0,2
Mumbai,28.0,60400.0,480.0,130.0,0
Bengaluru,37.0,12300.0,200.0,450.0,1
Pune,43.0,38000.0,700.0,300.0,0
Coimbatore,38.0,83800.0,700.0,300.0,2
Chennai,18.0,42900.0,460.0,300.0,0
Chennai,33.0,73400.0,860.0,450.0,2
Indore,29.0,107600.0,370.0,130.0,2
Bengaluru,24.0,9500.0,340.0,90.0,0
Chennai,46.0,86100.0,570.0,300.0,2
Coimbatore,18.0,27500.0,580.0,90.0,0
Indore,40.0,91800.0,590.0,130.0,2
Kochi,44.0,9900.0,240.0,90.0,0
Chandigarh,33.0,33200.0,430.0,300.0,0
Mumbai,26.0,40100.0,370.0,130.0,0
Pune,42.0,57000.0,860.0,300.0,2
Lucknow,25.0,101300.0,380.0,130.0,2
Coimbatore,55.0,109400.0,650.0,450.0,2
Kolkata,18.0,90900.0,700.0,450.0,2
Pune,35.0,14200.0,790.0,90.0,0
Delhi,24.0,64200.0,1310.0,130.0,2
Lucknow,49.0,78800.0,230.0,700.0,1
Ahmedabad,36.0,52100.0,590.0,300.0,0
Delhi,24.0,62900.0,320.0,130.0,0
Ahmedabad,30.0,108300.0,380.0,90.0,2
Bengaluru,40.0,12100.0,640.0,300.0,0
Patna,25.0,52100.0,280.0,90.0,0
Bhubaneswar,27.0,61400.0,680.0,450.0,1
Bengaluru,19.0,33000.0,140.0,450.0,1
Lucknow,18.0,47400.0,880.0,90.0,2
Pune,36.0,59200.0,590.0,130.0,0
Surat,31.0,45900.0,850.0,130.0,2
Bengaluru,33.0,37800.0,500.0,130.0,0
Chennai,35.0,75300.0,520.0,300.0,2
Hyderabad,38.0,62300.0,730.0,130.0,2
Hyderabad,43.0,51700.0,630.0,700.0,1
Mumbai,26.0,42100.0,340.0,300.0,0
Chennai,42.0,9900.0,370.0,450.0,1
Delhi,28.0,60900.0,1260.0,300.0,2
Bhopal,32.0,101000.0,1120.0,90.0,2
Mumbai,34.0,36000.0,430.0,130.0,0
Hyderabad,26.0,11900.0,570.0,130.0,0
Visakhapatnam,29.0,12200.0,410.0,450.0,1
Bengaluru,39.0,11300.0,240.0,130.0,0
Lucknow,39.0,27900.0,430.0,130.0,0
Bhubaneswar,42.0,46600.0,440.0,300.0,0
Lucknow,27.0,90200.0,1600.0,130.0,2
Kolkata,30.0,46200.0,650.0,300.0,0
Ahmedabad,22.0,60700.0,820.0,450.0,1
Mumbai,33.0,94600.0,560.0,700.0,1
Bengaluru,28.0,48300.0,930.0,90.0,2
Coimbatore,37.0,60200.0,380.0,90.0,0
Bengaluru,25.0,54300.0,390.0,130.0,0
Kochi,23.0,18200.0,520.0,450.0,1
Lucknow,49.0,81200.0,580.0,300.0,2
Bhopal,32.0,8500.0,400.0,90.0,0
Surat,22.0,38500.0,420.0,300.0,0
Pune,33.0,54600.0,870.0,90.0,2
Coimbatore,39.0,10300.0,550.0,300.0,0
Kochi,18.0,28200.0,440.0,90.0,0
Jaipur,26.0,60300.0,690.0,700.0,1
Coimbatore,26.0,6600.0,450.0,700.0,1
Jaipur,39.0,82900.0,340.0,450.0,1
Bengaluru,41.0,9700.0,380.0,300.0,0
Chennai,24.0,50400.0,600.0,130.0,0
Delhi,30.0,53600.0,860.0,130.0,2
Delhi,29.0,56900.0,380.0,130.0,0
Chennai,31.0,30700.0,340.0,450.0,1
Pune,38.0,60800.0,620.0,130.0,2
Hyderabad,24.0,11500.0,130.0,130.0,0
Kolkata,32.0,105200.0,520.0,130.0,2
Delhi,29.0,31700.0,230.0,130.0,0
Bhubaneswar,18.0,66700.0,930.0,300.0,2
Indore,38.0,12500.0,210.0,90.0,0
Ahmedabad,50.0,51500.0,1170.0,300.0,2
Kolkata,29.0,30200.0,150.0,700.0,1
Pune,28.0,52200.0,600.0,450.0,1
Hyderabad,23.0,27500.0,380.0,300.0,0
Lucknow,18.0,27500.0,750.0,450.0,1
Bengaluru,31.0,65100.0,500.0,130.0,0
Bengaluru,29.0,8800.0,590.0,130.0,0
Delhi,43.0,65900.0,540.0,90.0,0
Indore,27.0,37700.0,670.0,300.0,0
Hyderabad,35.0,67200.0,400.0,130.0,0
Chennai,25.0,12200.0,220.0,450.0,1
Delhi,34.0,93700.0,350.0,300.0,2
Pune,42.0,104600.0,600.0,300.0,2
Mumbai,24.0,69300.0,290.0,300.0,0
Visakhapatnam,30.0,29000.0,520.0,300.0,0
Kochi,28.0,48400.0,790.0,300.0,2
Hyderabad,20.0,57400.0,600.0,130.0,0
Delhi,25.0,62600.0,660.0,700.0,1
Delhi,28.0,51800.0,1590.0,130.0,2
Coimbatore,36.0,59300.0,200.0,90.0,0
Delhi,18.0,21500.0,430.0,300.0,0
Delhi,43.0,96600.0,1010.0,130.0,2
Kolkata,27.0,33700.0,280.0,450.0,1
Mumbai,21.0,31900.0,350.0,700.0,1
Chennai,32.0,10500.0,170.0,130.0,0
Mumbai,28.0,34900.0,460.0,450.0,1
Bengaluru,36.0,12000.0,460.0,450.0,1
Jaipur,38.0,93800.0,990.0,450.0,2
Bengaluru,25.0,82200.0,870.0,300.0,2
Nagpur,22.0,52000.0,680.0,300.0,2
Kolkata,29.0,43700.0,190.0,300.0,0
Bengaluru,21.0,12000.0,210.0,90.0,0
Lucknow,18.0,48600.0,410.0,300.0,0
Jaipur,40.0,86200.0,370.0,300.0,2
Ahmedabad,36.0,50800.0,960.0,700.0,1
Kolkata,21.0,63100.0,730.0,90.0,2
Jaipur,40.0,48100.0,1000.0,300.0,2
Indore,39.0,13900.0,300.0,450.0,1
Mumbai,40.0,10400.0,300.0,130.0,0
Kochi,39.0,45800.0,330.0,300.0,0
Bhopal,36.0,75600.0,760.0,130.0,2
Visakhapatnam,24.0,6600.0,440.0,300.0,0
Hyderabad,18.0,8100.0,190.0,90.0,0
Chandigarh,35.0,47700.0,300.0,300.0,0
Kolkata,32.0,42000.0,240.0,130.0,0
Visakhapatnam,35.0,38400.0,470.0,700.0,1
Delhi,37.0,97800.0,1850.0,90.0,2
Lucknow,25.0,64400.0,160.0,450.0,1
Jaipur,38.0,26700.0,350.0,130.0,0
Jaipur,36.0,12000.0,550.0,90.0,0
Pune,31.0,33700.0,620.0,300.0,0
Coimbatore,35.0,43200.0,690.0,90.0,0
Ahmedabad,33.0,62400.0,230.0,130.0,0
Kolkata,24.0,33000.0,1130.0,300.0,2
Lucknow,50.0,41300.0,420.0,450.0,1
Bengaluru,28.0,10400.0,430.0,300.0,0
Pune,28.0,51000.0,570.0,300.0,0
Chandigarh,32.0,67100.0,420.0,300.0,0
Indore,19.0,6600.0,280.0,130.0,0
Lucknow,18.0,49100.0,770.0,300.0,2
Patna,32.0,41100.0,260.0,450.0,1
Bhubaneswar,44.0,9700.0,220.0,450.0,1
Kolkata,36.0,70000.0,900.0,450.0,2
Chandigarh,43.0,45300.0,830.0,300.0,2
Kochi,30.0,52500.0,920.0,130.0,2
Delhi,38.0,98800.0,780.0,130.0,2
Pune,31.0,53400.0,550.0,300.0,0
Surat,18.0,85400.0,350.0,450.0,1
Surat,26.0,49300.0,390.0,450.0,1
Hyderabad,39.0,55600.0,900.0,300.0,2
Mumbai,25.0,37000.0,710.0,450.0,1
Chandigarh,29.0,36100.0,320.0,300.0,0
Kolkata,29.0,64100.0,1010.0,130.0,2
Visakhapatnam,28.0,10300.0,520.0,450.0,1
Chennai,18.0,29700.0,1100.0,130.0,2
Hyderabad,21.0,13000.0,450.0,450.0,1
Bhopal,36.0,104800.0,410.0,300.0,2
Kochi,27.0,32700.0,500.0,700.0,1
Pune,39.0,83200.0,730.0,300.0,2
Visakhapatnam,41.0,39000.0,1100.0,300.0,2
Indore,20.0,38800.0,600.0,300.0,0
Chandigarh,28.0,29000.0,250.0,130.0,0
Bhopal,34.0,46700.0,310.0,300.0,0
Chennai,18.0,55200.0,660.0,90.0,0
Kolkata,36.0,57600.0,190.0,90.0,0
Lucknow,32.0,81700.0,510.0,130.0,2
Kochi,47.0,11800.0,120.0,450.0,1
Bengaluru,27.0,12800.0,430.0,450.0,1
Bhubaneswar,19.0,28500.0,570.0,130.0,0
Mumbai,25.0,56600.0,510.0,700.0,1
Lucknow,26.0,84400.0,620.0,300.0,2
Hyderabad,36.0,11700.0,220.0,130.0,0
Delhi,24.0,30900.0,550.0,130.0,0
Hyderabad,32.0,11800.0,630.0,90.0,0
Jaipur,27.0,61500.0,390.0,90.0,0
Delhi,33.0,60400.0,200.0,300.0,0
Bhubaneswar,20.0,49100.0,680.0,130.0,0
Pune,47.0,80900.0,710.0,450.0,2
Coimbatore,30.0,80900.0,340.0,130.0,2
Hyderabad,52.0,13400.0,530.0,90.0,0
Chennai,25.0,45700.0,450.0,130.0,0
Coimbatore,33.0,81600.0,1090.0,90.0,2
Hyderabad,33.0,42800.0,330.0,450.0,1
Delhi,26.0,74500.0,1270.0,700.0,1
Bengaluru,38.0,65700.0,440.0,300.0,0
Delhi,39.0,54500.0,420.0,300.0,0
Hyderabad,21.0,55500.0,1120.0,700.0,1
Kolkata,28.0,10500.0,260.0,300.0,0
Delhi,25.0,6600.0,260.0,300.0,0
Bhubaneswar,26.0,68000.0,600.0,700.0,1
Delhi,27.0,45500.0,840.0,130.0,2
Hyderabad,28.0,87400.0,290.0,450.0,1
Chandigarh,36.0,62700.0,590.0,450.0,1
Mumbai,34.0,10000.0,560.0,700.0,1
Visakhapatnam,31.0,8100.0,300.0,300.0,0
Delhi,32.0,86500.0,950.0,130.0,2
Ahmedabad,18.0,63000.0,750.0,700.0,1
Mumbai,33.0,71000.0,560.0,700.0,1
Pune,47.0,12200.0,380.0,130.0,0
Jaipur,31.0,46600.0,180.0,700.0,1
Lucknow,30.0,37400.0,700.0,130.0,0
Nagpur,43.0,43700.0,360.0,300.0,0
Kochi,31.0,11400.0,270.0,90.0,0
Delhi,19.0,11200.0,590.0,130.0,0
Coimbatore,36.0,32200.0,260.0,90.0,0
Surat,34.0,55600.0,700.0,700.0,1
Pune,29.0,8300.0,350.0,130.0,0
Chennai,46.0,10800.0,290.0,300.0,0
Bengaluru,33.0,102600.0,220.0,130.0,2
Bengaluru,35.0,61200.0,910.0,300.0,2
Chennai,33.0,48100.0,380.0,450.0,1
Delhi,23.0,84500.0,680.0,130.0,2
Ahmedabad,20.0,49400.0,730.0,130.0,0
Mumbai,35.0,70400.0,750.0,450.0,2
Lucknow,29.0,34000.0,630.0,450.0,1
Chennai,47.0,35700.0,340.0,450.0,1
Delhi,39.0,79200.0,230.0,300.0,0
Mumbai,26.0,75700.0,1050.0,300.0,2
Ahmedabad,32.0,58300.0,410.0,450.0,1
Chennai,35.0,64200.0,1320.0,130.0,2
Bengaluru,18.0,38200.0,200.0,300.0,0
Mumbai,25.0,27400.0,120.0,300.0,0
Mumbai,18.0,52100.0,690.0,450.0,1
Pune,38.0,41300.0,660.0,450.0,1
Bhopal,29.0,20400.0,910.0,130.0,0
Nagpur,40.0,61500.0,340.0,300.0,0
Bengaluru,21.0,45200.0,340.0,90.0,0
Coimbatore,28.0,95800.0,1100.0,90.0,2
Patna,39.0,35100.0,630.0,450.0,1
Chennai,24.0,11000.0,110.0,300.0,0
Patna,37.0,10700.0,210.0,450.0,1
Chandigarh,48.0,101200.0,430.0,300.0,2
Bhopal,25.0,27100.0,560.0,300.0,0
Mumbai,34.0,52900.0,250.0,300.0,0
Indore,51.0,65000.0,610.0,90.0,2
Hyderabad,23.0,39100.0,430.0,300.0,0
Lucknow,34.0,40700.0,1400.0,300.0,2
Delhi,25.0,9500.0,410.0,300.0,0
Mumbai,26.0,81900.0,310.0,130.0,0
Lucknow,24.0,11900.0,730.0,700.0,1
Chennai,43.0,56400.0,710.0,130.0,2
Mumbai,31.0,14600.0,330.0,450.0,1
Bengaluru,38.0,11500.0,270.0,450.0,1
Chennai,18.0,30800.0,1090.0,300.0,2
Hyderabad,18.0,72100.0,420.0,450.0,1
Nagpur,26.0,42400.0,620.0,90.0,0
Nagpur,35.0,81200.0,740.0,130.0,2
Chennai,22.0,52300.0,320.0,300.0,0
Nagpur,18.0,37600.0,650.0,90.0,0
Jaipur,18.0,46800.0,570.0,300.0,0
Chennai,30.0,41700.0,210.0,90.0,0
Surat,35.0,36900.0,680.0,300.0,0
Bengaluru,18.0,77700.0,430.0,130.0,2
Chennai,29.0,34700.0,630.0,90.0,0
Delhi,18.0,10600.0,440.0,90.0,0
Jaipur,24.0,76700.0,530.0,130.0,2
Jaipur,38.0,62800.0,950.0,450.0,2
Pune,36.0,9600.0,390.0,450.0,1
Kolkata,35.0,42200.0,150.0,130.0,0
Mumbai,36.0,40300.0,1120.0,130.0,2
Pune,24.0,101300.0,1540.0,700.0,2
Ahmedabad,21.0,41600.0,290.0,130.0,0
Jaipur,29.0,87300.0,710.0,300.0,2
Indore,31.0,30600.0,450.0,130.0,0
Kolkata,20.0,9400.0,590.0,300.0,0
Mumbai,34.0,52300.0,510.0,90.0,0
Jaipur,42.0,65400.0,320.0,450.0,1
Delhi,21.0,49000.0,300.0,300.0,0
Bhopal,39.0,99100.0,1000.0,130.0,2
Surat,35.0,21000.0,220.0,90.0,0
Chandigarh,37.0,82700.0,1270.0,450.0,2
Delhi,36.0,78800.0,1070.0,90.0,2
Mumbai,31.0,67700.0,500.0,700.0,1
Mumbai,37.0,53400.0,880.0,130.0,2
Mumbai,34.0,21900.0,480.0,450.0,1
Hyderabad,36.0,86400.0,1120.0,300.0,2
Hyderabad,31.0,82900.0,710.0,130.0,2
Patna,38.0,77400.0,400.0,130.0,2
Kolkata,18.0,74700.0,850.0,130.0,2
Mumbai,32.0,29500.0,560.0,450.0,1
Chandigarh,37.0,106500.0,790.0,90.0,2
Coimbatore,35.0,70600.0,1090.0,450.0,2
Pune,47.0,79300.0,800.0,300.0,2
Surat,32.0,8800.0,300.0,130.0,0
Jaipur,31.0,6800.0,320.0,450.0,1
Pune,18.0,44400.0,1190.0,130.0,2
Lucknow,39.0,83400.0,570.0,90.0,2
Delhi,21.0,30600.0,420.0,300.0,0
Mumbai,31.0,53800.0,520.0,450.0,1
Lucknow,26.0,27500.0,850.0,300.0,0
Indore,25.0,6600.0,330.0,130.0,0
Nagpur,22.0,20700.0,130.0,90.0,0
Delhi,33.0,75100.0,290.0,450.0,1
Delhi,18.0,64500.0,580.0,450.0,1
Kolkata,18.0,49600.0,280.0,450.0,1
Lucknow,35.0,96900.0,440.0,90.0,2
Hyderabad,46.0,60400.0,180.0,130.0,0
Coimbatore,39.0,8900.0,600.0,130.0,0
Lucknow,45.0,42600.0,500.0,300.0,0
Jaipur,39.0,28700.0,140.0,450.0,1
Coimbatore,21.0,32200.0,390.0,90.0,0
Lucknow,27.0,51400.0,1620.0,300.0,2
Indore,34.0,12200.0,340.0,300.0,0
Chennai,28.0,49100.0,960.0,300.0,2
Pune,18.0,6700.0,250.0,450.0,1
Surat,18.0,30800.0,320.0,130.0,0
Hyderabad,29.0,89400.0,540.0,450.0,2
Pune,40.0,88100.0,1060.0,130.0,2
Kolkata,28.0,41000.0,390.0,450.0,1
Visakhapatnam,41.0,29200.0,670.0,90.0,0
Bhopal,36.0,50200.0,800.0,450.0,1
Bhopal,31.0,87400.0,800.0,130.0,2
Pune,32.0,45800.0,340.0,450.0,1
Chandigarh,18.0,68600.0,170.0,300.0,0
Hyderabad,26.0,88500.0,490.0,90.0,2
Kolkata,24.0,54300.0,950.0,130.0,2
Delhi,39.0,56000.0,310.0,300.0,0
Chandigarh,29.0,26900.0,380.0,300.0,0
Pune,28.0,43400.0,520.0,90.0,0
Bengaluru,29.0,9900.0,450.0,450.0,1
Bengaluru,35.0,59500.0,450.0,90.0,0
Chennai,39.0,54600.0,460.0,90.0,0
Bhubaneswar,34.0,13500.0,280.0,130.0,0
Patna,37.0,45000.0,420.0,700.0,1
Kolkata,29.0,24800.0,680.0,300.0,0
Delhi,22.0,6600.0,670.0,300.0,0
Chennai,31.0,46900.0,150.0,450.0,1
Mumbai,18.0,62800.0,830.0,130.0,2
Delhi,27.0,9500.0,390.0,130.0,0
Surat,41.0,41900.0,530.0,450.0,1
Patna,38.0,80500.0,1720.0,450.0,2
Indore,27.0,59600.0,300.0,130.0,0
Lucknow,47.0,101700.0,690.0,130.0,2
Surat,26.0,11100.0,460.0,90.0,0
Visakhapatnam,37.0,39600.0,310.0,130.0,0
Delhi,22.0,32100.0,670.0,300.0,0
Delhi,18.0,21900.0,520.0,450.0,1
Visakhapatnam,23.0,60900.0,500.0,300.0,0
Delhi,31.0,43400.0,800.0,90.0,0
Pune,29.0,48300.0,400.0,300.0,0
Hyderabad,42.0,102800.0,750.0,90.0,2
Hyderabad,30.0,10100.0,320.0,130.0,0
Lucknow,20.0,25000.0,520.0,130.0,0
Kochi,30.0,30800.0,340.0,450.0,1
Bhopal,43.0,52300.0,420.0,130.0,0
Nagpur,18.0,34900.0,1340.0,700.0,1
Chennai,27.0,40800.0,960.0,130.0,2
Delhi,26.0,69900.0,650.0,450.0,1
Surat,33.0,9300.0,300.0,90.0,0
Delhi,24.0,58600.0,860.0,300.0,2
Bengaluru,42.0,77900.0,190.0,130.0,0
Lucknow,26.0,52300.0,410.0,300.0,0
Visakhapatnam,28.0,41800.0,360.0,700.0,1
Delhi,24.0,8500.0,800.0,450.0,1
Pune,24.0,56600.0,330.0,130.0,0
Surat,30.0,102900.0,200.0,300.0,2
Bhopal,23.0,49000.0,1060.0,90.0,2
Jaipur,36.0,55000.0,630.0,450.0,1
Delhi,21.0,51500.0,290.0,300.0,0
Mumbai,34.0,27500.0,560.0,300.0,0
Mumbai,28.0,44800.0,390.0,300.0,0
Indore,18.0,33000.0,500.0,130.0,0
Delhi,23.0,8200.0,460.0,130.0,0
Jaipur,42.0,11500.0,470.0,450.0,1
Indore,26.0,75000.0,270.0,90.0,0
Delhi,36.0,45000.0,440.0,300.0,0
Bhopal,27.0,33000.0,420.0,300.0,0
Bengaluru,47.0,54900.0,690.0,90.0,2
Bhubaneswar,39.0,9500.0,530.0,300.0,0
Ahmedabad,35.0,66100.0,1170.0,130.0,2
Coimbatore,32.0,80900.0,490.0,300.0,2
Indore,34.0,43800.0,270.0,700.0,1
Kolkata,35.0,64000.0,650.0,130.0,2
Indore,26.0,22100.0,340.0,450.0,1
Lucknow,42.0,10700.0,250.0,130.0,0
Jaipur,42.0,50900.0,350.0,300.0,0
Indore,33.0,27500.0,260.0,90.0,0
Bengaluru,45.0,11500.0,560.0,300.0,0
Lucknow,23.0,8100.0,330.0,300.0,0
Delhi,23.0,21300.0,700.0,300.0,0
Surat,34.0,14600.0,300.0,300.0,0
Bengaluru,32.0,53000.0,310.0,90.0,0
Hyderabad,31.0,9500.0,590.0,130.0,0
Indore,18.0,21300.0,620.0,450.0,1
Indore,28.0,11000.0,560.0,300.0,0
Kochi,30.0,12700.0,150.0,450.0,1
Jaipur,36.0,53000.0,360.0,90.0,0
Pune,40.0,60000.0,800.0,90.0,2
Mumbai,22.0,33000.0,210.0,450.0,1
Delhi,28.0,30900.0,600.0,450.0,1
Pune,30.0,65000.0,520.0,450.0,1
Delhi,30.0,34400.0,390.0,300.0,0
Nagpur,25.0,78800.0,930.0,90.0,2
Pune,47.0,38700.0,280.0,300.0,0
Visakhapatnam,22.0,33000.0,610.0,130.0,0
Ahmedabad,25.0,13200.0,290.0,300.0,0
Chennai,18.0,57300.0,360.0,300.0,0
Delhi,32.0,39900.0,210.0,450.0,1
Mumbai,35.0,96100.0,750.0,300.0,2
Hyderabad,49.0,64700.0,910.0,130.0,2
Jaipur,28.0,38700.0,410.0,130.0,0
Chennai,41.0,50700.0,890.0,130.0,2
Patna,42.0,11900.0,500.0,300.0,0
Bhopal,18.0,9600.0,510.0,130.0,0
Lucknow,37.0,92400.0,310.0,130.0,2
Kolkata,38.0,51700.0,540.0,300.0,0
Chennai,26.0,73500.0,340.0,300.0,0
Delhi,18.0,34400.0,390.0,130.0,0
Pune,38.0,102300.0,610.0,130.0,2
Kolkata,25.0,6600.0,180.0,300.0,0
Kolkata,27.0,86600.0,610.0,130.0,2
Hyderabad,27.0,81700.0,670.0,300.0,2
Patna,49.0,60700.0,310.0,300.0,0
Bengaluru,37.0,13100.0,220.0,700.0,1
Kolkata,34.0,18800.0,500.0,90.0,0
Nagpur,18.0,41800.0,300.0,300.0,0
Mumbai,43.0,101000.0,1030.0,90.0,2
Kolkata,27.0,33500.0,340.0,130.0,0
Hyderabad,31.0,27100.0,260.0,300.0,0
Kolkata,36.0,45100.0,290.0,700.0,1
Patna,18.0,82700.0,250.0,450.0,1
Surat,22.0,25900.0,480.0,90.0,0
Hyderabad,36.0,43000.0,790.0,130.0,0
Pune,29.0,45100.0,580.0,130.0,0
Kochi,30.0,27500.0,600.0,130.0,0
Jaipur,18.0,35000.0,840.0,130.0,0
Bhopal,25.0,81300.0,530.0,130.0,2
Indore,35.0,45500.0,800.0,130.0,2
Pune,42.0,12100.0,440.0,450.0,1
Bhopal,46.0,75700.0,720.0,130.0,2
Coimbatore,32.0,104100.0,380.0,130.0,2
Lucknow,23.0,38600.0,380.0,300.0,0
Pune,20.0,47100.0,680.0,300.0,0
Lucknow,33.0,12700.0,130.0,130.0,0
Hyderabad,35.0,83000.0,760.0,130.0,2
Lucknow,27.0,7600.0,840.0,90.0,0
Surat,33.0,80000.0,500.0,300.0,2
Chennai,22.0,134100.0,1690.0,130.0,2
Bhopal,35.0,12600.0,480.0,130.0,0
Kochi,35.0,10500.0,230.0,450.0,1
Surat,27.0,31400.0,1110.0,450.0,1
Hyderabad,29.0,71400.0,270.0,450.0,1
Kolkata,38.0,82700.0,460.0,130.0,2
Coimbatore,26.0,75300.0,990.0,130.0,2
Delhi,18.0,40000.0,720.0,300.0,0
Jaipur,32.0,57200.0,1210.0,450.0,2
Patna,23.0,52300.0,970.0,130.0,2
Chennai,29.0,14100.0,340.0,300.0,0
Kolkata,31.0,84100.0,580.0,450.0,2
Kolkata,30.0,10700.0,360.0,90.0,0
Delhi,34.0,9400.0,390.0,130.0,0
Jaipur,27.0,10800.0,1010.0,130.0,0
Chennai,19.0,70000.0,510.0,300.0,2
Kolkata,20.0,62200.0,130.0,130.0,0
Chennai,30.0,10900.0,210.0,300.0,0
Ahmedabad,25.0,27500.0,450.0,130.0,0
Mumbai,23.0,56900.0,600.0,300.0,2
Delhi,45.0,71500.0,1070.0,130.0,2
Chandigarh,34.0,77100.0,1300.0,450.0,2
Pune,26.0,48900.0,530.0,130.0,0
Kolkata,35.0,57900.0,610.0,300.0,2
Ahmedabad,40.0,36500.0,1130.0,300.0,2
Bhopal,20.0,52300.0,1310.0,700.0,1
Patna,43.0,88900.0,1710.0,450.0,2
Surat,31.0,93600.0,410.0,300.0,2
Bhubaneswar,27.0,6600.0,190.0,130.0,0
Jaipur,37.0,94100.0,1000.0,90.0,2
Bengaluru,26.0,33200.0,660.0,300.0,0
Chennai,29.0,6600.0,100.0,90.0,0
Indore,26.0,7800.0,490.0,300.0,0
Kolkata,30.0,7700.0,310.0,450.0,1
Visakhapatnam,44.0,50700.0,330.0,300.0,0
Jaipur,40.0,86600.0,190.0,450.0,1
Nagpur,37.0,73600.0,350.0,130.0,0
Delhi,36.0,56400.0,150.0,300.0,0
Chennai,30.0,88500.0,1130.0,130.0,2
Hyderabad,34.0,61100.0,520.0,130.0,0
Pune,30.0,53700.0,1000.0,90.0,2
Jaipur,31.0,13300.0,320.0,90.0,0
Ahmedabad,33.0,117600.0,620.0,300.0,2
Mumbai,31.0,28200.0,460.0,300.0,0
Jaipur,47.0,83400.0,660.0,300.0,2
Coimbatore,42.0,66500.0,530.0,90.0,0
Nagpur,29.0,103100.0,760.0,300.0,2
Hyderabad,27.0,65400.0,310.0,450.0,1
Nagpur,20.0,10900.0,260.0,300.0,0
Pune,23.0,53600.0,790.0,700.0,1
Patna,28.0,86900.0,1190.0,300.0,2
Delhi,24.0,6600.0,710.0,130.0,0
Pune,34.0,36700.0,890.0,300.0,2
Hyderabad,33.0,43000.0,290.0,130.0,0
Bengaluru,43.0,43300.0,900.0,450.0,1
Bengaluru,24.0,38500.0,300.0,450.0,1
Chandigarh,20.0,27500.0,290.0,450.0,1
Indore,44.0,76200.0,200.0,90.0,0
Chennai,26.0,45600.0,550.0,300.0,0
Bhopal,18.0,10400.0,190.0,130.0,0
Pune,25.0,20500.0,1380.0,450.0,2
Delhi,32.0,112100.0,1430.0,300.0,2
Bhopal,32.0,38500.0,700.0,300.0,0
Kolkata,29.0,62400.0,290.0,300.0,0
Bhopal,18.0,43700.0,690.0,300.0,0
Bengaluru,39.0,50600.0,390.0,130.0,0
Bhubaneswar,29.0,49700.0,570.0,300.0,0
Visakhapatnam,18.0,27500.0,420.0,130.0,0
Jaipur,39.0,130700.0,470.0,300.0,2
Bengaluru,42.0,12800.0,550.0,700.0,1
Ahmedabad,24.0,83400.0,340.0,300.0,2
Delhi,25.0,43200.0,380.0,130.0,0
Visakhapatnam,18.0,9000.0,280.0,450.0,1
Nagpur,38.0,46100.0,730.0,300.0,0
Kolkata,18.0,30900.0,440.0,450.0,1
Ahmedabad,19.0,9700.0,340.0,300.0,0
Mumbai,19.0,51200.0,340.0,450.0,1
Coimbatore,33.0,12700.0,460.0,130.0,0
Delhi,31.0,47300.0,250.0,450.0,1
Delhi,42.0,55400.0,500.0,450.0,1
Bhubaneswar,27.0,37900.0,140.0,300.0,0
Patna,22.0,31500.0,430.0,130.0,0
Patna,18.0,50200.0,460.0,90.0,0
Chandigarh,31.0,21600.0,310.0,450.0,1
Kochi,27.0,58800.0,290.0,300.0,0
Pune,32.0,49300.0,1480.0,130.0,2
Delhi,24.0,9400.0,430.0,90.0,0
Nagpur,46.0,8000.0,300.0,700.0,1
Ahmedabad,34.0,43700.0,750.0,300.0,0
Kolkata,21.0,34100.0,610.0,300.0,0
Pune,39.0,27100.0,590.0,130.0,0
Bhopal,20.0,41800.0,560.0,130.0,0
Kolkata,52.0,88500.0,290.0,300.0,2
Mumbai,25.0,6600.0,450.0,700.0,1
Mumbai,24.0,39100.0,410.0,700.0,1
Jaipur,36.0,102000.0,920.0,450.0,2
Kochi,39.0,106100.0,670.0,90.0,2
Lucknow,35.0,75500.0,600.0,90.0,2
Jaipur,21.0,49400.0,680.0,130.0,0
Lucknow,33.0,93400.0,1520.0,90.0,2
Nagpur,31.0,15400.0,200.0,300.0,0
Nagpur,35.0,55500.0,1050.0,700.0,1
Kolkata,18.0,47400.0,130.0,450.0,1
Pune,25.0,37700.0,910.0,90.0,2
Ahmedabad,44.0,15700.0,610.0,300.0,0
Bengaluru,29.0,30300.0,510.0,130.0,0
Lucknow,18.0,49800.0,280.0,130.0,0
Kolkata,30.0,55200.0,440.0,300.0,0
Indore,31.0,27500.0,340.0,130.0,0
Bengaluru,21.0,95700.0,590.0,300.0,2
Indore,29.0,74900.0,860.0,130.0,2
Mumbai,36.0,72100.0,280.0,90.0,0
Mumbai,43.0,54800.0,330.0,130.0,0
Chennai,25.0,42700.0,580.0,300.0,0
Hyderabad,29.0,39100.0,730.0,90.0,0
Bengaluru,26.0,72400.0,550.0,300.0,2
Indore,35.0,45800.0,970.0,130.0,2
Chennai,38.0,44600.0,470.0,300.0,0
Jaipur,48.0,74000.0,1010.0,300.0,2
Hyderabad,20.0,53200.0,880.0,450.0,1
Delhi,38.0,102300.0,980.0,300.0,2
Kochi,46.0,66600.0,270.0,300.0,0
Kolkata,30.0,6600.0,270.0,450.0,1
Chennai,29.0,9600.0,580.0,450.0,1
Delhi,33.0,65400.0,900.0,300.0,2
Hyderabad,37.0,67400.0,610.0,300.0,2
Visakhapatnam,29.0,40100.0,340.0,700.0,1
Mumbai,19.0,15400.0,530.0,300.0,0
Indore,27.0,10000.0,280.0,130.0,0
Kolkata,25.0,36000.0,530.0,700.0,1
Delhi,41.0,89300.0,480.0,300.0,2
Nagpur,44.0,39000.0,450.0,300.0,0
Kolkata,19.0,10500.0,410.0,450.0,1
Delhi,21.0,50400.0,320.0,700.0,1
Lucknow,42.0,27400.0,400.0,450.0,1
Mumbai,37.0,111400.0,490.0,130.0,2
Jaipur,41.0,67500.0,990.0,300.0,2
Ahmedabad,25.0,55500.0,350.0,450.0,1
Jaipur,23.0,41400.0,150.0,450.0,1
Delhi,30.0,28500.0,470.0,90.0,0
Pune,26.0,104600.0,1190.0,300.0,2
Coimbatore,27.0,10200.0,430.0,90.0,0
Delhi,33.0,28700.0,440.0,130.0,0
Pune,18.0,8300.0,150.0,130.0,0
Patna,23.0,68300.0,410.0,130.0,0
Delhi,23.0,34200.0,490.0,300.0,0
Patna,21.0,46800.0,340.0,90.0,0
Ahmedabad,40.0,18000.0,920.0,130.0,0
Lucknow,45.0,13500.0,630.0,300.0,0
Bengaluru,43.0,57200.0,460.0,300.0,0
Bengaluru,40.0,46100.0,270.0,300.0,0
Lucknow,24.0,56500.0,770.0,90.0,2
Delhi,32.0,30400.0,390.0,90.0,0
Ahmedabad,32.0,56100.0,450.0,300.0,0
Bengaluru,27.0,34500.0,280.0,450.0,1
Bengaluru,25.0,35600.0,450.0,130.0,0
Nagpur,27.0,49400.0,170.0,300.0,0
Kolkata,36.0,74900.0,1060.0,300.0,2
Patna,33.0,14100.0,790.0,90.0,0
Surat,30.0,97200.0,620.0,300.0,2
Kolkata,39.0,61700.0,840.0,700.0,1
Indore,25.0,42700.0,430.0,700.0,1
Pune,22.0,27500.0,170.0,130.0,0
Ahmedabad,27.0,45500.0,620.0,450.0,1
Delhi,19.0,9700.0,270.0,130.0,0
Patna,37.0,14000.0,400.0,300.0,0
Kochi,34.0,56300.0,620.0,300.0,2
Ahmedabad,18.0,8400.0,660.0,130.0,0
Delhi,35.0,100700.0,1200.0,130.0,2
Kochi,27.0,60600.0,640.0,300.0,2
Mumbai,18.0,89300.0,470.0,300.0,2
Nagpur,28.0,9800.0,380.0,300.0,0
Lucknow,36.0,73400.0,1270.0,130.0,2
Indore,21.0,79600.0,940.0,300.0,2
Surat,18.0,37100.0,200.0,130.0,0
Coimbatore,45.0,80100.0,990.0,300.0,2
Hyderabad,18.0,32000.0,320.0,130.0,0
Hyderabad,18.0,30300.0,650.0,90.0,0
Bhopal,23.0,38300.0,330.0,300.0,0
Delhi,45.0,47300.0,480.0,450.0,1
Delhi,38.0,81400.0,800.0,450.0,2
Delhi,51.0,13300.0,510.0,300.0,0
Kochi,42.0,91800.0,280.0,90.0,2
Kolkata,45.0,33600.0,900.0,300.0,2
Delhi,32.0,40100.0,840.0,300.0,2
Nagpur,24.0,39100.0,1300.0,90.0,2
Hyderabad,34.0,49500.0,840.0,450.0,1
Lucknow,47.0,110300.0,600.0,450.0,2
Kolkata,34.0,30200.0,490.0,130.0,0
Indore,34.0,53000.0,400.0,450.0,1
Chennai,27.0,10100.0,600.0,90.0,0
Patna,46.0,69700.0,310.0,300.0,0
Lucknow,26.0,27500.0,370.0,450.0,1
Mumbai,18.0,42400.0,610.0,130.0,0
Surat,20.0,33100.0,280.0,300.0,0
Delhi,24.0,95200.0,190.0,450.0,1
Ahmedabad,47.0,10000.0,160.0,300.0,0
Mumbai,20.0,49100.0,700.0,300.0,2
Kochi,26.0,38500.0,600.0,700.0,1
Mumbai,34.0,12500.0,210.0,450.0,1
Chennai,20.0,24700.0,230.0,300.0,0
Kolkata,30.0,65300.0,300.0,300.0,0
Coimbatore,29.0,43000.0,600.0,90.0,0
Bhopal,19.0,50500.0,340.0,90.0,0
Hyderabad,34.0,38600.0,390.0,90.0,0
Ahmedabad,31.0,60600.0,310.0,300.0,0
Kochi,28.0,50400.0,710.0,450.0,1
Kolkata,46.0,88400.0,360.0,130.0,2
Kochi,29.0,40700.0,760.0,300.0,0
Chandigarh,27.0,28800.0,470.0,130.0,0
Chennai,40.0,32400.0,580.0,300.0,0
Jaipur,22.0,36600.0,630.0,130.0,0
Coimbatore,40.0,28100.0,440.0,300.0,0
Bengaluru,48.0,62600.0,1300.0,450.0,2
Chennai,18.0,24800.0,340.0,450.0,1
Kolkata,23.0,57900.0,450.0,90.0,0
Chandigarh,34.0,11000.0,380.0,130.0,0
Mumbai,31.0,70400.0,940.0,300.0,2
Visakhapatnam,25.0,80600.0,730.0,90.0,2
Delhi,20.0,50700.0,360.0,300.0,0
Indore,26.0,90600.0,800.0,90.0,2
Hyderabad,32.0,101300.0,980.0,130.0,2
Kochi,29.0,10100.0,160.0,130.0,0
Kolkata,33.0,83400.0,900.0,450.0,2
Kochi,35.0,60300.0,1120.0,300.0,2
Hyderabad,33.0,6600.0,1000.0,700.0,1
Jaipur,22.0,75500.0,350.0,130.0,0
Hyderabad,28.0,103000.0,640.0,130.0,2
Hyderabad,18.0,51000.0,840.0,450.0,1
Lucknow,31.0,9700.0,210.0,300.0,0
Ahmedabad,36.0,76500.0,680.0,300.0,2
Coimbatore,28.0,36000.0,720.0,130.0,0
Lucknow,27.0,81600.0,810.0,450.0,2
Pune,21.0,87400.0,1570.0,130.0,2
Coimbatore,46.0,14300.0,460.0,300.0,0
Bhubaneswar,36.0,63900.0,340.0,450.0,1
Delhi,26.0,60100.0,400.0,700.0,1
Bengaluru,25.0,64900.0,330.0,130.0,0
Bhubaneswar,37.0,52800.0,280.0,300.0,0
Mumbai,39.0,57600.0,730.0,90.0,2
Bengaluru,50.0,89800.0,850.0,450.0,2
Nagpur,33.0,52300.0,1380.0,300.0,2
Bengaluru,39.0,78100.0,370.0,300.0,2
Jaipur,18.0,33000.0,440.0,300.0,0
Hyderabad,18.0,46100.0,430.0,300.0,0
Jaipur,20.0,27500.0,830.0,90.0,0
Lucknow,28.0,8000.0,300.0,90.0,0
Hyderabad,34.0,11500.0,270.0,130.0,0
Kochi,29.0,42100.0,370.0,130.0,0
Kochi,25.0,28200.0,470.0,90.0,0
Lucknow,31.0,59500.0,620.0,450.0,1
Kochi,31.0,39000.0,350.0,90.0,0
Bhubaneswar,38.0,50500.0,250.0,450.0,1
Mumbai,28.0,29600.0,580.0,130.0,0
Delhi,35.0,12700.0,350.0,130.0,0
Bengaluru,29.0,30100.0,360.0,130.0,0
Chennai,28.0,9700.0,750.0,130.0,0
Chennai,28.0,97300.0,1090.0,300.0,2
Ahmedabad,38.0,28400.0,500.0,300.0,0
Kolkata,48.0,49600.0,560.0,300.0,0
Indore,37.0,79200.0,1630.0,90.0,2
Mumbai,31.0,72300.0,700.0,450.0,1
Bhopal,29.0,40800.0,710.0,130.0,0
Pune,34.0,48600.0,620.0,450.0,1
Mumbai,37.0,68500.0,640.0,300.0,2
Bengaluru,30.0,97100.0,1480.0,300.0,2
Pune,25.0,31700.0,660.0,90.0,0
Pune,30.0,9700.0,210.0,130.0,0
Bengaluru,32.0,58300.0,760.0,130.0,2
Hyderabad,26.0,64100.0,730.0,300.0,2
Mumbai,23.0,27500.0,540.0,130.0,0
Pune,45.0,85500.0,1200.0,300.0,2
Indore,18.0,47900.0,530.0,700.0,1
Pune,31.0,33900.0,1050.0,130.0,2
Kolkata,45.0,14700.0,230.0,300.0,0
Bengaluru,21.0,27900.0,310.0,130.0,0
Kolkata,27.0,33500.0,950.0,90.0,0
Indore,40.0,44900.0,400.0,300.0,0
Kochi,18.0,33000.0,680.0,450.0,1
Patna,26.0,78500.0,460.0,450.0,1
Indore,36.0,56700.0,630.0,130.0,0
Chandigarh,20.0,29500.0,410.0,700.0,1
Bengaluru,51.0,13900.0,830.0,300.0,0
Patna,44.0,15300.0,530.0,300.0,0
Bengaluru,18.0,70100.0,480.0,90.0,0
Nagpur,27.0,81400.0,1850.0,300.0,2
Coimbatore,24.0,33000.0,550.0,130.0,0
Pune,18.0,27500.0,400.0,130.0,0
Nagpur,37.0,41900.0,880.0,700.0,1
Visakhapatnam,32.0,25400.0,380.0,130.0,0
Bhubaneswar,18.0,55300.0,700.0,130.0,2
Chandigarh,38.0,63400.0,740.0,300.0,2
Mumbai,35.0,12700.0,150.0,300.0,0
Coimbatore,26.0,79600.0,260.0,300.0,0
Kolkata,29.0,84700.0,850.0,130.0,2
Bhopal,24.0,10600.0,300.0,300.0,0
Bhubaneswar,46.0,58500.0,300.0,300.0,0
Hyderabad,40.0,9200.0,240.0,450.0,1
Surat,21.0,34300.0,270.0,300.0,0
Hyderabad,31.0,73600.0,500.0,300.0,2
Hyderabad,25.0,73300.0,620.0,130.0,2
Bengaluru,33.0,37300.0,760.0,700.0,1
Coimbatore,26.0,102800.0,720.0,450.0,2
Mumbai,23.0,46800.0,500.0,90.0,0
Mumbai,30.0,59200.0,590.0,300.0,2
Bengaluru,18.0,46800.0,270.0,450.0,1
Jaipur,29.0,56400.0,1340.0,90.0,2
Bengaluru,31.0,53800.0,600.0,700.0,1
Indore,43.0,76200.0,490.0,300.0,2
Ahmedabad,26.0,83400.0,220.0,130.0,0
Pune,43.0,59600.0,440.0,130.0,0
Delhi,18.0,6600.0,230.0,450.0,1
Mumbai,37.0,36400.0,150.0,300.0,0
Patna,37.0,6600.0,300.0,90.0,0
Lucknow,21.0,33300.0,250.0,300.0,0
Delhi,28.0,27500.0,1280.0,130.0,2
Visakhapatnam,53.0,49700.0,430.0,90.0,0
Lucknow,37.0,68000.0,990.0,300.0,2
Delhi,37.0,56700.0,1490.0,130.0,2
Visakhapatnam,28.0,8300.0,100.0,450.0,1
Indore,39.0,11100.0,420.0,130.0,0
Jaipur,28.0,79900.0,500.0,300.0,2
Bengaluru,32.0,10100.0,360.0,130.0,0
Chennai,33.0,76000.0,560.0,300.0,2
Bengaluru,32.0,57800.0,660.0,450.0,1
Hyderabad,27.0,52300.0,870.0,90.0,2
Pune,44.0,57700.0,480.0,700.0,1
Lucknow,35.0,47900.0,890.0,90.0,2
Kolkata,29.0,29600.0,260.0,300.0,0
Mumbai,28.0,8900.0,820.0,90.0,0
Visakhapatnam,31.0,9000.0,420.0,90.0,0
Pune,29.0,31000.0,700.0,300.0,0
Hyderabad,23.0,43900.0,810.0,700.0,1
Delhi,34.0,73400.0,1050.0,300.0,2
Mumbai,33.0,63400.0,330.0,700.0,1
Jaipur,33.0,57300.0,790.0,700.0,1
Kochi,24.0,9900.0,440.0,300.0,0
Chennai,21.0,23400.0,300.0,130.0,0
Kochi,32.0,50700.0,140.0,300.0,0
Visakhapatnam,30.0,27900.0,360.0,130.0,0
Delhi,37.0,54200.0,650.0,130.0,0
Delhi,51.0,117300.0,1210.0,130.0,2
Hyderabad,31.0,40200.0,240.0,300.0,0
Ahmedabad,27.0,55400.0,390.0,90.0,0
Bengaluru,26.0,59700.0,330.0,300.0,0
Mumbai,38.0,71000.0,610.0,450.0,1
Jaipur,39.0,59300.0,850.0,90.0,2
Bengaluru,32.0,11600.0,610.0,700.0,1
Delhi,18.0,27500.0,350.0,300.0,0
Delhi,49.0,86000.0,370.0,450.0,1
Patna,33.0,114800.0,930.0,700.0,2
Lucknow,25.0,29700.0,260.0,130.0,0
Mumbai,31.0,65400.0,400.0,300.0,0
Pune,34.0,20900.0,120.0,130.0,0
Delhi,29.0,37600.0,430.0,130.0,0
Visakhapatnam,25.0,9300.0,500.0,300.0,0
Mumbai,18.0,47900.0,1080.0,130.0,2
Coimbatore,31.0,46500.0,630.0,90.0,0
Pune,32.0,47200.0,310.0,130.0,0
Ahmedabad,25.0,44200.0,800.0,90.0,0
Chennai,24.0,72700.0,880.0,130.0,2
Jaipur,33.0,61300.0,740.0,700.0,1
Lucknow,18.0,33000.0,550.0,130.0,0
Bhubaneswar,33.0,12200.0,300.0,130.0,0
Ahmedabad,31.0,48300.0,440.0,300.0,0
Chennai,38.0,27800.0,730.0,300.0,0
Bengaluru,33.0,35500.0,450.0,300.0,0
Lucknow,19.0,59000.0,280.0,90.0,0
Nagpur,18.0,48600.0,560.0,130.0,0
Chennai,21.0,27500.0,280.0,300.0,0
Lucknow,48.0,10900.0,750.0,130.0,0
Delhi,26.0,51300.0,640.0,700.0,1
Ahmedabad,38.0,32800.0,450.0,300.0,0
Kolkata,38.0,15700.0,190.0,300.0,0
Jaipur,36.0,55600.0,280.0,90.0,0
Delhi,32.0,12100.0,490.0,90.0,0
Mumbai,18.0,86600.0,910.0,90.0,2
Bhopal,35.0,82400.0,950.0,130.0,2
Hyderabad,18.0,73800.0,780.0,130.0,2
Bhubaneswar,38.0,51500.0,170.0,300.0,0
Ahmedabad,25.0,6900.0,320.0,130.0,0
Bengaluru,38.0,97200.0,830.0,700.0,1
Mumbai,30.0,12200.0,720.0,300.0,0
Kolkata,18.0,7500.0,100.0,90.0,0
Bhubaneswar,31.0,62000.0,520.0,90.0,0
Delhi,28.0,15400.0,190.0,300.0,0
Chandigarh,31.0,53900.0,330.0,300.0,0
Lucknow,21.0,45800.0,250.0,300.0,0
Visakhapatnam,43.0,101400.0,220.0,90.0,2
Nagpur,29.0,31700.0,160.0,300.0,0
Bengaluru,26.0,28800.0,450.0,90.0,0
Bhubaneswar,40.0,109900.0,550.0,130.0,2
Ahmedabad,18.0,29700.0,380.0,300.0,0
Lucknow,43.0,96400.0,210.0,130.0,2
Mumbai,30.0,122100.0,820.0,450.0,2
Bengaluru,35.0,58100.0,550.0,450.0,1
Bengaluru,31.0,46700.0,260.0,130.0,0
Chennai,45.0,75200.0,540.0,300.0,2
Indore,27.0,9600.0,770.0,300.0,0
Lucknow,32.0,87400.0,770.0,300.0,2
Surat,39.0,109600.0,1090.0,130.0,2
Delhi,28.0,9100.0,580.0,130.0,0
Coimbatore,26.0,8400.0,740.0,130.0,0
Pune,31.0,61900.0,300.0,300.0,0
Bhopal,31.0,34100.0,440.0,300.0,0
Chandigarh,42.0,44000.0,460.0,90.0,0
Chennai,29.0,25200.0,500.0,700.0,1
Kochi,23.0,6600.0,410.0,130.0,0
Kolkata,18.0,27500.0,330.0,300.0,0
Visakhapatnam,23.0,22000.0,700.0,90.0,0
Kochi,35.0,12000.0,520.0,130.0,0
Bengaluru,29.0,6600.0,370.0,130.0,0
Chandigarh,18.0,45400.0,620.0,130.0,0
Jaipur,28.0,10600.0,640.0,450.0,1
Delhi,38.0,67300.0,440.0,450.0,1
Lucknow,25.0,57000.0,1310.0,300.0,2
Delhi,42.0,47900.0,150.0,130.0,0
Bhopal,45.0,76800.0,840.0,300.0,2
Delhi,38.0,17100.0,440.0,300.0,0
Kochi,20.0,26000.0,730.0,130.0,0
Patna,28.0,45100.0,690.0,300.0,0
Pune,29.0,34200.0,400.0,90.0,0
Delhi,20.0,31000.0,220.0,300.0,0
Pune,23.0,42700.0,170.0,130.0,0
Ahmedabad,20.0,52900.0,1110.0,90.0,2
Mumbai,26.0,65200.0,370.0,130.0,0
Hyderabad,35.0,11600.0,600.0,300.0,0
Lucknow,27.0,124800.0,240.0,130.0,2
Bengaluru,18.0,67200.0,430.0,90.0,0
Chennai,34.0,28200.0,120.0,130.0,0
Coimbatore,20.0,8800.0,370.0,130.0,0
Pune,33.0,43900.0,1010.0,300.0,2
Bengaluru,18.0,6600.0,800.0,300.0,0
Surat,30.0,52300.0,570.0,130.0,0
Delhi,19.0,46900.0,910.0,700.0,1
Pune,31.0,32900.0,750.0,130.0,0
Hyderabad,36.0,47400.0,570.0,90.0,0
Lucknow,18.0,68900.0,180.0,300.0,0
Surat,31.0,80500.0,640.0,700.0,1
Coimbatore,18.0,80500.0,180.0,300.0,0
Delhi,50.0,67400.0,190.0,90.0,0
Chandigarh,27.0,37700.0,500.0,300.0,0
Chennai,53.0,146300.0,1800.0,700.0,2
Bengaluru,46.0,68200.0,780.0,450.0,2
Kochi,38.0,11100.0,250.0,700.0,1
Kochi,39.0,92500.0,730.0,300.0,2
Mumbai,38.0,80200.0,530.0,700.0,1
Coimbatore,26.0,82100.0,370.0,130.0,2
Indore,18.0,74500.0,910.0,90.0,2
Jaipur,41.0,11300.0,500.0,700.0,1
Pune,22.0,77400.0,730.0,700.0,1
Kolkata,28.0,11100.0,450.0,90.0,0
Chandigarh,38.0,58600.0,430.0,90.0,0
Jaipur,32.0,8300.0,230.0,300.0,0
Pune,28.0,80200.0,1320.0,130.0,2
Delhi,28.0,69700.0,1210.0,130.0,2
Indore,24.0,54200.0,400.0,300.0,0
Jaipur,23.0,59900.0,420.0,450.0,1
Coimbatore,29.0,30300.0,360.0,90.0,0
Visakhapatnam,32.0,15200.0,190.0,130.0,0
Nagpur,38.0,62500.0,1100.0,300.0,2
Jaipur,26.0,24800.0,240.0,130.0,0
Ahmedabad,47.0,83500.0,400.0,300.0,2
Lucknow,23.0,69100.0,610.0,90.0,2
Hyderabad,34.0,91900.0,500.0,130.0,2
Pune,41.0,63000.0,650.0,130.0,2
Visakhapatnam,22.0,27800.0,300.0,700.0,1
Delhi,25.0,8400.0,860.0,130.0,0
Indore,21.0,36800.0,400.0,300.0,0
Delhi,18.0,29100.0,730.0,130.0,0
Kolkata,18.0,34900.0,620.0,300.0,0
Mumbai,37.0,28800.0,480.0,450.0,1
Chennai,26.0,99900.0,230.0,300.0,2
Ahmedabad,38.0,62300.0,860.0,450.0,2
Kochi,24.0,28300.0,460.0,130.0,0
Pune,31.0,57100.0,580.0,450.0,1
Pune,38.0,103800.0,390.0,130.0,2
Patna,18.0,36700.0,590.0,130.0,0
Coimbatore,22.0,36700.0,190.0,300.0,0
Nagpur,28.0,42000.0,430.0,300.0,0
Delhi,35.0,39000.0,290.0,450.0,1
Mumbai,24.0,59200.0,480.0,130.0,0
Bhopal,26.0,50500.0,360.0,90.0,0
Bengaluru,44.0,64700.0,730.0,130.0,2
Delhi,32.0,74100.0,740.0,130.0,2
Bhopal,26.0,51600.0,280.0,300.0,0
Kochi,36.0,13000.0,390.0,300.0,0
Chennai,36.0,45300.0,710.0,90.0,0
Mumbai,33.0,43100.0,430.0,700.0,1
Bhopal,34.0,10500.0,680.0,300.0,0
Chandigarh,28.0,56400.0,820.0,300.0,2
Mumbai,37.0,83600.0,360.0,450.0,1
Pune,23.0,11100.0,540.0,90.0,0
Mumbai,53.0,58100.0,790.0,300.0,2
Hyderabad,38.0,45700.0,630.0,90.0,0
Visakhapatnam,29.0,21200.0,270.0,90.0,0
Jaipur,22.0,39500.0,690.0,90.0,0
Nagpur,33.0,52900.0,920.0,130.0,2
Mumbai,36.0,85900.0,380.0,300.0,2
Mumbai,36.0,51600.0,600.0,130.0,0
Hyderabad,30.0,73000.0,1310.0,300.0,2
Ahmedabad,24.0,6900.0,370.0,90.0,0
Bhubaneswar,35.0,75300.0,560.0,130.0,2
Delhi,35.0,45100.0,720.0,300.0,0
Bhubaneswar,22.0,45600.0,420.0,300.0,0
Pune,33.0,57800.0,600.0,300.0,2
Kolkata,26.0,74100.0,450.0,130.0,2
Chandigarh,36.0,56600.0,230.0,300.0,0
Kolkata,37.0,13500.0,750.0,90.0,0
Delhi,18.0,7400.0,240.0,130.0,0
Hyderabad,25.0,7200.0,190.0,300.0,0
Kochi,29.0,29600.0,140.0,130.0,0
Hyderabad,40.0,32900.0,1280.0,450.0,2
Nagpur,38.0,10400.0,420.0,700.0,1
Jaipur,30.0,60900.0,960.0,130.0,2
Lucknow,18.0,7800.0,130.0,700.0,1
Pune,51.0,63100.0,650.0,300.0,2
Delhi,37.0,83700.0,380.0,130.0,2
Bengaluru,26.0,47000.0,340.0,300.0,0
Pune,39.0,39900.0,1140.0,130.0,2
Chandigarh,23.0,63700.0,390.0,90.0,0
Indore,40.0,58900.0,590.0,300.0,2
Pune,39.0,51600.0,970.0,90.0,2
Chandigarh,33.0,9700.0,380.0,300.0,0
Surat,19.0,52300.0,310.0,90.0,0
Pune,18.0,35800.0,670.0,300.0,0
Kolkata,24.0,8700.0,680.0,130.0,0
Indore,47.0,87900.0,380.0,300.0,2
Bengaluru,22.0,40100.0,780.0,90.0,0
Bengaluru,30.0,11500.0,810.0,700.0,1
Coimbatore,27.0,84500.0,530.0,300.0,2
Bhubaneswar,37.0,9900.0,240.0,300.0,0
Chennai,27.0,7800.0,200.0,90.0,0
Visakhapatnam,25.0,61900.0,960.0,300.0,2
Pune,27.0,16100.0,400.0,450.0,1
Jaipur,22.0,6800.0,300.0,300.0,0
Indore,18.0,11100.0,570.0,700.0,1
Hyderabad,30.0,7400.0,560.0,90.0,0
Mumbai,20.0,27500.0,160.0,300.0,0
Bengaluru,25.0,84700.0,660.0,300.0,2
Mumbai,18.0,44900.0,560.0,130.0,0
Pune,35.0,43800.0,580.0,300.0,0
Surat,28.0,92300.0,370.0,450.0,1
Delhi,30.0,11500.0,410.0,300.0,0
Chennai,29.0,14900.0,490.0,450.0,1
Lucknow,29.0,69800.0,520.0,90.0,2
Bengaluru,36.0,39600.0,390.0,130.0,0
Patna,50.0,10100.0,370.0,300.0,0
Indore,38.0,49500.0,790.0,130.0,2
Mumbai,30.0,42900.0,290.0,130.0,0
Mumbai,30.0,8200.0,590.0,90.0,0
Hyderabad,18.0,52300.0,810.0,130.0,2
Kochi,29.0,7000.0,300.0,130.0,0
Coimbatore,26.0,9500.0,830.0,300.0,0
Bengaluru,28.0,71800.0,460.0,300.0,2
Chennai,18.0,45900.0,510.0,300.0,0
Hyderabad,48.0,131100.0,970.0,90.0,2
Bengaluru,33.0,36800.0,800.0,130.0,0
Bhubaneswar,35.0,85300.0,1500.0,130.0,2
Pune,32.0,43200.0,910.0,130.0,2
Lucknow,30.0,59100.0,430.0,300.0,0
Delhi,22.0,7300.0,130.0,450.0,1
Mumbai,32.0,88600.0,740.0,90.0,2
Indore,35.0,60600.0,480.0,130.0,0
Pune,36.0,65100.0,410.0,90.0,0
Lucknow,33.0,79700.0,500.0,300.0,2
Bhubaneswar,32.0,53800.0,300.0,130.0,0
Bhubaneswar,44.0,11600.0,560.0,300.0,0
Bengaluru,19.0,43200.0,500.0,130.0,0
Nagpur,29.0,46800.0,880.0,130.0,2
Kolkata,32.0,81100.0,1500.0,300.0,2
Chandigarh,29.0,9100.0,490.0,300.0,0
Indore,44.0,103000.0,540.0,300.0,2
Ahmedabad,59.0,79300.0,270.0,300.0,0
Coimbatore,37.0,62500.0,440.0,300.0,0
Bengaluru,20.0,44200.0,220.0,300.0,0
Jaipur,18.0,11700.0,500.0,300.0,0
Surat,30.0,72100.0,450.0,300.0,2
Hyderabad,34.0,34900.0,1430.0,130.0,2
Visakhapatnam,28.0,30500.0,490.0,90.0,0
Nagpur,46.0,25300.0,230.0,130.0,0
Visakhapatnam,38.0,38800.0,720.0,130.0,0
Coimbatore,18.0,47300.0,270.0,130.0,0
Ahmedabad,18.0,77200.0,410.0,300.0,2
Delhi,25.0,39100.0,510.0,130.0,0
Coimbatore,18.0,64900.0,830.0,90.0,2
Surat,48.0,38700.0,270.0,300.0,0
Bhubaneswar,34.0,95600.0,270.0,450.0,1
Delhi,25.0,45500.0,390.0,300.0,0
Hyderabad,39.0,80700.0,770.0,450.0,2
Mumbai,40.0,13400.0,530.0,450.0,1
Hyderabad,19.0,37200.0,550.0,130.0,0
Bengaluru,31.0,111300.0,890.0,90.0,2
Hyderabad,30.0,51700.0,330.0,450.0,1
Bhopal,19.0,46800.0,400.0,90.0,0
Nagpur,39.0,11000.0,310.0,130.0,0
Jaipur,26.0,26900.0,530.0,90.0,0
Delhi,24.0,32400.0,500.0,90.0,0
Hyderabad,38.0,74000.0,1410.0,130.0,2
Bengaluru,34.0,44500.0,1000.0,130.0,2
Bengaluru,30.0,31600.0,830.0,130.0,0
Chandigarh,31.0,38200.0,150.0,300.0,0
Delhi,27.0,38600.0,430.0,300.0,0
Jaipur,18.0,46800.0,420.0,90.0,0
Jaipur,31.0,10300.0,550.0,130.0,0
Visakhapatnam,36.0,58500.0,390.0,450.0,1
Bhubaneswar,37.0,35800.0,470.0,450.0,1
Pune,31.0,75100.0,610.0,300.0,2
Hyderabad,43.0,30300.0,390.0,300.0,0
Pune,25.0,88200.0,340.0,450.0,1
Bhopal,18.0,65900.0,1220.0,130.0,2
Hyderabad,45.0,12200.0,600.0,300.0,0
Visakhapatnam,37.0,75000.0,630.0,300.0,2
Pune,21.0,27500.0,480.0,300.0,0
Delhi,43.0,84400.0,1210.0,300.0,2
Mumbai,26.0,12100.0,320.0,300.0,0
Ahmedabad,34.0,60800.0,280.0,90.0,0
Patna,23.0,53400.0,390.0,130.0,0
Lucknow,29.0,92700.0,480.0,700.0,1
Mumbai,26.0,52600.0,370.0,300.0,0
Hyderabad,27.0,27500.0,250.0,700.0,1
Delhi,26.0,41500.0,350.0,300.0,0
Bhopal,22.0,77300.0,540.0,130.0,2
Indore,18.0,6600.0,200.0,300.0,0
Mumbai,33.0,70300.0,640.0,450.0,1
Jaipur,40.0,12300.0,240.0,130.0,0
Bengaluru,34.0,6600.0,150.0,90.0,0
Indore,22.0,52300.0,280.0,130.0,0
Chandigarh,26.0,94000.0,460.0,90.0,2
Bengaluru,50.0,58400.0,480.0,450.0,1
Bengaluru,35.0,35200.0,550.0,130.0,0
Bengaluru,35.0,11100.0,440.0,90.0,0
Hyderabad,40.0,88600.0,1090.0,90.0,2
Bhubaneswar,25.0,49700.0,920.0,130.0,2
Delhi,25.0,10300.0,390.0,90.0,0
Hyderabad,28.0,10400.0,710.0,300.0,0
Delhi,40.0,106600.0,350.0,90.0,2
Chennai,35.0,42200.0,260.0,300.0,0
Pune,24.0,38300.0,770.0,130.0,0
Chandigarh,20.0,62700.0,600.0,130.0,2
Hyderabad,20.0,33300.0,540.0,130.0,0
Pune,37.0,88100.0,1280.0,300.0,2
Patna,34.0,111500.0,660.0,90.0,2
Mumbai,18.0,66300.0,1640.0,300.0,2
Bengaluru,26.0,30700.0,920.0,90.0,0
Nagpur,44.0,59100.0,770.0,700.0,1
Chennai,20.0,96600.0,800.0,130.0,2
Kolkata,32.0,13600.0,300.0,300.0,0
Chandigarh,32.0,59600.0,790.0,300.0,2
Lucknow,18.0,45900.0,230.0,90.0,0
Ahmedabad,46.0,35400.0,460.0,450.0,1
Kolkata,31.0,32100.0,390.0,300.0,0
Kochi,18.0,10800.0,170.0,300.0,0
Mumbai,36.0,46800.0,890.0,700.0,1
Bengaluru,32.0,94500.0,1200.0,130.0,2
Lucknow,34.0,94500.0,520.0,300.0,2
Delhi,30.0,71500.0,750.0,90.0,2
Hyderabad,34.0,84800.0,330.0,300.0,2
Delhi,21.0,85100.0,960.0,90.0,2
Hyderabad,42.0,60800.0,300.0,90.0,0
Bhubaneswar,33.0,59700.0,460.0,130.0,0
Coimbatore,19.0,80700.0,670.0,450.0,2
Bhubaneswar,45.0,14200.0,470.0,700.0,1
Lucknow,33.0,112700.0,800.0,300.0,2
Indore,30.0,9500.0,200.0,90.0,0
Chennai,26.0,71500.0,740.0,450.0,2
Chandigarh,33.0,90900.0,1130.0,450.0,2
Lucknow,21.0,44500.0,640.0,130.0,0
Lucknow,34.0,106600.0,690.0,300.0,2
Mumbai,35.0,26800.0,930.0,130.0,0
Pune,26.0,11600.0,390.0,300.0,0
Chennai,49.0,116300.0,1260.0,450.0,2
Bhopal,23.0,55800.0,1270.0,130.0,2
Hyderabad,30.0,11100.0,480.0,90.0,0
Kolkata,36.0,58700.0,930.0,300.0,2
Chennai,38.0,16000.0,210.0,90.0,0
Delhi,34.0,43900.0,720.0,450.0,1
Mumbai,20.0,9200.0,640.0,130.0,0
Mumbai,29.0,14600.0,490.0,90.0,0
Surat,38.0,69400.0,190.0,300.0,0
Chennai,39.0,73600.0,350.0,130.0,0
Bengaluru,24.0,23800.0,530.0,130.0,0
Jaipur,36.0,12400.0,1090.0,90.0,0
Pune,33.0,45000.0,1110.0,450.0,2
Bhopal,25.0,47100.0,930.0,90.0,2
Kochi,34.0,132100.0,1140.0,700.0,2
Surat,30.0,91300.0,1050.0,300.0,2
Patna,37.0,42800.0,980.0,450.0,1
Hyderabad,20.0,29600.0,300.0,700.0,1
Nagpur,33.0,79700.0,730.0,130.0,2
Mumbai,36.0,52400.0,270.0,700.0,1
Hyderabad,32.0,42200.0,400.0,300.0,0
Hyderabad,18.0,11900.0,590.0,300.0,0
Pune,36.0,74900.0,200.0,300.0,0
Delhi,30.0,10700.0,370.0,300.0,0
Pune,41.0,15000.0,1100.0,300.0,0
Mumbai,35.0,97000.0,360.0,300.0,2
Mumbai,30.0,51800.0,420.0,130.0,0
Hyderabad,18.0,64800.0,1070.0,300.0,2
Jaipur,23.0,37600.0,780.0,300.0,0
Bhubaneswar,42.0,10000.0,260.0,130.0,0
Lucknow,27.0,69600.0,540.0,450.0,1
Jaipur,31.0,52300.0,490.0,450.0,1
Delhi,21.0,25800.0,550.0,700.0,1
Lucknow,23.0,51300.0,460.0,450.0,1
Kolkata,45.0,16900.0,610.0,130.0,0
Hyderabad,23.0,37500.0,970.0,130.0,2
Chandigarh,31.0,6800.0,220.0,130.0,0
Delhi,19.0,6600.0,220.0,450.0,1
Hyderabad,26.0,35100.0,440.0,450.0,1
Hyderabad,56.0,16500.0,220.0,300.0,0
Ahmedabad,30.0,45900.0,850.0,130.0,2
Delhi,29.0,60400.0,570.0,130.0,0
Ahmedabad,18.0,34900.0,350.0,90.0,0
Pune,36.0,71900.0,990.0,450.0,2
Visakhapatnam,18.0,11400.0,540.0,130.0,0
Chennai,20.0,46800.0,450.0,300.0,0
Visakhapatnam,19.0,6600.0,280.0,300.0,0
Hyderabad,40.0,95100.0,600.0,300.0,2
Bengaluru,34.0,82900.0,790.0,300.0,2
Hyderabad,31.0,94600.0,840.0,130.0,2
Hyderabad,21.0,32800.0,640.0,130.0,0
Patna,31.0,12300.0,310.0,700.0,1
Lucknow,18.0,42000.0,510.0,300.0,0
Jaipur,26.0,44000.0,280.0,450.0,1
Lucknow,18.0,53900.0,250.0,130.0,0
Coimbatore,32.0,109100.0,710.0,130.0,2
Indore,38.0,63300.0,270.0,700.0,1
Patna,30.0,44800.0,720.0,130.0,0
Bengaluru,20.0,9500.0,110.0,130.0,0
Hyderabad,18.0,10300.0,560.0,700.0,1
Bengaluru,18.0,61900.0,410.0,450.0,1
Pune,35.0,27800.0,1340.0,700.0,1
Mumbai,29.0,8300.0,250.0,300.0,0
Patna,24.0,36900.0,290.0,130.0,0
Bengaluru,28.0,72900.0,550.0,130.0,2
Hyderabad,20.0,49600.0,420.0,450.0,1
Indore,29.0,12300.0,210.0,300.0,0
Mumbai,43.0,124400.0,630.0,300.0,2
Lucknow,22.0,41100.0,260.0,130.0,0
Indore,33.0,90700.0,250.0,700.0,1
Chennai,35.0,57400.0,460.0,300.0,0
Kochi,18.0,19700.0,350.0,90.0,0
Mumbai,34.0,37300.0,230.0,300.0,0
Kolkata,24.0,53700.0,440.0,450.0,1
Jaipur,29.0,12500.0,220.0,130.0,0
Chennai,38.0,47900.0,730.0,130.0,0
Mumbai,37.0,86400.0,1890.0,300.0,2
Chennai,24.0,56000.0,490.0,300.0,0
Nagpur,26.0,67500.0,360.0,130.0,0
Lucknow,35.0,50200.0,450.0,300.0,0
Bengaluru,19.0,49200.0,550.0,450.0,1
Coimbatore,30.0,35800.0,830.0,130.0,0
Jaipur,18.0,11400.0,640.0,130.0,0
Pune,38.0,39600.0,220.0,300.0,0
Ahmedabad,36.0,72900.0,1070.0,450.0,2
Bhubaneswar,19.0,27500.0,320.0,300.0,0
Kolkata,24.0,36500.0,290.0,130.0,0
Ahmedabad,30.0,34800.0,840.0,130.0,0
Coimbatore,24.0,37600.0,240.0,450.0,1
Bengaluru,26.0,33400.0,750.0,450.0,1
Nagpur,27.0,78200.0,540.0,450.0,1
Bengaluru,36.0,78000.0,1340.0,90.0,2
Patna,33.0,94900.0,860.0,300.0,2
Jaipur,18.0,53600.0,800.0,300.0,2
Surat,37.0,33900.0,830.0,90.0,0
Bengaluru,36.0,39800.0,180.0,130.0,0
Nagpur,39.0,118100.0,900.0,130.0,2
Delhi,37.0,9500.0,300.0,130.0,0
Patna,35.0,50100.0,1100.0,130.0,2
Chandigarh,33.0,9400.0,530.0,90.0,0
Chandigarh,30.0,102800.0,290.0,300.0,2
Mumbai,36.0,44500.0,390.0,130.0,0
Pune,28.0,74100.0,770.0,300.0,2
Bhopal,36.0,58600.0,750.0,300.0,2
Kolkata,35.0,115000.0,1470.0,300.0,2
Bhubaneswar,38.0,106200.0,430.0,90.0,2
Kochi,18.0,60900.0,580.0,300.0,2
Lucknow,29.0,71400.0,640.0,450.0,1
Delhi,30.0,39700.0,470.0,300.0,0
Kolkata,27.0,46700.0,440.0,300.0,0
Ahmedabad,27.0,12600.0,220.0,300.0,0
Mumbai,36.0,87600.0,400.0,700.0,1
Chandigarh,31.0,66100.0,380.0,130.0,0
Jaipur,23.0,36200.0,620.0,90.0,0
Hyderabad,18.0,46900.0,640.0,130.0,0
Kochi,26.0,11600.0,330.0,130.0,0
Delhi,46.0,116100.0,710.0,300.0,2
Coimbatore,34.0,27200.0,230.0,300.0,0
Delhi,25.0,48900.0,840.0,450.0,1
Nagpur,41.0,37800.0,1520.0,300.0,2
Visakhapatnam,34.0,10400.0,330.0,90.0,0
Bhopal,18.0,43400.0,340.0,130.0,0
Chennai,18.0,27500.0,440.0,300.0,0
Hyderabad,38.0,77200.0,420.0,130.0,2
Chandigarh,35.0,70800.0,890.0,300.0,2
Jaipur,38.0,11200.0,320.0,300.0,0
Kolkata,22.0,89200.0,520.0,450.0,2
Lucknow,18.0,41900.0,1090.0,90.0,2
Hyderabad,18.0,27900.0,760.0,130.0,0
Chennai,32.0,90800.0,920.0,300.0,2
Mumbai,37.0,46900.0,760.0,130.0,0
Mumbai,27.0,56000.0,410.0,300.0,0
Chennai,35.0,52400.0,290.0,300.0,0
Jaipur,30.0,14200.0,530.0,300.0,0
Nagpur,23.0,27500.0,490.0,300.0,0
Pune,44.0,13500.0,470.0,130.0,0
Patna,32.0,78000.0,380.0,300.0,2
Mumbai,22.0,50000.0,690.0,300.0,2
Chennai,21.0,51100.0,640.0,90.0,0
Bhubaneswar,32.0,46400.0,1240.0,300.0,2
Indore,41.0,10400.0,160.0,90.0,0
Ahmedabad,21.0,39400.0,870.0,300.0,2
Lucknow,40.0,59500.0,350.0,130.0,0
Mumbai,50.0,99200.0,530.0,300.0,2
Hyderabad,54.0,15600.0,500.0,90.0,0
Mumbai,25.0,6600.0,270.0,130.0,0
Bengaluru,29.0,52800.0,500.0,130.0,0
Lucknow,43.0,11600.0,420.0,450.0,1
Mumbai,34.0,10900.0,630.0,450.0,1
Bhubaneswar,30.0,28800.0,330.0,130.0,0
Chandigarh,31.0,34600.0,690.0,300.0,0
Mumbai,18.0,9800.0,740.0,300.0,0
Bhopal,34.0,79600.0,360.0,300.0,2
Bengaluru,34.0,48300.0,170.0,90.0,0
Bhubaneswar,18.0,6600.0,330.0,300.0,0
Kochi,46.0,8000.0,300.0,90.0,0
Visakhapatnam,30.0,12000.0,210.0,300.0,0
Patna,32.0,47600.0,1110.0,130.0,2
Nagpur,33.0,12400.0,680.0,700.0,1
Patna,41.0,58900.0,410.0,300.0,0
Bengaluru,39.0,76500.0,520.0,450.0,1
Lucknow,47.0,46600.0,880.0,90.0,2
Mumbai,42.0,46700.0,1200.0,130.0,2
Surat,38.0,93400.0,1280.0,130.0,2
Kochi,37.0,92300.0,750.0,450.0,2
Surat,26.0,54700.0,380.0,130.0,0
Ahmedabad,31.0,28300.0,240.0,700.0,1
Jaipur,30.0,25700.0,1210.0,700.0,1
Indore,37.0,42600.0,550.0,130.0,0
Jaipur,35.0,56000.0,300.0,300.0,0
